app_id,app_name,developer,category,mrr_usd,category_rank,current_version,version_release_date,versions_count,onboarding_count,walkthrough_count,paywall_type,pricing,pricing_group_count,markdown_path,paywall_image,featured_image,screenshot_images,paywallpro_url,full_gallery_url,last_generated_at
"544007664","YouTube","Google","Photo & Video","3071385","1","21.11.4","2026-03-15","10","0","9","No Free Trial - Soft Paywall","1 offer set across month","1","apps/youtube-544007664.md","screenshots/youtube-544007664/cover.webp","screenshots/youtube-544007664/cover.webp","screenshots/youtube-544007664/paywall-screen-2.webp|screenshots/youtube-544007664/paywall-screen-3.webp","https://www.paywallpro.app/apps/YouTube-us?id=2&utm_source=github&utm_medium=open_dataset&utm_campaign=paywall_gallery","https://www.paywallpro.app/apps/YouTube-us?id=2&utm_source=github&utm_medium=open_dataset&utm_campaign=paywall_gallery","2026-08-26"
"686449807","Telegram Messenger","Telegram FZ-LLC","Social Networking","2130475","5","12.2.4","2025-12-12","2","5","0","No Free Trial - Soft Paywall","1 offer set across week","1","apps/telegram-messenger-686449807.md","screenshots/telegram-messenger-686449807/cover.webp","screenshots/telegram-messenger-686449807/cover.webp","screenshots/telegram-messenger-686449807/paywall-screen-2.webp|screenshots/telegram-messenger-686449807/paywall-screen-3.webp","https://www.paywallpro.app/apps/Telegram-Messenger-us?id=205&utm_source=github&utm_medium=open_dataset&utm_campaign=paywall_gallery","https://www.paywallpro.app/apps/Telegram-Messenger-us?id=205&utm_source=github&utm_medium=open_dataset&utm_campaign=paywall_gallery","2026-08-26"
"389781154","NFL","NFL Enterprises LLC","Sports","2042041","9","60.0.22","2025-12-23","2","8","4","No Free Trial - Soft Paywall","1 offer set across month, year","1","apps/nfl-389781154.md","screenshots/nfl-389781154/cover.webp","screenshots/nfl-389781154/cover.webp","screenshots/nfl-389781154/paywall-screen-2.webp|screenshots/nfl-389781154/paywall-screen-3.webp","https://www.paywallpro.app/apps/NFL-us?id=69&utm_source=github&utm_medium=open_dataset&utm_campaign=paywall_gallery","https://www.paywallpro.app/apps/NFL-us?id=69&utm_source=github&utm_medium=open_dataset&utm_campaign=paywall_gallery","2026-08-26"
"284862083","NYTimes: US and Global News","The New York Times Company","News","1477120","1","11.63.0","2026-02-25","3","6","7","No Free Trial - Soft Paywall","2 offer sets across month, year","2","apps/nytimes-us-and-global-news-284862083.md","screenshots/nytimes-us-and-global-news-284862083/cover.webp","screenshots/nytimes-us-and-global-news-284862083/cover.webp","screenshots/nytimes-us-and-global-news-284862083/paywall-monthly-1-49-5-99-3-99-29-99.webp|screenshots/nytimes-us-and-global-news-284862083/paywall-monthly-1-49-5-99-3-99-29-99-2.webp","https://www.paywallpro.app/apps/NYTimes:-US-and-Global-News-us?id=65&utm_source=github&utm_medium=open_dataset&utm_campaign=paywall_gallery","https://www.paywallpro.app/apps/NYTimes:-US-and-Global-News-us?id=65&utm_source=github&utm_medium=open_dataset&utm_campaign=paywall_gallery","2026-08-26"
"578830929","MileIQ: Mileage Tracker & Log","MileIQ Inc.","Finance","1260616","178","5.43.0","2026-01-16","5","13","15","Free Trial - Soft Paywall","1 offer set across month, year","1","apps/mileiq-mileage-tracker-and-log-578830929.md","screenshots/mileiq-mileage-tracker-and-log-578830929/cover.webp","screenshots/mileiq-mileage-tracker-and-log-578830929/cover.webp","screenshots/mileiq-mileage-tracker-and-log-578830929/paywall-screen-2.webp|screenshots/mileiq-mileage-tracker-and-log-578830929/paywall-screen-3.webp","https://www.paywallpro.app/apps/MileIQ:-Mileage-Tracker-&-Log-us?id=64&utm_source=github&utm_medium=open_dataset&utm_campaign=paywall_gallery","https://www.paywallpro.app/apps/MileIQ:-Mileage-Tracker-&-Log-us?id=64&utm_source=github&utm_medium=open_dataset&utm_campaign=paywall_gallery","2026-08-26"
"546473125","Quizlet: More than Flashcards","Quizlet Inc","Education","1157106","11","10.21","2026-01-28","4","11","5","Free Trial - Soft Paywall","1 offer set across month, year","1","apps/quizlet-more-than-flashcards-546473125.md","screenshots/quizlet-more-than-flashcards-546473125/cover.webp","screenshots/quizlet-more-than-flashcards-546473125/cover.webp","screenshots/quizlet-more-than-flashcards-546473125/paywall-screen-2.webp|screenshots/quizlet-more-than-flashcards-546473125/paywall-screen-3.webp","https://www.paywallpro.app/apps/Quizlet:-More-than-Flashcards-us?id=139&utm_source=github&utm_medium=open_dataset&utm_campaign=paywall_gallery","https://www.paywallpro.app/apps/Quizlet:-More-than-Flashcards-us?id=139&utm_source=github&utm_medium=open_dataset&utm_campaign=paywall_gallery","2026-08-26"
"913943275","TIDAL Music: HiFi Sound","TIDAL Music AS","Music","1028634","54","2.142.0","2024-12-04","1","5","0","Free Trial - Soft Paywall","2 offer sets across month","2","apps/tidal-music-hifi-sound-913943275.md","screenshots/tidal-music-hifi-sound-913943275/cover.webp","screenshots/tidal-music-hifi-sound-913943275/cover.webp","screenshots/tidal-music-hifi-sound-913943275/paywall-monthly-22-99.webp|screenshots/tidal-music-hifi-sound-913943275/paywall-screen-3.webp","https://www.paywallpro.app/apps/TIDAL-Music:-HiFi-Sound-us?id=86&utm_source=github&utm_medium=open_dataset&utm_campaign=paywall_gallery","https://www.paywallpro.app/apps/TIDAL-Music:-HiFi-Sound-us?id=86&utm_source=github&utm_medium=open_dataset&utm_campaign=paywall_gallery","2026-08-26"
"792750948","Peloton: Fitness & Workouts","Peloton Interactive, Inc.","Health & Fitness","1006946","118","15.115.1","2025-10-06","3","0","10","No Free Trial - Soft Paywall","1 offer set across month, year","1","apps/peloton-fitness-and-workouts-792750948.md","screenshots/peloton-fitness-and-workouts-792750948/cover.webp","screenshots/peloton-fitness-and-workouts-792750948/cover.webp","screenshots/peloton-fitness-and-workouts-792750948/paywall-screen-2.webp|screenshots/peloton-fitness-and-workouts-792750948/paywall-screen-3.webp","https://www.paywallpro.app/apps/Peloton:-Fitness-&-Workouts-us?id=49&utm_source=github&utm_medium=open_dataset&utm_campaign=paywall_gallery","https://www.paywallpro.app/apps/Peloton:-Fitness-&-Workouts-us?id=49&utm_source=github&utm_medium=open_dataset&utm_campaign=paywall_gallery","2026-08-26"
"878783582","Lightroom: AI Photo Editor","Adobe Inc.","Photo & Video","1005371","13","11.1.1","2026-01-20","2","8","4","Free Trial - Soft Paywall","1 offer set across month, year","1","apps/lightroom-ai-photo-editor-878783582.md","screenshots/lightroom-ai-photo-editor-878783582/cover.webp","screenshots/lightroom-ai-photo-editor-878783582/cover.webp","screenshots/lightroom-ai-photo-editor-878783582/paywall-screen-2.webp|screenshots/lightroom-ai-photo-editor-878783582/paywall-screen-3.webp","https://www.paywallpro.app/apps/Lightroom:-AI-Photo-Editor-us?id=116&utm_source=github&utm_medium=open_dataset&utm_campaign=paywall_gallery","https://www.paywallpro.app/apps/Lightroom:-AI-Photo-Editor-us?id=116&utm_source=github&utm_medium=open_dataset&utm_campaign=paywall_gallery","2026-08-26"
"547702041","Tinder Dating App: Date & Chat","Tinder LLC","Lifestyle","921498","1","15.10.1","2024-06-06","1","0","0","No Free Trial - Soft Paywall","3 offer sets across week, month, half year","3","apps/tinder-dating-app-date-and-chat-547702041.md","screenshots/tinder-dating-app-date-and-chat-547702041/cover.webp","screenshots/tinder-dating-app-date-and-chat-547702041/cover.webp","screenshots/tinder-dating-app-date-and-chat-547702041/paywall-weekly-24-99.webp|screenshots/tinder-dating-app-date-and-chat-547702041/paywall-weekly-12-99.webp","https://www.paywallpro.app/apps/Tinder-Dating-App:-Date-&-Chat-us?id=3&utm_source=github&utm_medium=open_dataset&utm_campaign=paywall_gallery","https://www.paywallpro.app/apps/Tinder-Dating-App:-Date-&-Chat-us?id=3&utm_source=github&utm_medium=open_dataset&utm_campaign=paywall_gallery","2026-08-26"
"281935788","epocrates: Drug Info & Pill ID","Epocrates","Medical","908377","139","24.5.1","2024-05-28","2","6","0","Free Trial - Soft Paywall","1 offer set across month, year","1","apps/epocrates-drug-info-and-pill-id-281935788.md","screenshots/epocrates-drug-info-and-pill-id-281935788/cover.webp","screenshots/epocrates-drug-info-and-pill-id-281935788/cover.webp","screenshots/epocrates-drug-info-and-pill-id-281935788/paywall-screen-2.webp|screenshots/epocrates-drug-info-and-pill-id-281935788/paywall-screen-3.webp","https://www.paywallpro.app/apps/epocrates:-Drug-Info-&-Pill-ID-us?id=151&utm_source=github&utm_medium=open_dataset&utm_campaign=paywall_gallery","https://www.paywallpro.app/apps/epocrates:-Drug-Info-&-Pill-ID-us?id=151&utm_source=github&utm_medium=open_dataset&utm_campaign=paywall_gallery","2026-08-26"
"493619333","MLB","MLB","Sports","870764","11","24.21.0","2024-10-31","1","5","0","No Free Trial - Soft Paywall","1 offer set across month","1","apps/mlb-493619333.md","screenshots/mlb-493619333/cover.webp","screenshots/mlb-493619333/cover.webp","screenshots/mlb-493619333/paywall-screen-2.webp|screenshots/mlb-493619333/paywall-screen-3.webp","https://www.paywallpro.app/apps/MLB-us?id=11&utm_source=github&utm_medium=open_dataset&utm_campaign=paywall_gallery","https://www.paywallpro.app/apps/MLB-us?id=11&utm_source=github&utm_medium=open_dataset&utm_campaign=paywall_gallery","2026-08-26"
"1019442026","Simply Piano: Learn Piano Fast","Simply Ltd","Education","852927","32","9.10.37","2025-10-05","2","0","17","Free Trial - Soft Paywall","3 offer sets across month, year","3","apps/simply-piano-learn-piano-fast-1019442026.md","screenshots/simply-piano-learn-piano-fast-1019442026/cover.webp","screenshots/simply-piano-learn-piano-fast-1019442026/cover.webp","screenshots/simply-piano-learn-piano-fast-1019442026/paywall-monthly-24-95.webp|screenshots/simply-piano-learn-piano-fast-1019442026/paywall-monthly-34-95.webp","https://www.paywallpro.app/apps/Simply-Piano:-Learn-Piano-Fast-us?id=131&utm_source=github&utm_medium=open_dataset&utm_campaign=paywall_gallery","https://www.paywallpro.app/apps/Simply-Piano:-Learn-Piano-Fast-us?id=131&utm_source=github&utm_medium=open_dataset&utm_campaign=paywall_gallery","2026-08-26"
"584606479","Intuit QuickBooks for Business","Intuit Inc.","Business","835838","66","26.03.0","2026-03-11","3","13","0","Free Trial - Soft Paywall","1 offer set across month","1","apps/intuit-quickbooks-for-business-584606479.md","screenshots/intuit-quickbooks-for-business-584606479/cover.webp","screenshots/intuit-quickbooks-for-business-584606479/cover.webp","screenshots/intuit-quickbooks-for-business-584606479/paywall-screen-2.webp|screenshots/intuit-quickbooks-for-business-584606479/paywall-screen-3.webp","https://www.paywallpro.app/apps/Intuit-QuickBooks-for-Business-us?id=85&utm_source=github&utm_medium=open_dataset&utm_campaign=paywall_gallery","https://www.paywallpro.app/apps/Intuit-QuickBooks-for-Business-us?id=85&utm_source=github&utm_medium=open_dataset&utm_campaign=paywall_gallery","2026-08-26"
"1038653883","Yubo: Chat Meet & Make Friends","Twelve APP","Social Networking","807306","37","4.49.0","2024-05-17","1","4","0","No Free Trial - Soft Paywall, Free Trial - Soft Paywall","3 offer sets across week, month, quarter","3","apps/yubo-chat-meet-and-make-friends-1038653883.md","screenshots/yubo-chat-meet-and-make-friends-1038653883/cover.webp","screenshots/yubo-chat-meet-and-make-friends-1038653883/cover.webp","screenshots/yubo-chat-meet-and-make-friends-1038653883/paywall-weekly-19-99.webp|screenshots/yubo-chat-meet-and-make-friends-1038653883/paywall-weekly-5-99.webp","https://www.paywallpro.app/apps/Yubo:-Chat-Meet-&-Make-Friends-us?id=97&utm_source=github&utm_medium=open_dataset&utm_campaign=paywall_gallery","https://www.paywallpro.app/apps/Yubo:-Chat-Meet-&-Make-Friends-us?id=97&utm_source=github&utm_medium=open_dataset&utm_campaign=paywall_gallery","2026-08-26"
"530168168","Paramount+","CBS Interactive","Entertainment","756002","13","15.13.0","2026-03-05","3","6","0","No Free Trial - Soft Paywall","1 offer set across month, year","1","apps/paramount-530168168.md","screenshots/paramount-530168168/cover.webp","screenshots/paramount-530168168/cover.webp","screenshots/paramount-530168168/paywall-screen-2.webp|screenshots/paramount-530168168/paywall-screen-3.webp","https://www.paywallpro.app/apps/Paramount%2B-us?id=12&utm_source=github&utm_medium=open_dataset&utm_campaign=paywall_gallery","https://www.paywallpro.app/apps/Paramount%2B-us?id=12&utm_source=github&utm_medium=open_dataset&utm_campaign=paywall_gallery","2026-08-26"
"690661663","PURE: Open-Minded Dating App","Online Classifieds AG","Lifestyle","752122","63","3.18.0","2026-02-16","4","15","7","No Free Trial - Soft Paywall","1 offer set across week, month, year","1","apps/pure-open-minded-dating-app-690661663.md","screenshots/pure-open-minded-dating-app-690661663/cover.webp","screenshots/pure-open-minded-dating-app-690661663/cover.webp","screenshots/pure-open-minded-dating-app-690661663/paywall-screen-2.webp|screenshots/pure-open-minded-dating-app-690661663/paywall-screen-3.webp","https://www.paywallpro.app/apps/PURE:-Open-Minded-Dating-App-us?id=141&utm_source=github&utm_medium=open_dataset&utm_campaign=paywall_gallery","https://www.paywallpro.app/apps/PURE:-Open-Minded-Dating-App-us?id=141&utm_source=github&utm_medium=open_dataset&utm_campaign=paywall_gallery","2026-08-26"
"6480136315","Suno - AI Songs, Music, Lyrics","Suno, Inc.","Music","743323","6","1.0.22","2024-10-02","1","0","0","No Free Trial - Soft Paywall","4 offer sets across month, year","4","apps/suno-ai-songs-music-lyrics-6480136315.md","screenshots/suno-ai-songs-music-lyrics-6480136315/cover.webp","screenshots/suno-ai-songs-music-lyrics-6480136315/cover.webp","screenshots/suno-ai-songs-music-lyrics-6480136315/paywall-annual-289.webp|screenshots/suno-ai-songs-music-lyrics-6480136315/paywall-monthly-30.webp","https://www.paywallpro.app/apps/Suno---AI-Songs%2C-Music%2C-Lyrics-us?id=760982&utm_source=github&utm_medium=open_dataset&utm_campaign=paywall_gallery","https://www.paywallpro.app/apps/Suno---AI-Songs%2C-Music%2C-Lyrics-us?id=760982&utm_source=github&utm_medium=open_dataset&utm_campaign=paywall_gallery","2026-08-26"
"514485964","Text Me - Phone Call + Texting","TextMe, Inc.","Social Networking","727667","23","3.51.0","2026-03-02","3","5","7","No Free Trial - Soft Paywall","2 offer sets across week, month, one-time purchase","2","apps/text-me-phone-call-texting-514485964.md","screenshots/text-me-phone-call-texting-514485964/cover.webp","screenshots/text-me-phone-call-texting-514485964/cover.webp","screenshots/text-me-phone-call-texting-514485964/paywall-weekly-14-99.webp|screenshots/text-me-phone-call-texting-514485964/paywall-screen-3.webp","https://www.paywallpro.app/apps/Text-Me---Phone-Call-%2B-Texting-us?id=117&utm_source=github&utm_medium=open_dataset&utm_campaign=paywall_gallery","https://www.paywallpro.app/apps/Text-Me---Phone-Call-%2B-Texting-us?id=117&utm_source=github&utm_medium=open_dataset&utm_campaign=paywall_gallery","2026-08-26"
"1580059320","Fambase: Live & Group Chat","NEXTWAVE MEDIA HOLDINGS LIMITED","Utilities","726989","90","6.5.0","2026-02-09","2","0","9","No Free Trial - Soft Paywall, Currency Paywall","1 offer set across month, year","1","apps/fambase-live-and-group-chat-1580059320.md","screenshots/fambase-live-and-group-chat-1580059320/cover.webp","screenshots/fambase-live-and-group-chat-1580059320/cover.webp","screenshots/fambase-live-and-group-chat-1580059320/paywall-currency-paywall.webp|screenshots/fambase-live-and-group-chat-1580059320/paywall-currency-paywall-2.webp","https://www.paywallpro.app/apps/Fambase:-Live-&-Group-Chat-us?id=249&utm_source=github&utm_medium=open_dataset&utm_campaign=paywall_gallery","https://www.paywallpro.app/apps/Fambase:-Live-&-Group-Chat-us?id=249&utm_source=github&utm_medium=open_dataset&utm_campaign=paywall_gallery","2026-08-26"
"552602056","ClassDojo","ClassDojo, Inc.","Education","722018","38","11.54.0","2024-11-22","3","3","0","Free Trial - Soft Paywall","1 offer set across month, year","1","apps/classdojo-552602056.md","screenshots/classdojo-552602056/cover.webp","screenshots/classdojo-552602056/cover.webp","screenshots/classdojo-552602056/paywall-screen-2.webp|screenshots/classdojo-552602056/paywall-screen-3.webp","https://www.paywallpro.app/apps/ClassDojo-us?id=180&utm_source=github&utm_medium=open_dataset&utm_campaign=paywall_gallery","https://www.paywallpro.app/apps/ClassDojo-us?id=180&utm_source=github&utm_medium=open_dataset&utm_campaign=paywall_gallery","2026-08-26"
"1405323394","Hallow: Prayer & Meditation","Hallow, Inc.","Reference","672170","9","12.18.0","2026-02-16","5","3","8","Free Trial - Soft Paywall, No Free Trial - Soft Paywall","1 offer set across year","1","apps/hallow-prayer-and-meditation-1405323394.md","screenshots/hallow-prayer-and-meditation-1405323394/cover.webp","screenshots/hallow-prayer-and-meditation-1405323394/cover.webp","screenshots/hallow-prayer-and-meditation-1405323394/paywall-screen-2.webp|screenshots/hallow-prayer-and-meditation-1405323394/paywall-screen-3.webp","https://www.paywallpro.app/apps/Hallow:-Prayer-&-Meditation-us?id=46&utm_source=github&utm_medium=open_dataset&utm_campaign=paywall_gallery","https://www.paywallpro.app/apps/Hallow:-Prayer-&-Meditation-us?id=46&utm_source=github&utm_medium=open_dataset&utm_campaign=paywall_gallery","2026-08-26"
"1282966364","Taimi: LGBTQ+ Dating & Meet Up","Social Impact Inc.","Social Networking","653639","27","5.1.385","2026-03-13","6","0","10","No Free Trial - Soft Paywall","1 offer set across week, month, quarter","1","apps/taimi-lgbtq-dating-and-meet-up-1282966364.md","screenshots/taimi-lgbtq-dating-and-meet-up-1282966364/cover.webp","screenshots/taimi-lgbtq-dating-and-meet-up-1282966364/cover.webp","screenshots/taimi-lgbtq-dating-and-meet-up-1282966364/paywall-screen-2.webp|screenshots/taimi-lgbtq-dating-and-meet-up-1282966364/paywall-screen-3.webp","https://www.paywallpro.app/apps/Taimi:-LGBTQ%2B-Dating-&-Meet-Up-us?id=152&utm_source=github&utm_medium=open_dataset&utm_campaign=paywall_gallery","https://www.paywallpro.app/apps/Taimi:-LGBTQ%2B-Dating-&-Meet-Up-us?id=152&utm_source=github&utm_medium=open_dataset&utm_campaign=paywall_gallery","2026-08-26"
"546505307","Zoom Workplace","Zoom Communications, Inc.","Business","644959","4","6.7.1","2025-12-17","3","13","4","Free Trial - Soft Paywall","1 offer set across month, year","1","apps/zoom-workplace-546505307.md","screenshots/zoom-workplace-546505307/cover.webp","screenshots/zoom-workplace-546505307/cover.webp","screenshots/zoom-workplace-546505307/paywall-screen-2.webp|screenshots/zoom-workplace-546505307/paywall-screen-3.webp","https://www.paywallpro.app/apps/Zoom-Workplace-us?id=150&utm_source=github&utm_medium=open_dataset&utm_campaign=paywall_gallery","https://www.paywallpro.app/apps/Zoom-Workplace-us?id=150&utm_source=github&utm_medium=open_dataset&utm_campaign=paywall_gallery","2026-08-26"
"1497699883","Joi - Live Stream","VLMedia Inc.","Social Networking","640864","157","2.2.3","2025-11-06","2","9","8","Free Trial - Soft Paywall, Currency Paywall","1 offer set across week","1","apps/joi-live-stream-1497699883.md","screenshots/joi-live-stream-1497699883/cover.webp","screenshots/joi-live-stream-1497699883/cover.webp","screenshots/joi-live-stream-1497699883/paywall-currency-paywall.webp|screenshots/joi-live-stream-1497699883/paywall-screen-3.webp","https://www.paywallpro.app/apps/Joi---Live-Stream-us?id=124&utm_source=github&utm_medium=open_dataset&utm_campaign=paywall_gallery","https://www.paywallpro.app/apps/Joi---Live-Stream-us?id=124&utm_source=github&utm_medium=open_dataset&utm_campaign=paywall_gallery","2026-08-26"
"1286609883","Speak: Language Learning","Speakeasy Labs","Education","597054","7","3.82.2","2024-12-21","1","23","0","Free Trial - Soft Paywall, No Free Trial - Soft Paywall","2 offer sets across month, year","2","apps/speak-language-learning-1286609883.md","screenshots/speak-language-learning-1286609883/cover.webp","screenshots/speak-language-learning-1286609883/cover.webp","screenshots/speak-language-learning-1286609883/paywall-monthly-49-99-19-99.webp|screenshots/speak-language-learning-1286609883/paywall-screen-3.webp","https://www.paywallpro.app/apps/Speak:-Language-Learning-us?id=843269&utm_source=github&utm_medium=open_dataset&utm_campaign=paywall_gallery","https://www.paywallpro.app/apps/Speak:-Language-Learning-us?id=843269&utm_source=github&utm_medium=open_dataset&utm_campaign=paywall_gallery","2026-08-26"
"1508186374","Peacock TV: Stream TV & Movies","Peacock TV LLC","Entertainment","591925","2","6.9.32","2025-10-07","4","0","0","No Free Trial - Soft Paywall","1 offer set across month, year","1","apps/peacock-tv-stream-tv-and-movies-1508186374.md","screenshots/peacock-tv-stream-tv-and-movies-1508186374/cover.webp","screenshots/peacock-tv-stream-tv-and-movies-1508186374/cover.webp","screenshots/peacock-tv-stream-tv-and-movies-1508186374/paywall-screen-2.webp|screenshots/peacock-tv-stream-tv-and-movies-1508186374/paywall-screen-3.webp","https://www.paywallpro.app/apps/Peacock-TV:-Stream-TV-&-Movies-us?id=9&utm_source=github&utm_medium=open_dataset&utm_campaign=paywall_gallery","https://www.paywallpro.app/apps/Peacock-TV:-Stream-TV-&-Movies-us?id=9&utm_source=github&utm_medium=open_dataset&utm_campaign=paywall_gallery","2026-08-26"
"893653132","The League: Intelligent Dating","The League App, Inc","Lifestyle","589127","124","2.9.9912","2025-09-09","2","0","8","No Free Trial - Soft Paywall","2 offer sets across week, month, quarter","2","apps/the-league-intelligent-dating-893653132.md","screenshots/the-league-intelligent-dating-893653132/cover.webp","screenshots/the-league-intelligent-dating-893653132/cover.webp","screenshots/the-league-intelligent-dating-893653132/paywall-weekly-999-99.webp|screenshots/the-league-intelligent-dating-893653132/paywall-screen-3.webp","https://www.paywallpro.app/apps/The-League:-Intelligent-Dating-us?id=99&utm_source=github&utm_medium=open_dataset&utm_campaign=paywall_gallery","https://www.paywallpro.app/apps/The-League:-Intelligent-Dating-us?id=99&utm_source=github&utm_medium=open_dataset&utm_campaign=paywall_gallery","2026-08-26"
"1542571008","Gauth: AI Study Companion","GAUTHTECH PTE. LTD.","Education","582835","2","1.92.0","2026-03-10","8","6","5","Free Trial - Soft Paywall","2 offer sets across month, year, quarter","2","apps/gauth-ai-study-companion-1542571008.md","screenshots/gauth-ai-study-companion-1542571008/cover.webp","screenshots/gauth-ai-study-companion-1542571008/cover.webp","screenshots/gauth-ai-study-companion-1542571008/paywall-monthly-11-99.webp|screenshots/gauth-ai-study-companion-1542571008/paywall-screen-3.webp","https://www.paywallpro.app/apps/Gauth:-AI-Study-Companion-us?id=652&utm_source=github&utm_medium=open_dataset&utm_campaign=paywall_gallery","https://www.paywallpro.app/apps/Gauth:-AI-Study-Companion-us?id=652&utm_source=github&utm_medium=open_dataset&utm_campaign=paywall_gallery","2026-08-26"
"1447330651","Copilot: Track & Budget Money","Copilot Money, Inc.","Finance","581526","147","7.1.6","2026-02-12","2","17","8","Free Trial - Soft Paywall","2 offer sets across month, year","2","apps/copilot-track-and-budget-money-1447330651.md","screenshots/copilot-track-and-budget-money-1447330651/cover.webp","screenshots/copilot-track-and-budget-money-1447330651/cover.webp","screenshots/copilot-track-and-budget-money-1447330651/paywall-monthly-13.webp|screenshots/copilot-track-and-budget-money-1447330651/paywall-screen-3.webp","https://www.paywallpro.app/apps/Copilot:-Track-&-Budget-Money-us?id=282&utm_source=github&utm_medium=open_dataset&utm_campaign=paywall_gallery","https://www.paywallpro.app/apps/Copilot:-Track-&-Budget-Money-us?id=282&utm_source=github&utm_medium=open_dataset&utm_campaign=paywall_gallery","2026-08-26"
"1017492454","YouTube Music","Google","Music","576008","2","9.02","2026-01-12","3","7","0","No Free Trial - Soft Paywall, Free Trial - Soft Paywall","2 offer sets across month","2","apps/youtube-music-1017492454.md","screenshots/youtube-music-1017492454/cover.webp","screenshots/youtube-music-1017492454/cover.webp","screenshots/youtube-music-1017492454/paywall-monthly-14-99-21-99.webp|screenshots/youtube-music-1017492454/paywall-screen-3.webp","https://www.paywallpro.app/apps/YouTube-Music-us?id=18&utm_source=github&utm_medium=open_dataset&utm_campaign=paywall_gallery","https://www.paywallpro.app/apps/YouTube-Music-us?id=18&utm_source=github&utm_medium=open_dataset&utm_campaign=paywall_gallery","2026-08-26"
"1278474169","Norton 360 Security & VPN","Gen Digital Inc.","Utilities","572851","136","26.4.1","2026-03-23","6","10","0","Free Trial - Soft Paywall, No Free Trial - Soft Paywall","2 offer sets across year","2","apps/norton-360-security-and-vpn-1278474169.md","screenshots/norton-360-security-and-vpn-1278474169/cover.webp","screenshots/norton-360-security-and-vpn-1278474169/cover.webp","screenshots/norton-360-security-and-vpn-1278474169/paywall-annual-59-99-119-99.webp|screenshots/norton-360-security-and-vpn-1278474169/paywall-screen-3.webp","https://www.paywallpro.app/apps/Norton-360-Security-&-VPN-us?id=235&utm_source=github&utm_medium=open_dataset&utm_campaign=paywall_gallery","https://www.paywallpro.app/apps/Norton-360-Security-&-VPN-us?id=235&utm_source=github&utm_medium=open_dataset&utm_campaign=paywall_gallery","2026-08-26"
"1405735469","Pimsleur | Language Learning","Simon & Schuster","Education","564341","51","7.2.1","2025-12-16","8","19","0","No Free Trial - Soft Paywall","2 offer sets across month, year, one-time purchase","2","apps/pimsleur-language-learning-1405735469.md","screenshots/pimsleur-language-learning-1405735469/cover.webp","screenshots/pimsleur-language-learning-1405735469/cover.webp","screenshots/pimsleur-language-learning-1405735469/paywall-one-time-purchase-399-99.webp|screenshots/pimsleur-language-learning-1405735469/paywall-screen-3.webp","https://www.paywallpro.app/apps/Pimsleur-%7C-Language-Learning-us?id=279&utm_source=github&utm_medium=open_dataset&utm_campaign=paywall_gallery","https://www.paywallpro.app/apps/Pimsleur-%7C-Language-Learning-us?id=279&utm_source=github&utm_medium=open_dataset&utm_campaign=paywall_gallery","2026-08-26"
"978931264","FAX from iPhone: Send Doc App","Municorn Limited","Business","559608","89","2.13.16","2025-10-24","2","0","5","No Free Trial - Soft Paywall","1 offer set across week, month, year","1","apps/fax-from-iphone-send-doc-app-978931264.md","screenshots/fax-from-iphone-send-doc-app-978931264/cover.webp","screenshots/fax-from-iphone-send-doc-app-978931264/cover.webp","screenshots/fax-from-iphone-send-doc-app-978931264/paywall-screen-2.webp|screenshots/fax-from-iphone-send-doc-app-978931264/paywall-screen-3.webp","https://www.paywallpro.app/apps/FAX-from-iPhone:-Send-Doc-App-us?id=118&utm_source=github&utm_medium=open_dataset&utm_campaign=paywall_gallery","https://www.paywallpro.app/apps/FAX-from-iPhone:-Send-Doc-App-us?id=118&utm_source=github&utm_medium=open_dataset&utm_campaign=paywall_gallery","2026-08-26"
"317951436","SiriusXM: Music, Sports & News","SIRIUS XM Radio Inc","Music","525953","16","7.9.5","2024-10-07","1","0","6","Free Trial - Soft Paywall","2 offer sets across month, year","2","apps/siriusxm-music-sports-and-news-317951436.md","screenshots/siriusxm-music-sports-and-news-317951436/cover.webp","screenshots/siriusxm-music-sports-and-news-317951436/cover.webp","screenshots/siriusxm-music-sports-and-news-317951436/paywall-monthly-9-99.webp|screenshots/siriusxm-music-sports-and-news-317951436/paywall-screen-3.webp","https://www.paywallpro.app/apps/SiriusXM:-Music%2C-Sports-&-News-us?id=153&utm_source=github&utm_medium=open_dataset&utm_campaign=paywall_gallery","https://www.paywallpro.app/apps/SiriusXM:-Music%2C-Sports-&-News-us?id=153&utm_source=github&utm_medium=open_dataset&utm_campaign=paywall_gallery","2026-08-26"
"6466298983","Retake AI Face & Selfie Editor","DEEP FLOW SOFTWARE SERVICES","Photo & Video","506196","23","3.0.3","2026-01-02","7","5","3","Free Trial - Soft Paywall","1 offer set across week, year","1","apps/retake-ai-face-and-selfie-editor-6466298983.md","screenshots/retake-ai-face-and-selfie-editor-6466298983/cover.webp","screenshots/retake-ai-face-and-selfie-editor-6466298983/cover.webp","screenshots/retake-ai-face-and-selfie-editor-6466298983/paywall-screen-2.webp|screenshots/retake-ai-face-and-selfie-editor-6466298983/paywall-screen-3.webp","https://www.paywallpro.app/apps/Retake-AI-Face-&-Selfie-Editor-us?id=447&utm_source=github&utm_medium=open_dataset&utm_campaign=paywall_gallery","https://www.paywallpro.app/apps/Retake-AI-Face-&-Selfie-Editor-us?id=447&utm_source=github&utm_medium=open_dataset&utm_campaign=paywall_gallery","2026-08-26"
"447188370","Snapchat","Snap, Inc.","Photo & Video","495340","2","13.85.0.53","2026-03-25","5","0","11","No Free Trial - Soft Paywall","1 offer set across month, year","1","apps/snapchat-447188370.md","screenshots/snapchat-447188370/cover.webp","screenshots/snapchat-447188370/cover.webp","screenshots/snapchat-447188370/paywall-screen-2.webp|screenshots/snapchat-447188370/paywall-screen-3.webp","https://www.paywallpro.app/apps/Snapchat-us?id=15&utm_source=github&utm_medium=open_dataset&utm_campaign=paywall_gallery","https://www.paywallpro.app/apps/Snapchat-us?id=15&utm_source=github&utm_medium=open_dataset&utm_campaign=paywall_gallery","2026-08-26"
"1666653815","HBO Max: Stream Movies & TV","WarnerMedia Global Digital Services, LLC","Entertainment","474777","3","6.17.2","2026-03-30","7","4","0","No Free Trial - Soft Paywall","1 offer set across month, year","1","apps/hbo-max-stream-movies-and-tv-1666653815.md","screenshots/hbo-max-stream-movies-and-tv-1666653815/cover.webp","screenshots/hbo-max-stream-movies-and-tv-1666653815/cover.webp","screenshots/hbo-max-stream-movies-and-tv-1666653815/paywall-screen-2.webp|screenshots/hbo-max-stream-movies-and-tv-1666653815/paywall-screen-3.webp","https://www.paywallpro.app/apps/HBO-Max:-Stream-Movies-&-TV-us?id=4&utm_source=github&utm_medium=open_dataset&utm_campaign=paywall_gallery","https://www.paywallpro.app/apps/HBO-Max:-Stream-Movies-&-TV-us?id=4&utm_source=github&utm_medium=open_dataset&utm_campaign=paywall_gallery","2026-08-26"
"892700751","18Birdies: Golf GPS Tracker","18Birdies LLC","Sports","459844","46","16.15.1","2026-01-15","3","19","4","Free Trial - Soft Paywall","1 offer set across week, month, year","1","apps/18birdies-golf-gps-tracker-892700751.md","screenshots/18birdies-golf-gps-tracker-892700751/cover.webp","screenshots/18birdies-golf-gps-tracker-892700751/cover.webp","screenshots/18birdies-golf-gps-tracker-892700751/paywall-screen-2.webp|screenshots/18birdies-golf-gps-tracker-892700751/paywall-screen-3.webp","https://www.paywallpro.app/apps/18Birdies:-Golf-GPS-Tracker-us?id=172&utm_source=github&utm_medium=open_dataset&utm_campaign=paywall_gallery","https://www.paywallpro.app/apps/18Birdies:-Golf-GPS-Tracker-us?id=172&utm_source=github&utm_medium=open_dataset&utm_campaign=paywall_gallery","2026-08-26"
"1553503471","MacroFactor - Macro Tracker","Stronger By Science Technologies LLC","Health & Fitness","448728","14","5.7.5","2026-01-31","2","32","0","No Free Trial - Soft Paywall","1 offer set across month, half year, year","1","apps/macrofactor-macro-tracker-1553503471.md","screenshots/macrofactor-macro-tracker-1553503471/cover.webp","screenshots/macrofactor-macro-tracker-1553503471/cover.webp","screenshots/macrofactor-macro-tracker-1553503471/paywall-screen-2.webp|screenshots/macrofactor-macro-tracker-1553503471/paywall-screen-3.webp","https://www.paywallpro.app/apps/MacroFactor---Macro-Tracker-us?id=211&utm_source=github&utm_medium=open_dataset&utm_campaign=paywall_gallery","https://www.paywallpro.app/apps/MacroFactor---Macro-Tracker-us?id=211&utm_source=github&utm_medium=open_dataset&utm_campaign=paywall_gallery","2026-08-26"
"875063456","Elevate - Brain Training Games","The Mind Company","Education","437336","15","5.233.0","2026-03-23","7","16","6","Free Trial - Soft Paywall","3 offer sets across month, year, one-time purchase","3","apps/elevate-brain-training-games-875063456.md","screenshots/elevate-brain-training-games-875063456/cover.webp","screenshots/elevate-brain-training-games-875063456/cover.webp","screenshots/elevate-brain-training-games-875063456/paywall-annual-39-99.webp|screenshots/elevate-brain-training-games-875063456/paywall-monthly-14-99.webp","https://www.paywallpro.app/apps/Elevate---Brain-Training-Games-us?id=223&utm_source=github&utm_medium=open_dataset&utm_campaign=paywall_gallery","https://www.paywallpro.app/apps/Elevate---Brain-Training-Games-us?id=223&utm_source=github&utm_medium=open_dataset&utm_campaign=paywall_gallery","2026-08-26"
"1223397201","Kiddopia: Kids Learning Games","Kiddopia, Inc.","Education","432371","56","26.03.16","2026-03-16","6","4","3","No Free Trial - Soft Paywall","1 offer set across month, year","1","apps/kiddopia-kids-learning-games-1223397201.md","screenshots/kiddopia-kids-learning-games-1223397201/cover.webp","screenshots/kiddopia-kids-learning-games-1223397201/cover.webp","screenshots/kiddopia-kids-learning-games-1223397201/paywall-screen-2.webp|screenshots/kiddopia-kids-learning-games-1223397201/paywall-screen-3.webp","https://www.paywallpro.app/apps/Kiddopia:-Kids-Learning-Games-us?id=163&utm_source=github&utm_medium=open_dataset&utm_campaign=paywall_gallery","https://www.paywallpro.app/apps/Kiddopia:-Kids-Learning-Games-us?id=163&utm_source=github&utm_medium=open_dataset&utm_campaign=paywall_gallery","2026-08-26"
"1039889567","Citizen: Safety & Live Video","sp0n, Inc.","News","416353","8","0.1278.0","2026-01-29","2","8","0","Free Trial - Soft Paywall, No Free Trial - Soft Paywall","2 offer sets across month","2","apps/citizen-safety-and-live-video-1039889567.md","screenshots/citizen-safety-and-live-video-1039889567/cover.webp","screenshots/citizen-safety-and-live-video-1039889567/cover.webp","screenshots/citizen-safety-and-live-video-1039889567/paywall-monthly-1-99-19-99.webp|screenshots/citizen-safety-and-live-video-1039889567/paywall-screen-3.webp","https://www.paywallpro.app/apps/Citizen:-Safety-&-Live-Video-us?id=198&utm_source=github&utm_medium=open_dataset&utm_campaign=paywall_gallery","https://www.paywallpro.app/apps/Citizen:-Safety-&-Live-Video-us?id=198&utm_source=github&utm_medium=open_dataset&utm_campaign=paywall_gallery","2026-08-26"
"290638154","iHeart: Radio, Music, Podcasts","iHeartMedia Management Services, Inc.","Music","408708","22","10.62.0","2026-03-26","2","7","8","Free Trial - Soft Paywall","1 offer set across month","1","apps/iheart-radio-music-podcasts-290638154.md","screenshots/iheart-radio-music-podcasts-290638154/cover.webp","screenshots/iheart-radio-music-podcasts-290638154/cover.webp","screenshots/iheart-radio-music-podcasts-290638154/paywall-screen-2.webp|screenshots/iheart-radio-music-podcasts-290638154/paywall-screen-3.webp","https://www.paywallpro.app/apps/iHeart:-Radio%2C-Music%2C-Podcasts-us?id=134&utm_source=github&utm_medium=open_dataset&utm_campaign=paywall_gallery","https://www.paywallpro.app/apps/iHeart:-Radio%2C-Music%2C-Podcasts-us?id=134&utm_source=github&utm_medium=open_dataset&utm_campaign=paywall_gallery","2026-08-26"
"1528595748","Finch: Self-Care Pet","Finch Care Public Benefit Corporation","Health & Fitness","398929","9","3.73.125","2026-02-06","3","35","13","Free Trial - Soft Paywall","2 offer sets across month, year","2","apps/finch-self-care-pet-1528595748.md","screenshots/finch-self-care-pet-1528595748/cover.webp","screenshots/finch-self-care-pet-1528595748/cover.webp","screenshots/finch-self-care-pet-1528595748/paywall-monthly-9-99.webp|screenshots/finch-self-care-pet-1528595748/paywall-screen-3.webp","https://www.paywallpro.app/apps/Finch:-Self-Care-Pet-us?id=225&utm_source=github&utm_medium=open_dataset&utm_campaign=paywall_gallery","https://www.paywallpro.app/apps/Finch:-Self-Care-Pet-us?id=225&utm_source=github&utm_medium=open_dataset&utm_campaign=paywall_gallery","2026-08-26"
"1472718009","TP-Link Tapo","TP-Link Systems Inc.","Lifestyle","397312","39","3.15.106","2025-12-02","1","6","8","No Free Trial - Soft Paywall","1 offer set across month, year","1","apps/tp-link-tapo-1472718009.md","screenshots/tp-link-tapo-1472718009/cover.webp","screenshots/tp-link-tapo-1472718009/cover.webp","screenshots/tp-link-tapo-1472718009/paywall-screen-2.webp|screenshots/tp-link-tapo-1472718009/paywall-screen-3.webp","https://www.paywallpro.app/apps/TP-Link-Tapo-us?id=5786&utm_source=github&utm_medium=open_dataset&utm_campaign=paywall_gallery","https://www.paywallpro.app/apps/TP-Link-Tapo-us?id=5786&utm_source=github&utm_medium=open_dataset&utm_campaign=paywall_gallery","2026-08-26"
"1593779280","ReciMe: Recipes & Meal Planner","ReciMe Pty Ltd","Food & Drink","383011","8","3.8.5","2024-12-19","3","2","0","Free Trial - Soft Paywall, No Free Trial - Soft Paywall","2 offer sets across month, year, one-time purchase","2","apps/recime-recipes-and-meal-planner-1593779280.md","screenshots/recime-recipes-and-meal-planner-1593779280/cover.webp","screenshots/recime-recipes-and-meal-planner-1593779280/cover.webp","screenshots/recime-recipes-and-meal-planner-1593779280/paywall-monthly-9-99.webp|screenshots/recime-recipes-and-meal-planner-1593779280/paywall-screen-3.webp","https://www.paywallpro.app/apps/ReciMe:-Recipes-&-Meal-Planner-us?id=402997&utm_source=github&utm_medium=open_dataset&utm_campaign=paywall_gallery","https://www.paywallpro.app/apps/ReciMe:-Recipes-&-Meal-Planner-us?id=402997&utm_source=github&utm_medium=open_dataset&utm_campaign=paywall_gallery","2026-08-26"
"588013838","VSCO: Photo & Video Editor","Visual Supply Company","Photo & Video","378776","13","456.0.0","2026-02-01","6","6","8","Free Trial - Soft Paywall","2 offer sets across month, year","2","apps/vsco-photo-and-video-editor-588013838.md","screenshots/vsco-photo-and-video-editor-588013838/cover.webp","screenshots/vsco-photo-and-video-editor-588013838/cover.webp","screenshots/vsco-photo-and-video-editor-588013838/paywall-monthly-12-99.webp|screenshots/vsco-photo-and-video-editor-588013838/paywall-screen-3.webp","https://www.paywallpro.app/apps/VSCO:-Photo-&-Video-Editor-us?id=109&utm_source=github&utm_medium=open_dataset&utm_campaign=paywall_gallery","https://www.paywallpro.app/apps/VSCO:-Photo-&-Video-Editor-us?id=109&utm_source=github&utm_medium=open_dataset&utm_campaign=paywall_gallery","2026-08-26"
"1169136078","Huckleberry: Baby Tracker","Huckleberry Labs Inc.","Medical","377917","7","v0.9.286","2026-02-02","5","23","8","No Free Trial - Soft Paywall","2 offer sets across month, year","2","apps/huckleberry-baby-tracker-1169136078.md","screenshots/huckleberry-baby-tracker-1169136078/cover.webp","screenshots/huckleberry-baby-tracker-1169136078/cover.webp","screenshots/huckleberry-baby-tracker-1169136078/paywall-monthly-14-99.webp|screenshots/huckleberry-baby-tracker-1169136078/paywall-screen-3.webp","https://www.paywallpro.app/apps/Huckleberry:-Baby-Tracker-us?id=305&utm_source=github&utm_medium=open_dataset&utm_campaign=paywall_gallery","https://www.paywallpro.app/apps/Huckleberry:-Baby-Tracker-us?id=305&utm_source=github&utm_medium=open_dataset&utm_campaign=paywall_gallery","2026-08-26"
"568839295","Blinkist: Book Summaries Daily","Blinks Labs","Education","370728","84","11.4.0","2025-12-16","3","10","6","No Free Trial - Soft Paywall, Free Trial - Soft Paywall","3 offer sets across year","3","apps/blinkist-book-summaries-daily-568839295.md","screenshots/blinkist-book-summaries-daily-568839295/cover.webp","screenshots/blinkist-book-summaries-daily-568839295/cover.webp","screenshots/blinkist-book-summaries-daily-568839295/paywall-annual-139-99.webp|screenshots/blinkist-book-summaries-daily-568839295/paywall-annual-79-99-59-99.webp","https://www.paywallpro.app/apps/Blinkist:-Book-Summaries-Daily-us?id=221&utm_source=github&utm_medium=open_dataset&utm_campaign=paywall_gallery","https://www.paywallpro.app/apps/Blinkist:-Book-Summaries-Daily-us?id=221&utm_source=github&utm_medium=open_dataset&utm_campaign=paywall_gallery","2026-08-26"
"382233851","Flightradar24 | Flight Tracker","Flightradar24 AB","Travel","350325","23","10.15.0","2025-08-26","5","0","9","No Free Trial - Soft Paywall, Free Trial - Soft Paywall","3 offer sets across year, quarter","3","apps/flightradar24-flight-tracker-382233851.md","screenshots/flightradar24-flight-tracker-382233851/cover.webp","screenshots/flightradar24-flight-tracker-382233851/cover.webp","screenshots/flightradar24-flight-tracker-382233851/paywall-annual-17-99.webp|screenshots/flightradar24-flight-tracker-382233851/paywall-quarterly-0-99.webp","https://www.paywallpro.app/apps/Flightradar24-%7C-Flight-Tracker-us?id=194&utm_source=github&utm_medium=open_dataset&utm_campaign=paywall_gallery","https://www.paywallpro.app/apps/Flightradar24-%7C-Flight-Tracker-us?id=194&utm_source=github&utm_medium=open_dataset&utm_campaign=paywall_gallery","2026-06-05"
"586328581","Early Learning Academy","Age of Learning, Inc.","Education","347585","167","8.69.0","2025-06-24","3","3","0","Free Trial - Soft Paywall","1 offer set across month, year","1","apps/early-learning-academy-586328581.md","screenshots/early-learning-academy-586328581/cover.webp","screenshots/early-learning-academy-586328581/cover.webp","screenshots/early-learning-academy-586328581/paywall-screen-2.webp|screenshots/early-learning-academy-586328581/paywall-screen-3.webp","https://www.paywallpro.app/apps/Early-Learning-Academy-us?id=93&utm_source=github&utm_medium=open_dataset&utm_campaign=paywall_gallery","https://www.paywallpro.app/apps/Early-Learning-Academy-us?id=93&utm_source=github&utm_medium=open_dataset&utm_campaign=paywall_gallery","2026-06-05"
"1564189151","Solid Starts: Baby First Foods","SolidStarts LLC","Education","336881","53","4.0.0","2026-02-03","3","44","7","Free Trial - Soft Paywall","1 offer set across month, year","1","apps/solid-starts-baby-first-foods-1564189151.md","screenshots/solid-starts-baby-first-foods-1564189151/cover.webp","screenshots/solid-starts-baby-first-foods-1564189151/cover.webp","screenshots/solid-starts-baby-first-foods-1564189151/paywall-screen-2.webp|screenshots/solid-starts-baby-first-foods-1564189151/paywall-screen-3.webp","https://www.paywallpro.app/apps/Solid-Starts:-Baby-First-Foods-us?id=405&utm_source=github&utm_medium=open_dataset&utm_campaign=paywall_gallery","https://www.paywallpro.app/apps/Solid-Starts:-Baby-First-Foods-us?id=405&utm_source=github&utm_medium=open_dataset&utm_campaign=paywall_gallery","2026-06-05"
"968585775","BandLab – Music Maker & Beats","BandLab Singapore Pte Ltd","Music","336624","8","11.20.0","2026-03-26","7","3","9","Free Trial - Soft Paywall","1 offer set across month, year","1","apps/bandlab-music-maker-and-beats-968585775.md","screenshots/bandlab-music-maker-and-beats-968585775/cover.webp","screenshots/bandlab-music-maker-and-beats-968585775/cover.webp","screenshots/bandlab-music-maker-and-beats-968585775/paywall-screen-2.webp|screenshots/bandlab-music-maker-and-beats-968585775/paywall-screen-3.webp","https://www.paywallpro.app/apps/BandLab-%E2%80%93-Music-Maker-&-Beats-us?id=791&utm_source=github&utm_medium=open_dataset&utm_campaign=paywall_gallery","https://www.paywallpro.app/apps/BandLab-%E2%80%93-Music-Maker-&-Beats-us?id=791&utm_source=github&utm_medium=open_dataset&utm_campaign=paywall_gallery","2026-06-05"
"694831622","Invoice Simple: Invoice Maker","Zenvoice Inc.","Business","336094","194","5.11.1","2026-02-02","3","9","19","No Free Trial - Soft Paywall","1 offer set across month, year","1","apps/invoice-simple-invoice-maker-694831622.md","screenshots/invoice-simple-invoice-maker-694831622/cover.webp","screenshots/invoice-simple-invoice-maker-694831622/cover.webp","screenshots/invoice-simple-invoice-maker-694831622/paywall-screen-2.webp|screenshots/invoice-simple-invoice-maker-694831622/paywall-screen-3.webp","https://www.paywallpro.app/apps/Invoice-Simple:-Invoice-Maker-us?id=178&utm_source=github&utm_medium=open_dataset&utm_campaign=paywall_gallery","https://www.paywallpro.app/apps/Invoice-Simple:-Invoice-Maker-us?id=178&utm_source=github&utm_medium=open_dataset&utm_campaign=paywall_gallery","2026-06-05"
"479267592","CARFAX - New & Used Cars","CARFAX, Inc.","Shopping","331675","59","6.59.0","2025-11-18","3","0","9","No Free Trial - Soft Paywall","2 offer sets across year, one-time purchase","2","apps/carfax-new-and-used-cars-479267592.md","screenshots/carfax-new-and-used-cars-479267592/cover.webp","screenshots/carfax-new-and-used-cars-479267592/cover.webp","screenshots/carfax-new-and-used-cars-479267592/paywall-annual-44-99-59-99-109-99.webp|screenshots/carfax-new-and-used-cars-479267592/paywall-annual-44-99-59-99-109-99-2.webp","https://www.paywallpro.app/apps/CARFAX---New-&-Used-Cars-us?id=253&utm_source=github&utm_medium=open_dataset&utm_campaign=paywall_gallery","https://www.paywallpro.app/apps/CARFAX---New-&-Used-Cars-us?id=253&utm_source=github&utm_medium=open_dataset&utm_campaign=paywall_gallery","2026-06-05"
"337472899","Insight Timer: Meditate, Sleep","Insight Network Inc","Health & Fitness","325157","101","20.5.0","2026-02-19","2","21","8","Free Trial - Soft Paywall","1 offer set across year","1","apps/insight-timer-meditate-sleep-337472899.md","screenshots/insight-timer-meditate-sleep-337472899/cover.webp","screenshots/insight-timer-meditate-sleep-337472899/cover.webp","screenshots/insight-timer-meditate-sleep-337472899/paywall-screen-2.webp|screenshots/insight-timer-meditate-sleep-337472899/paywall-screen-3.webp","https://www.paywallpro.app/apps/Insight-Timer:-Meditate%2C-Sleep-us?id=176&utm_source=github&utm_medium=open_dataset&utm_campaign=paywall_gallery","https://www.paywallpro.app/apps/Insight-Timer:-Meditate%2C-Sleep-us?id=176&utm_source=github&utm_medium=open_dataset&utm_campaign=paywall_gallery","2026-06-05"
"912561374","Marco Polo - Video Messenger","Joya Communications","Social Networking","321440","113","0.1491.0","2024-08-19","1","7","0","Free Trial - Soft Paywall, No Free Trial - Soft Paywall","3 offer sets across month, year","3","apps/marco-polo-video-messenger-912561374.md","screenshots/marco-polo-video-messenger-912561374/cover.webp","screenshots/marco-polo-video-messenger-912561374/cover.webp","screenshots/marco-polo-video-messenger-912561374/paywall-monthly-9-99-19-99-7-99.webp|screenshots/marco-polo-video-messenger-912561374/paywall-annual-119-99.webp","https://www.paywallpro.app/apps/Marco-Polo---Video-Messenger-us?id=281&utm_source=github&utm_medium=open_dataset&utm_campaign=paywall_gallery","https://www.paywallpro.app/apps/Marco-Polo---Video-Messenger-us?id=281&utm_source=github&utm_medium=open_dataset&utm_campaign=paywall_gallery","2026-06-05"
"281941097","Bloomberg: Business News Daily","Bloomberg Finance LP","News","320843","38","6.51.1","2026-01-09","4","4","7","No Free Trial - Soft Paywall","2 offer sets across month, year","2","apps/bloomberg-business-news-daily-281941097.md","screenshots/bloomberg-business-news-daily-281941097/cover.webp","screenshots/bloomberg-business-news-daily-281941097/cover.webp","screenshots/bloomberg-business-news-daily-281941097/paywall-monthly-1-99.webp|screenshots/bloomberg-business-news-daily-281941097/paywall-screen-3.webp","https://www.paywallpro.app/apps/Bloomberg:-Business-News-Daily-us?id=286&utm_source=github&utm_medium=open_dataset&utm_campaign=paywall_gallery","https://www.paywallpro.app/apps/Bloomberg:-Business-News-Daily-us?id=286&utm_source=github&utm_medium=open_dataset&utm_campaign=paywall_gallery","2026-06-05"
"329913454","Crunchyroll","Crunchyroll, LLC","Entertainment","315448","24","4.99.0","2026-01-31","4","7","0","No Free Trial - Soft Paywall","1 offer set across month, year","1","apps/crunchyroll-329913454.md","screenshots/crunchyroll-329913454/cover.webp","screenshots/crunchyroll-329913454/cover.webp","screenshots/crunchyroll-329913454/paywall-screen-2.webp|screenshots/crunchyroll-329913454/paywall-screen-3.webp","https://www.paywallpro.app/apps/Crunchyroll-us?id=17&utm_source=github&utm_medium=open_dataset&utm_campaign=paywall_gallery","https://www.paywallpro.app/apps/Crunchyroll-us?id=17&utm_source=github&utm_medium=open_dataset&utm_campaign=paywall_gallery","2026-06-05"
"384830320","Life360: Family Safety & GPS","Life360","Social Networking","308519","5","26.1.0","2026-01-15","3","26","11","Free Trial - Soft Paywall","2 offer sets across month, year","2","apps/life360-family-safety-and-gps-384830320.md","screenshots/life360-family-safety-and-gps-384830320/cover.webp","screenshots/life360-family-safety-and-gps-384830320/cover.webp","screenshots/life360-family-safety-and-gps-384830320/paywall-monthly-7-99-14-99-24-99.webp|screenshots/life360-family-safety-and-gps-384830320/paywall-monthly-7-99-14-99-24-99-2.webp","https://www.paywallpro.app/apps/Life360:-Family-Safety-&-GPS-us?id=21&utm_source=github&utm_medium=open_dataset&utm_campaign=paywall_gallery","https://www.paywallpro.app/apps/Life360:-Family-Safety-&-GPS-us?id=21&utm_source=github&utm_medium=open_dataset&utm_campaign=paywall_gallery","2026-06-05"
"349554263","Ancestry: Family History & DNA","Ancestry.com","Reference","308261","3","18.0","2026-01-08","4","0","16","Free Trial - Soft Paywall","1 offer set across month","1","apps/ancestry-family-history-and-dna-349554263.md","screenshots/ancestry-family-history-and-dna-349554263/cover.webp","screenshots/ancestry-family-history-and-dna-349554263/cover.webp","screenshots/ancestry-family-history-and-dna-349554263/paywall-screen-2.webp|screenshots/ancestry-family-history-and-dna-349554263/paywall-screen-3.webp","https://www.paywallpro.app/apps/Ancestry:-Family-History-&-DNA-us?id=108&utm_source=github&utm_medium=open_dataset&utm_campaign=paywall_gallery","https://www.paywallpro.app/apps/Ancestry:-Family-History-&-DNA-us?id=108&utm_source=github&utm_medium=open_dataset&utm_campaign=paywall_gallery","2026-06-05"
"643351983","Slopes: Ski & Snowboard","Breakpoint Studio LLC","Sports","304820","181","2026.10","2026-03-28","4","1","9","Free Trial - Soft Paywall","2 offer sets across year","2","apps/slopes-ski-and-snowboard-643351983.md","screenshots/slopes-ski-and-snowboard-643351983/cover.webp","screenshots/slopes-ski-and-snowboard-643351983/cover.webp","screenshots/slopes-ski-and-snowboard-643351983/paywall-annual-34-99-59-99.webp|screenshots/slopes-ski-and-snowboard-643351983/paywall-annual-34-99-59-99-2.webp","https://www.paywallpro.app/apps/Slopes:-Ski-&-Snowboard-us?id=695&utm_source=github&utm_medium=open_dataset&utm_campaign=paywall_gallery","https://www.paywallpro.app/apps/Slopes:-Ski-&-Snowboard-us?id=695&utm_source=github&utm_medium=open_dataset&utm_campaign=paywall_gallery","2026-06-05"
"561350520","GoPro Quik","GoPro, Inc.","Photo & Video","301042","107","13.28","2026-02-04","4","3","10","No Free Trial - Soft Paywall","1 offer set across month, year","1","apps/gopro-quik-561350520.md","screenshots/gopro-quik-561350520/cover.webp","screenshots/gopro-quik-561350520/cover.webp","screenshots/gopro-quik-561350520/paywall-screen-2.webp|screenshots/gopro-quik-561350520/paywall-screen-3.webp","https://www.paywallpro.app/apps/GoPro-Quik-us?id=157&utm_source=github&utm_medium=open_dataset&utm_campaign=paywall_gallery","https://www.paywallpro.app/apps/GoPro-Quik-us?id=157&utm_source=github&utm_medium=open_dataset&utm_campaign=paywall_gallery","2026-06-05"
"418987775","TuneIn Radio: Music & Sports","TuneIn","Music","300604","44","40.8.1","2026-02-03","6","0","9","Free Trial - Soft Paywall","1 offer set across month","1","apps/tunein-radio-music-and-sports-418987775.md","screenshots/tunein-radio-music-and-sports-418987775/cover.webp","screenshots/tunein-radio-music-and-sports-418987775/cover.webp","screenshots/tunein-radio-music-and-sports-418987775/paywall-screen-2.webp|screenshots/tunein-radio-music-and-sports-418987775/paywall-screen-3.webp","https://www.paywallpro.app/apps/TuneIn-Radio:-Music-&-Sports-us?id=169&utm_source=github&utm_medium=open_dataset&utm_campaign=paywall_gallery","https://www.paywallpro.app/apps/TuneIn-Radio:-Music-&-Sports-us?id=169&utm_source=github&utm_medium=open_dataset&utm_campaign=paywall_gallery","2026-06-05"
"370916083","Willow - Watch Live Cricket","Cricket Acquisition Corporation","Sports","300548","136","4.19","2025-08-01","2","4","9","No Free Trial - Soft Paywall","1 offer set across month","1","apps/willow-watch-live-cricket-370916083.md","screenshots/willow-watch-live-cricket-370916083/cover.webp","screenshots/willow-watch-live-cricket-370916083/cover.webp","screenshots/willow-watch-live-cricket-370916083/paywall-screen-2.webp|screenshots/willow-watch-live-cricket-370916083/paywall-screen-3.webp","https://www.paywallpro.app/apps/Willow---Watch-Live-Cricket-us?id=643&utm_source=github&utm_medium=open_dataset&utm_campaign=paywall_gallery","https://www.paywallpro.app/apps/Willow---Watch-Live-Cricket-us?id=643&utm_source=github&utm_medium=open_dataset&utm_campaign=paywall_gallery","2026-06-05"
"719219382","Epic - Kids' Books & Reading","Epic Creations, Inc.","Education","300277","73","7.41","2026-03-24","4","10","9","Free Trial - Soft Paywall","1 offer set across month, year","1","apps/epic-kids-books-and-reading-719219382.md","screenshots/epic-kids-books-and-reading-719219382/cover.webp","screenshots/epic-kids-books-and-reading-719219382/cover.webp","screenshots/epic-kids-books-and-reading-719219382/paywall-screen-2.webp|screenshots/epic-kids-books-and-reading-719219382/paywall-screen-3.webp","https://www.paywallpro.app/apps/Epic---Kids'-Books-&-Reading-us?id=156&utm_source=github&utm_medium=open_dataset&utm_campaign=paywall_gallery","https://www.paywallpro.app/apps/Epic---Kids'-Books-&-Reading-us?id=156&utm_source=github&utm_medium=open_dataset&utm_campaign=paywall_gallery","2026-06-05"
"1508098273","Keiki Learning games for Kids","BENIPOL LIMITED","Education","298820","69","10.7.0","2026-03-30","7","27","0","Free Trial - Soft Paywall","1 offer set across week, half year","1","apps/keiki-learning-games-for-kids-1508098273.md","screenshots/keiki-learning-games-for-kids-1508098273/cover.webp","screenshots/keiki-learning-games-for-kids-1508098273/cover.webp","screenshots/keiki-learning-games-for-kids-1508098273/paywall-screen-2.webp|screenshots/keiki-learning-games-for-kids-1508098273/paywall-screen-3.webp","https://www.paywallpro.app/apps/Keiki-Learning-games-for-Kids-us?id=622&utm_source=github&utm_medium=open_dataset&utm_campaign=paywall_gallery","https://www.paywallpro.app/apps/Keiki-Learning-games-for-Kids-us?id=622&utm_source=github&utm_medium=open_dataset&utm_campaign=paywall_gallery","2026-06-05"
"389638243","Plenty of Fish : Dating App","PlentyOfFish","Social Networking","291239","21","23.81","2024-06-20","2","0","0","No Free Trial - Soft Paywall","1 offer set across week","1","apps/plenty-of-fish-dating-app-389638243.md","screenshots/plenty-of-fish-dating-app-389638243/cover.webp","screenshots/plenty-of-fish-dating-app-389638243/cover.webp","screenshots/plenty-of-fish-dating-app-389638243/paywall-screen-2.webp|screenshots/plenty-of-fish-dating-app-389638243/paywall-screen-3.webp","https://www.paywallpro.app/apps/Plenty-of-Fish-:-Dating-App-us?id=101&utm_source=github&utm_medium=open_dataset&utm_campaign=paywall_gallery","https://www.paywallpro.app/apps/Plenty-of-Fish-:-Dating-App-us?id=101&utm_source=github&utm_medium=open_dataset&utm_campaign=paywall_gallery","2026-06-05"
"1444383602","Goodnotes: AI Notes, Docs, PDF","Goodnotes Limited","Productivity","279745","147","7.0.4","2025-10-06","2","7","9","Free Trial - Soft Paywall","2 offer sets across year","2","apps/goodnotes-ai-notes-docs-pdf-1444383602.md","screenshots/goodnotes-ai-notes-docs-pdf-1444383602/cover.webp","screenshots/goodnotes-ai-notes-docs-pdf-1444383602/cover.webp","screenshots/goodnotes-ai-notes-docs-pdf-1444383602/paywall-annual-11-99-35-99.webp|screenshots/goodnotes-ai-notes-docs-pdf-1444383602/paywall-screen-3.webp","https://www.paywallpro.app/apps/Goodnotes:-AI-Notes%2C-Docs%2C-PDF-us?id=170&utm_source=github&utm_medium=open_dataset&utm_campaign=paywall_gallery","https://www.paywallpro.app/apps/Goodnotes:-AI-Notes%2C-Docs%2C-PDF-us?id=170&utm_source=github&utm_medium=open_dataset&utm_campaign=paywall_gallery","2026-06-05"
"1506577189","Gaze: Live Video Chat App","VLMedia Inc.","Social Networking","279352","174","1.11.2","2025-12-12","1","3","6","No Free Trial - Soft Paywall, Currency Paywall","1 offer set across month","1","apps/gaze-live-video-chat-app-1506577189.md","screenshots/gaze-live-video-chat-app-1506577189/cover.webp","screenshots/gaze-live-video-chat-app-1506577189/cover.webp","screenshots/gaze-live-video-chat-app-1506577189/paywall-currency-paywall.webp|screenshots/gaze-live-video-chat-app-1506577189/paywall-screen-3.webp","https://www.paywallpro.app/apps/Gaze:-Live-Video-Chat-App-us?id=355&utm_source=github&utm_medium=open_dataset&utm_campaign=paywall_gallery","https://www.paywallpro.app/apps/Gaze:-Live-Video-Chat-App-us?id=355&utm_source=github&utm_medium=open_dataset&utm_campaign=paywall_gallery","2026-06-05"
"1476695335","Simply Guitar - Learn Guitar","Simply Ltd","Education","268660","49","10.13","2026-01-18","3","5","5","Free Trial - Soft Paywall","1 offer set across month, year","1","apps/simply-guitar-learn-guitar-1476695335.md","screenshots/simply-guitar-learn-guitar-1476695335/cover.webp","screenshots/simply-guitar-learn-guitar-1476695335/cover.webp","screenshots/simply-guitar-learn-guitar-1476695335/paywall-screen-2.webp|screenshots/simply-guitar-learn-guitar-1476695335/paywall-screen-3.webp","https://www.paywallpro.app/apps/Simply-Guitar---Learn-Guitar-us?id=272&utm_source=github&utm_medium=open_dataset&utm_campaign=paywall_gallery","https://www.paywallpro.app/apps/Simply-Guitar---Learn-Guitar-us?id=272&utm_source=github&utm_medium=open_dataset&utm_campaign=paywall_gallery","2026-06-05"
"1084540807","Vocabulary - Learn words daily","Monkey Taps","Education","268371","5","6.29.0","2026-03-25","7","27","5","Free Trial - Soft Paywall","1 offer set across year","1","apps/vocabulary-learn-words-daily-1084540807.md","screenshots/vocabulary-learn-words-daily-1084540807/cover.webp","screenshots/vocabulary-learn-words-daily-1084540807/cover.webp","screenshots/vocabulary-learn-words-daily-1084540807/paywall-screen-2.webp|screenshots/vocabulary-learn-words-daily-1084540807/paywall-screen-3.webp","https://www.paywallpro.app/apps/Vocabulary---Learn-words-daily-us?id=453013&utm_source=github&utm_medium=open_dataset&utm_campaign=paywall_gallery","https://www.paywallpro.app/apps/Vocabulary---Learn-words-daily-us?id=453013&utm_source=github&utm_medium=open_dataset&utm_campaign=paywall_gallery","2026-06-05"
"1145935738","Cronometer: Calorie Counter","Cronometer Software Inc","Health & Fitness","264832","34","4.48.6","2026-01-01","3","12","5","No Free Trial - Soft Paywall","1 offer set across month, year","1","apps/cronometer-calorie-counter-1145935738.md","screenshots/cronometer-calorie-counter-1145935738/cover.webp","screenshots/cronometer-calorie-counter-1145935738/cover.webp","screenshots/cronometer-calorie-counter-1145935738/paywall-screen-2.webp|screenshots/cronometer-calorie-counter-1145935738/paywall-screen-3.webp","https://www.paywallpro.app/apps/Cronometer:-Calorie-Counter-us?id=370&utm_source=github&utm_medium=open_dataset&utm_campaign=paywall_gallery","https://www.paywallpro.app/apps/Cronometer:-Calorie-Counter-us?id=370&utm_source=github&utm_medium=open_dataset&utm_campaign=paywall_gallery","2026-06-05"
"1199564834","Adobe Scan: PDF & OCR Scanner","Adobe Inc.","Business","264074","33","25.09.11","2025-09-16","3","0","10","Free Trial - Soft Paywall","1 offer set across month, year","1","apps/adobe-scan-pdf-and-ocr-scanner-1199564834.md","screenshots/adobe-scan-pdf-and-ocr-scanner-1199564834/cover.webp","screenshots/adobe-scan-pdf-and-ocr-scanner-1199564834/cover.webp","screenshots/adobe-scan-pdf-and-ocr-scanner-1199564834/paywall-screen-2.webp|screenshots/adobe-scan-pdf-and-ocr-scanner-1199564834/paywall-screen-3.webp","https://www.paywallpro.app/apps/Adobe-Scan:-PDF-&-OCR-Scanner-us?id=474&utm_source=github&utm_medium=open_dataset&utm_campaign=paywall_gallery","https://www.paywallpro.app/apps/Adobe-Scan:-PDF-&-OCR-Scanner-us?id=474&utm_source=github&utm_medium=open_dataset&utm_campaign=paywall_gallery","2026-06-05"
"448639966","PicCollage: Magic Photo Editor","Cardinal Blue","Photo & Video","260579","48","8.57.1","2025-12-15","4","0","5","Free Trial - Soft Paywall","1 offer set across month","1","apps/piccollage-magic-photo-editor-448639966.md","screenshots/piccollage-magic-photo-editor-448639966/cover.webp","screenshots/piccollage-magic-photo-editor-448639966/cover.webp","screenshots/piccollage-magic-photo-editor-448639966/paywall-screen-2.webp|screenshots/piccollage-magic-photo-editor-448639966/paywall-screen-3.webp","https://www.paywallpro.app/apps/PicCollage:-Magic-Photo-Editor-us?id=224&utm_source=github&utm_medium=open_dataset&utm_campaign=paywall_gallery","https://www.paywallpro.app/apps/PicCollage:-Magic-Photo-Editor-us?id=224&utm_source=github&utm_medium=open_dataset&utm_campaign=paywall_gallery","2026-06-05"
"919745844","IMVU: Fun 3D Avatar Chat Game","IMVU","Social Networking","258656","81","12.20.0","2025-09-29","3","0","15","No Free Trial - Soft Paywall","1 offer set across month","1","apps/imvu-fun-3d-avatar-chat-game-919745844.md","screenshots/imvu-fun-3d-avatar-chat-game-919745844/cover.webp","screenshots/imvu-fun-3d-avatar-chat-game-919745844/cover.webp","screenshots/imvu-fun-3d-avatar-chat-game-919745844/paywall-screen-2.webp|screenshots/imvu-fun-3d-avatar-chat-game-919745844/paywall-screen-3.webp","https://www.paywallpro.app/apps/IMVU:-Fun-3D-Avatar-Chat-Game-us?id=165&utm_source=github&utm_medium=open_dataset&utm_campaign=paywall_gallery","https://www.paywallpro.app/apps/IMVU:-Fun-3D-Avatar-Chat-Game-us?id=165&utm_source=github&utm_medium=open_dataset&utm_campaign=paywall_gallery","2026-06-05"
"489940389","Paperless Post: Invitations","Paperless Post","Lifestyle","255415","177","8.23","2026-02-23","2","5","5","Currency Paywall","Not available in preview","0","apps/paperless-post-invitations-489940389.md","screenshots/paperless-post-invitations-489940389/cover.webp","screenshots/paperless-post-invitations-489940389/cover.webp","screenshots/paperless-post-invitations-489940389/paywall-screen-2.webp|screenshots/paperless-post-invitations-489940389/paywall-screen-3.webp","https://www.paywallpro.app/apps/Paperless-Post:-Invitations-us?id=250&utm_source=github&utm_medium=open_dataset&utm_campaign=paywall_gallery","https://www.paywallpro.app/apps/Paperless-Post:-Invitations-us?id=250&utm_source=github&utm_medium=open_dataset&utm_campaign=paywall_gallery","2026-06-05"
"1049234587","Sweat: Fitness App For Women","The Bikini Body Training Company Pty Ltd","Health & Fitness","254498","192","7.0.1","2024-07-25","2","4","0","Free Trial - Soft Paywall","1 offer set across month, year","1","apps/sweat-fitness-app-for-women-1049234587.md","screenshots/sweat-fitness-app-for-women-1049234587/cover.webp","screenshots/sweat-fitness-app-for-women-1049234587/cover.webp","screenshots/sweat-fitness-app-for-women-1049234587/paywall-screen-2.webp|screenshots/sweat-fitness-app-for-women-1049234587/paywall-screen-3.webp","https://www.paywallpro.app/apps/Sweat:-Fitness-App-For-Women-us?id=142&utm_source=github&utm_medium=open_dataset&utm_campaign=paywall_gallery","https://www.paywallpro.app/apps/Sweat:-Fitness-App-For-Women-us?id=142&utm_source=github&utm_medium=open_dataset&utm_campaign=paywall_gallery","2026-06-05"
"527588389","GuitarTuna: Tune & Play Guitar","Yousician Ltd","Music","253028","19","7.85.0","2025-12-09","2","10","12","Free Trial - Soft Paywall","2 offer sets across month, year","2","apps/guitartuna-tune-and-play-guitar-527588389.md","screenshots/guitartuna-tune-and-play-guitar-527588389/cover.webp","screenshots/guitartuna-tune-and-play-guitar-527588389/cover.webp","screenshots/guitartuna-tune-and-play-guitar-527588389/paywall-annual-139-99.webp|screenshots/guitartuna-tune-and-play-guitar-527588389/paywall-screen-3.webp","https://www.paywallpro.app/apps/GuitarTuna:-Tune-&-Play-Guitar-us?id=214&utm_source=github&utm_medium=open_dataset&utm_campaign=paywall_gallery","https://www.paywallpro.app/apps/GuitarTuna:-Tune-&-Play-Guitar-us?id=214&utm_source=github&utm_medium=open_dataset&utm_campaign=paywall_gallery","2026-06-05"
"765535549","Natural Cycles Fertility App","NaturalCycles Nordic AB","Health & Fitness","243994","149","5.6.7","2025-12-16","4","60","0","No Free Trial - Soft Paywall","1 offer set across month, year","1","apps/natural-cycles-fertility-app-765535549.md","screenshots/natural-cycles-fertility-app-765535549/cover.webp","screenshots/natural-cycles-fertility-app-765535549/cover.webp","screenshots/natural-cycles-fertility-app-765535549/paywall-screen-2.webp|screenshots/natural-cycles-fertility-app-765535549/paywall-screen-3.webp","https://www.paywallpro.app/apps/Natural-Cycles-Fertility-App-us?id=245&utm_source=github&utm_medium=open_dataset&utm_campaign=paywall_gallery","https://www.paywallpro.app/apps/Natural-Cycles-Fertility-App-us?id=245&utm_source=github&utm_medium=open_dataset&utm_campaign=paywall_gallery","2026-06-05"
"1134655040","Zwift: Indoor Cycling Fitness","Zwift, Inc","Health & Fitness","242376","37","1.105.2","2026-01-15","1","13","11","Free Trial - Soft Paywall","1 offer set across month","1","apps/zwift-indoor-cycling-fitness-1134655040.md","screenshots/zwift-indoor-cycling-fitness-1134655040/cover.webp","screenshots/zwift-indoor-cycling-fitness-1134655040/cover.webp","screenshots/zwift-indoor-cycling-fitness-1134655040/paywall-screen-2.webp|screenshots/zwift-indoor-cycling-fitness-1134655040/paywall-screen-3.webp","https://www.paywallpro.app/apps/Zwift:-Indoor-Cycling-Fitness-us?id=343&utm_source=github&utm_medium=open_dataset&utm_campaign=paywall_gallery","https://www.paywallpro.app/apps/Zwift:-Indoor-Cycling-Fitness-us?id=343&utm_source=github&utm_medium=open_dataset&utm_campaign=paywall_gallery","2026-06-05"
"505800761","Burner: Second Phone Number","Ad Hoc Labs, Inc","Utilities","242135","61","6.17.0","2025-09-08","5","11","0","Free Trial - Hard Paywall","2 offer sets across month, year","2","apps/burner-second-phone-number-505800761.md","screenshots/burner-second-phone-number-505800761/cover.webp","screenshots/burner-second-phone-number-505800761/cover.webp","screenshots/burner-second-phone-number-505800761/paywall-monthly-9-99-14-99.webp|screenshots/burner-second-phone-number-505800761/paywall-screen-3.webp","https://www.paywallpro.app/apps/Burner:-Second-Phone-Number-us?id=217&utm_source=github&utm_medium=open_dataset&utm_campaign=paywall_gallery","https://www.paywallpro.app/apps/Burner:-Second-Phone-Number-us?id=217&utm_source=github&utm_medium=open_dataset&utm_campaign=paywall_gallery","2026-06-05"
"379693831","Audible: Audiobooks & Podcasts","Audible, Inc.","Books","241795","1","4.60.1","2026-01-07","2","3","6","No Free Trial - Soft Paywall","2 offer sets across month, one-time purchase","2","apps/audible-audiobooks-and-podcasts-379693831.md","screenshots/audible-audiobooks-and-podcasts-379693831/cover.webp","screenshots/audible-audiobooks-and-podcasts-379693831/cover.webp","screenshots/audible-audiobooks-and-podcasts-379693831/paywall-one-time-purchase-7-99.webp|screenshots/audible-audiobooks-and-podcasts-379693831/paywall-screen-3.webp","https://www.paywallpro.app/apps/Audible:-Audiobooks-&-Podcasts-us?id=6&utm_source=github&utm_medium=open_dataset&utm_campaign=paywall_gallery","https://www.paywallpro.app/apps/Audible:-Audiobooks-&-Podcasts-us?id=6&utm_source=github&utm_medium=open_dataset&utm_campaign=paywall_gallery","2026-06-05"
"338701294","OkCupid Dating: Date Singles","Match Group Americas, LLC","Lifestyle","241736","109","94.0.0","2024-10-07","1","3","0","No Free Trial - Soft Paywall, Credit Paywall","1 offer set across month, half year, quarter","1","apps/okcupid-dating-date-singles-338701294.md","screenshots/okcupid-dating-date-singles-338701294/cover.webp","screenshots/okcupid-dating-date-singles-338701294/cover.webp","screenshots/okcupid-dating-date-singles-338701294/paywall-credit-paywall.webp|screenshots/okcupid-dating-date-singles-338701294/paywall-credit-paywall-2.webp","https://www.paywallpro.app/apps/OkCupid-Dating:-Date-Singles-us?id=158&utm_source=github&utm_medium=open_dataset&utm_campaign=paywall_gallery","https://www.paywallpro.app/apps/OkCupid-Dating:-Date-Singles-us?id=158&utm_source=github&utm_medium=open_dataset&utm_campaign=paywall_gallery","2026-06-05"
"876080126","Motivation - Daily quotes","Monkey Taps","Health & Fitness","239892","14","6.28.0","2026-03-18","8","41","6","Free Trial - Soft Paywall","2 offer sets across year","2","apps/motivation-daily-quotes-876080126.md","screenshots/motivation-daily-quotes-876080126/cover.webp","screenshots/motivation-daily-quotes-876080126/cover.webp","screenshots/motivation-daily-quotes-876080126/paywall-annual-47-99.webp|screenshots/motivation-daily-quotes-876080126/paywall-screen-3.webp","https://www.paywallpro.app/apps/Motivation---Daily-quotes-us?id=589&utm_source=github&utm_medium=open_dataset&utm_campaign=paywall_gallery","https://www.paywallpro.app/apps/Motivation---Daily-quotes-us?id=589&utm_source=github&utm_medium=open_dataset&utm_campaign=paywall_gallery","2026-06-05"
"1500855883","CapCut: Photo & Video Editor","Bytedance Pte. Ltd","Photo & Video","239843","2","16.6.0","2026-02-05","10","4","10","Free Trial - Soft Paywall","1 offer set across month, year","1","apps/capcut-photo-and-video-editor-1500855883.md","screenshots/capcut-photo-and-video-editor-1500855883/cover.webp","screenshots/capcut-photo-and-video-editor-1500855883/cover.webp","screenshots/capcut-photo-and-video-editor-1500855883/paywall-screen-2.webp|screenshots/capcut-photo-and-video-editor-1500855883/paywall-screen-3.webp","https://www.paywallpro.app/apps/CapCut:-Photo-&-Video-Editor-us?id=45&utm_source=github&utm_medium=open_dataset&utm_campaign=paywall_gallery","https://www.paywallpro.app/apps/CapCut:-Photo-&-Video-Editor-us?id=45&utm_source=github&utm_medium=open_dataset&utm_campaign=paywall_gallery","2026-06-05"
"1264782561","Co–Star Personalized Astrology","Co-Star Astrology Society","Lifestyle","238228","62","5.23","2026-01-30","5","10","14","No Free Trial - Soft Paywall","1 offer set across month","1","apps/co-star-personalized-astrology-1264782561.md","screenshots/co-star-personalized-astrology-1264782561/cover.webp","screenshots/co-star-personalized-astrology-1264782561/cover.webp","screenshots/co-star-personalized-astrology-1264782561/paywall-screen-2.webp|screenshots/co-star-personalized-astrology-1264782561/paywall-screen-3.webp","https://www.paywallpro.app/apps/Co%E2%80%93Star-Personalized-Astrology-us?id=382&utm_source=github&utm_medium=open_dataset&utm_campaign=paywall_gallery","https://www.paywallpro.app/apps/Co%E2%80%93Star-Personalized-Astrology-us?id=382&utm_source=github&utm_medium=open_dataset&utm_campaign=paywall_gallery","2026-06-05"
"352509417","Washington Post","The Washington Post","News","236941","22","7.4.1","2026-03-18","7","3","5","No Free Trial - Soft Paywall","1 offer set across month, year","1","apps/washington-post-352509417.md","screenshots/washington-post-352509417/cover.webp","screenshots/washington-post-352509417/cover.webp","screenshots/washington-post-352509417/paywall-screen-2.webp|screenshots/washington-post-352509417/paywall-screen-3.webp","https://www.paywallpro.app/apps/Washington-Post-us?id=230&utm_source=github&utm_medium=open_dataset&utm_campaign=paywall_gallery","https://www.paywallpro.app/apps/Washington-Post-us?id=230&utm_source=github&utm_medium=open_dataset&utm_campaign=paywall_gallery","2026-06-05"
"6446202561","KICK - Live Streaming","Kick Streaming","Photo & Video","236248","17","3.3.5","2025-12-16","1","0","12","Currency Paywall","Not available in preview","0","apps/kick-live-streaming-6446202561.md","screenshots/kick-live-streaming-6446202561/cover.webp","screenshots/kick-live-streaming-6446202561/cover.webp","screenshots/kick-live-streaming-6446202561/paywall-screen-2.webp|screenshots/kick-live-streaming-6446202561/paywall-screen-3.webp","https://www.paywallpro.app/apps/KICK---Live-Streaming-us?id=237&utm_source=github&utm_medium=open_dataset&utm_campaign=paywall_gallery","https://www.paywallpro.app/apps/KICK---Live-Streaming-us?id=237&utm_source=github&utm_medium=open_dataset&utm_campaign=paywall_gallery","2026-06-05"
"509993510","Smule: Sing & Duet","Smule","Music","232615","79","13.8.9","2026-01-08","4","3","9","Free Trial - Soft Paywall","2 offer sets across week, month, year","2","apps/smule-sing-and-duet-509993510.md","screenshots/smule-sing-and-duet-509993510/cover.webp","screenshots/smule-sing-and-duet-509993510/cover.webp","screenshots/smule-sing-and-duet-509993510/paywall-weekly-9-99.webp|screenshots/smule-sing-and-duet-509993510/paywall-screen-3.webp","https://www.paywallpro.app/apps/Smule:-Sing-&-Duet-us?id=188&utm_source=github&utm_medium=open_dataset&utm_campaign=paywall_gallery","https://www.paywallpro.app/apps/Smule:-Sing-&-Duet-us?id=188&utm_source=github&utm_medium=open_dataset&utm_campaign=paywall_gallery","2026-06-05"
"1397865865","Package Tracker - pkge Mobile","DARADDO APPS","Business","232349","17","1.7.1","2025-11-15","4","6","2","Free Trial - Soft Paywall, No Free Trial - Soft Paywall","2 offer sets across week, month, year","2","apps/package-tracker-pkge-mobile-1397865865.md","screenshots/package-tracker-pkge-mobile-1397865865/cover.webp","screenshots/package-tracker-pkge-mobile-1397865865/cover.webp","screenshots/package-tracker-pkge-mobile-1397865865/paywall-monthly-14-99.webp|screenshots/package-tracker-pkge-mobile-1397865865/paywall-screen-3.webp","https://www.paywallpro.app/apps/Package-Tracker---pkge-Mobile-us?id=308291&utm_source=github&utm_medium=open_dataset&utm_campaign=paywall_gallery","https://www.paywallpro.app/apps/Package-Tracker---pkge-Mobile-us?id=308291&utm_source=github&utm_medium=open_dataset&utm_campaign=paywall_gallery","2026-06-05"
"1274601042","iFIT Workouts","ICON Health & Fitness, Inc.","Health & Fitness","232073","191","3.6.0","2025-12-15","2","9","6","No Free Trial - Soft Paywall","1 offer set across one-time purchase","1","apps/ifit-workouts-1274601042.md","screenshots/ifit-workouts-1274601042/cover.webp","screenshots/ifit-workouts-1274601042/cover.webp","screenshots/ifit-workouts-1274601042/paywall-screen-2.webp|screenshots/ifit-workouts-1274601042/paywall-screen-3.webp","https://www.paywallpro.app/apps/iFIT-Workouts-us?id=316&utm_source=github&utm_medium=open_dataset&utm_campaign=paywall_gallery","https://www.paywallpro.app/apps/iFIT-Workouts-us?id=316&utm_source=github&utm_medium=open_dataset&utm_campaign=paywall_gallery","2026-06-05"
"376510438","Hulu: Stream TV shows & movies","Hulu, LLC","Entertainment","231365","8","9.23.1","2026-01-06","2","7","0","No Free Trial - Soft Paywall","1 offer set across month","1","apps/hulu-stream-tv-shows-and-movies-376510438.md","screenshots/hulu-stream-tv-shows-and-movies-376510438/cover.webp","screenshots/hulu-stream-tv-shows-and-movies-376510438/cover.webp","screenshots/hulu-stream-tv-shows-and-movies-376510438/paywall-screen-2.webp|screenshots/hulu-stream-tv-shows-and-movies-376510438/paywall-screen-3.webp","https://www.paywallpro.app/apps/Hulu:-Stream-TV-shows-&-movies-us?id=7&utm_source=github&utm_medium=open_dataset&utm_campaign=paywall_gallery","https://www.paywallpro.app/apps/Hulu:-Stream-TV-shows-&-movies-us?id=7&utm_source=github&utm_medium=open_dataset&utm_campaign=paywall_gallery","2026-06-05"
"1010865877","YNAB","You Need A Budget LLC","Finance","227831","138","25.29.1","2025-10-09","2","30","0","Free Trial - Soft Paywall","1 offer set across month, year","1","apps/ynab-1010865877.md","screenshots/ynab-1010865877/cover.webp","screenshots/ynab-1010865877/cover.webp","screenshots/ynab-1010865877/paywall-screen-2.webp|screenshots/ynab-1010865877/paywall-screen-3.webp","https://www.paywallpro.app/apps/YNAB-us?id=345&utm_source=github&utm_medium=open_dataset&utm_campaign=paywall_gallery","https://www.paywallpro.app/apps/YNAB-us?id=345&utm_source=github&utm_medium=open_dataset&utm_campaign=paywall_gallery","2026-06-05"
"1454762989","Instories: AI Photo & Video","Ylee Studio LTD","Photo & Video","224695","61","5.97.0","2026-01-22","5","14","7","Free Trial - Soft Paywall, No Free Trial - Soft Paywall","2 offer sets across month, year","2","apps/instories-ai-photo-and-video-1454762989.md","screenshots/instories-ai-photo-and-video-1454762989/cover.webp","screenshots/instories-ai-photo-and-video-1454762989/cover.webp","screenshots/instories-ai-photo-and-video-1454762989/paywall-annual-36.webp|screenshots/instories-ai-photo-and-video-1454762989/paywall-screen-3.webp","https://www.paywallpro.app/apps/Instories:-AI-Photo-&-Video-us?id=417&utm_source=github&utm_medium=open_dataset&utm_campaign=paywall_gallery","https://www.paywallpro.app/apps/Instories:-AI-Photo-&-Video-us?id=417&utm_source=github&utm_medium=open_dataset&utm_campaign=paywall_gallery","2026-06-05"
"1370293473","VPN - Super Unlimited Proxy","Mobile Jump Pte Ltd","Productivity","223730","8","2.31.1","2026-01-26","3","4","4","Free Trial - Soft Paywall","1 offer set across week, month, year","1","apps/vpn-super-unlimited-proxy-1370293473.md","screenshots/vpn-super-unlimited-proxy-1370293473/cover.webp","screenshots/vpn-super-unlimited-proxy-1370293473/cover.webp","screenshots/vpn-super-unlimited-proxy-1370293473/paywall-screen-2.webp|screenshots/vpn-super-unlimited-proxy-1370293473/paywall-screen-3.webp","https://www.paywallpro.app/apps/VPN---Super-Unlimited-Proxy-us?id=311&utm_source=github&utm_medium=open_dataset&utm_campaign=paywall_gallery","https://www.paywallpro.app/apps/VPN---Super-Unlimited-Proxy-us?id=311&utm_source=github&utm_medium=open_dataset&utm_campaign=paywall_gallery","2026-06-05"
"1394069110","Zutobi: Permit & Driving Prep","Zutobi AB","Education","222868","17","4.5.59","2026-03-23","6","7","3","Free Trial - Soft Paywall","1 offer set across week","1","apps/zutobi-permit-and-driving-prep-1394069110.md","screenshots/zutobi-permit-and-driving-prep-1394069110/cover.webp","screenshots/zutobi-permit-and-driving-prep-1394069110/cover.webp","screenshots/zutobi-permit-and-driving-prep-1394069110/paywall-screen-2.webp|screenshots/zutobi-permit-and-driving-prep-1394069110/paywall-screen-3.webp","https://www.paywallpro.app/apps/Zutobi:-Permit-&-Driving-Prep-us?id=577&utm_source=github&utm_medium=open_dataset&utm_campaign=paywall_gallery","https://www.paywallpro.app/apps/Zutobi:-Permit-&-Driving-Prep-us?id=577&utm_source=github&utm_medium=open_dataset&utm_campaign=paywall_gallery","2026-06-05"
"919087726","Photomath","Google","Education","221340","18","8.46.0","2026-02-12","2","4","5","Free Trial - Soft Paywall","1 offer set across month","1","apps/photomath-919087726.md","screenshots/photomath-919087726/cover.webp","screenshots/photomath-919087726/cover.webp","screenshots/photomath-919087726/paywall-screen-2.webp|screenshots/photomath-919087726/paywall-screen-3.webp","https://www.paywallpro.app/apps/Photomath-us?id=106&utm_source=github&utm_medium=open_dataset&utm_campaign=paywall_gallery","https://www.paywallpro.app/apps/Photomath-us?id=106&utm_source=github&utm_medium=open_dataset&utm_campaign=paywall_gallery","2026-06-05"
"529443604","SnoreLab : Record Your Snoring","Reviva Softworks Ltd","Medical","220453","59","5.8.3","2025-10-08","3","10","8","Free Trial - Soft Paywall","1 offer set across month, year","1","apps/snorelab-record-your-snoring-529443604.md","screenshots/snorelab-record-your-snoring-529443604/cover.webp","screenshots/snorelab-record-your-snoring-529443604/cover.webp","screenshots/snorelab-record-your-snoring-529443604/paywall-screen-2.webp|screenshots/snorelab-record-your-snoring-529443604/paywall-screen-3.webp","https://www.paywallpro.app/apps/SnoreLab-:-Record-Your-Snoring-us?id=429&utm_source=github&utm_medium=open_dataset&utm_campaign=paywall_gallery","https://www.paywallpro.app/apps/SnoreLab-:-Record-Your-Snoring-us?id=429&utm_source=github&utm_medium=open_dataset&utm_campaign=paywall_gallery","2026-06-05"
"886492891","ExpressVPN · Secure & Fast VPN","Express VPN","Utilities","219567","58","12.47.0","2026-03-16","7","6","0","Free Trial - Soft Paywall","1 offer set across week, month, year","1","apps/expressvpn-secure-and-fast-vpn-886492891.md","screenshots/expressvpn-secure-and-fast-vpn-886492891/cover.webp","screenshots/expressvpn-secure-and-fast-vpn-886492891/cover.webp","screenshots/expressvpn-secure-and-fast-vpn-886492891/paywall-screen-2.webp|screenshots/expressvpn-secure-and-fast-vpn-886492891/paywall-screen-3.webp","https://www.paywallpro.app/apps/ExpressVPN-%C2%B7-Secure-&-Fast-VPN-us?id=145&utm_source=github&utm_medium=open_dataset&utm_campaign=paywall_gallery","https://www.paywallpro.app/apps/ExpressVPN-%C2%B7-Secure-&-Fast-VPN-us?id=145&utm_source=github&utm_medium=open_dataset&utm_campaign=paywall_gallery","2026-06-05"
"422689480","Gmail - Email by Google","Google","Productivity","219552","4","6.0.260309","2026-03-17","10","0","10","No Free Trial - Soft Paywall","2 offer sets across month, year","2","apps/gmail-email-by-google-422689480.md","screenshots/gmail-email-by-google-422689480/cover.webp","screenshots/gmail-email-by-google-422689480/cover.webp","screenshots/gmail-email-by-google-422689480/paywall-monthly-1-99-7-99-9-99.webp|screenshots/gmail-email-by-google-422689480/paywall-monthly-1-99-7-99-9-99-2.webp","https://www.paywallpro.app/apps/Gmail---Email-by-Google-us?id=38&utm_source=github&utm_medium=open_dataset&utm_campaign=paywall_gallery","https://www.paywallpro.app/apps/Gmail---Email-by-Google-us?id=38&utm_source=github&utm_medium=open_dataset&utm_campaign=paywall_gallery","2026-06-05"
"477537958","Microsoft OneDrive","Microsoft Corporation","Productivity","217808","22","16.30.6","2026-01-07","1","14","6","No Free Trial - Soft Paywall","3 offer sets across month","3","apps/microsoft-onedrive-477537958.md","screenshots/microsoft-onedrive-477537958/cover.webp","screenshots/microsoft-onedrive-477537958/cover.webp","screenshots/microsoft-onedrive-477537958/paywall-monthly-9-99.webp|screenshots/microsoft-onedrive-477537958/paywall-monthly-0-99-1-99-9-99-12-99.webp","https://www.paywallpro.app/apps/Microsoft-OneDrive-us?id=247&utm_source=github&utm_medium=open_dataset&utm_campaign=paywall_gallery","https://www.paywallpro.app/apps/Microsoft-OneDrive-us?id=247&utm_source=github&utm_medium=open_dataset&utm_campaign=paywall_gallery","2026-06-05"
"1239522573","Speech Blubs: Language Therapy","Blub Blub Inc.","Education","214431","133","17.5.0","2026-03-17","4","52","0","Free Trial - Soft Paywall","1 offer set across month","1","apps/speech-blubs-language-therapy-1239522573.md","screenshots/speech-blubs-language-therapy-1239522573/cover.webp","screenshots/speech-blubs-language-therapy-1239522573/cover.webp","screenshots/speech-blubs-language-therapy-1239522573/paywall-screen-2.webp|screenshots/speech-blubs-language-therapy-1239522573/paywall-screen-3.webp","https://www.paywallpro.app/apps/Speech-Blubs:-Language-Therapy-us?id=278&utm_source=github&utm_medium=open_dataset&utm_campaign=paywall_gallery","https://www.paywallpro.app/apps/Speech-Blubs:-Language-Therapy-us?id=278&utm_source=github&utm_medium=open_dataset&utm_campaign=paywall_gallery","2026-06-05"
"930441707","Bumble Dating App: Meet & Date","Bumble Holding Limited","Lifestyle","214205","2","5.378.1","2024-09-04","1","0","0","Credit Paywall, No Free Trial - Soft Paywall","3 offer sets across week, month, half year, quarter, one-time purchase","3","apps/bumble-dating-app-meet-and-date-930441707.md","screenshots/bumble-dating-app-meet-and-date-930441707/cover.webp","screenshots/bumble-dating-app-meet-and-date-930441707/cover.webp","screenshots/bumble-dating-app-meet-and-date-930441707/paywall-weekly-39-99-29-99.webp|screenshots/bumble-dating-app-meet-and-date-930441707/paywall-weekly-29-99-19-99.webp","https://www.paywallpro.app/apps/Bumble-Dating-App:-Meet-&-Date-us?id=8&utm_source=github&utm_medium=open_dataset&utm_campaign=paywall_gallery","https://www.paywallpro.app/apps/Bumble-Dating-App:-Meet-&-Date-us?id=8&utm_source=github&utm_medium=open_dataset&utm_campaign=paywall_gallery","2026-06-05"
"897446215","Canva: AI Video & Photo Editor","Canva","Photo & Video","206304","4","4.201.0","2026-03-18","8","0","11","Free Trial - Soft Paywall","1 offer set across month, year","1","apps/canva-ai-video-and-photo-editor-897446215.md","screenshots/canva-ai-video-and-photo-editor-897446215/cover.webp","screenshots/canva-ai-video-and-photo-editor-897446215/cover.webp","screenshots/canva-ai-video-and-photo-editor-897446215/paywall-screen-2.webp|screenshots/canva-ai-video-and-photo-editor-897446215/paywall-screen-3.webp","https://www.paywallpro.app/apps/Canva:-AI-Video-&-Photo-Editor-us?id=24&utm_source=github&utm_medium=open_dataset&utm_campaign=paywall_gallery","https://www.paywallpro.app/apps/Canva:-AI-Video-&-Photo-Editor-us?id=24&utm_source=github&utm_medium=open_dataset&utm_campaign=paywall_gallery","2026-06-05"
"1314873764","Invoice Maker ▸ Estimate App","GetPaid Inc.","Business","202525","91","3.9.39","2026-02-26","5","0","8","Free Trial - Soft Paywall","1 offer set across week, month, year","1","apps/invoice-maker-estimate-app-1314873764.md","screenshots/invoice-maker-estimate-app-1314873764/cover.webp","screenshots/invoice-maker-estimate-app-1314873764/cover.webp","screenshots/invoice-maker-estimate-app-1314873764/paywall-screen-2.webp|screenshots/invoice-maker-estimate-app-1314873764/paywall-screen-3.webp","https://www.paywallpro.app/apps/Invoice-Maker-%E2%96%B8-Estimate-App-us?id=346&utm_source=github&utm_medium=open_dataset&utm_campaign=paywall_gallery","https://www.paywallpro.app/apps/Invoice-Maker-%E2%96%B8-Estimate-App-us?id=346&utm_source=github&utm_medium=open_dataset&utm_campaign=paywall_gallery","2026-06-05"
"1205990992","TradingView: Track All Markets","TradingView","Finance","201088","36","2.123.0","2026-01-23","4","0","17","Free Trial - Soft Paywall","2 offer sets across month, year","2","apps/tradingview-track-all-markets-1205990992.md","screenshots/tradingview-track-all-markets-1205990992/cover.webp","screenshots/tradingview-track-all-markets-1205990992/cover.webp","screenshots/tradingview-track-all-markets-1205990992/paywall-monthly-12-95-28-29-56-49-199-95-14-95-33-95-67-95-239-95.webp|screenshots/tradingview-track-all-markets-1205990992/paywall-screen-3.webp","https://www.paywallpro.app/apps/TradingView:-Track-All-Markets-us?id=446&utm_source=github&utm_medium=open_dataset&utm_campaign=paywall_gallery","https://www.paywallpro.app/apps/TradingView:-Track-All-Markets-us?id=446&utm_source=github&utm_medium=open_dataset&utm_campaign=paywall_gallery","2026-06-05"
"962194608","Google Photos: Backup & Edit","Google","Photo & Video","200596","7","7.67.0","2026-03-12","9","9","0","No Free Trial - Soft Paywall","2 offer sets across month, year","2","apps/google-photos-backup-and-edit-962194608.md","screenshots/google-photos-backup-and-edit-962194608/cover.webp","screenshots/google-photos-backup-and-edit-962194608/cover.webp","screenshots/google-photos-backup-and-edit-962194608/paywall-monthly-1-99-2-99-9-99.webp|screenshots/google-photos-backup-and-edit-962194608/paywall-monthly-1-99-2-99-9-99-2.webp","https://www.paywallpro.app/apps/Google-Photos:-Backup-&-Edit-us?id=32&utm_source=github&utm_medium=open_dataset&utm_campaign=paywall_gallery","https://www.paywallpro.app/apps/Google-Photos:-Backup-&-Edit-us?id=32&utm_source=github&utm_medium=open_dataset&utm_campaign=paywall_gallery","2026-06-05"
"1289684085","Chispa: Dating App for Latinos","Affinity Apps, LLC","Social Networking","196598","46","12.0.0","2025-12-15","1","14","6","No Free Trial - Soft Paywall","2 offer sets across week, month, half year, quarter","2","apps/chispa-dating-app-for-latinos-1289684085.md","screenshots/chispa-dating-app-for-latinos-1289684085/cover.webp","screenshots/chispa-dating-app-for-latinos-1289684085/cover.webp","screenshots/chispa-dating-app-for-latinos-1289684085/paywall-weekly-29-99.webp|screenshots/chispa-dating-app-for-latinos-1289684085/paywall-screen-3.webp","https://www.paywallpro.app/apps/Chispa:-Dating-App-for-Latinos-us?id=110&utm_source=github&utm_medium=open_dataset&utm_campaign=paywall_gallery","https://www.paywallpro.app/apps/Chispa:-Dating-App-for-Latinos-us?id=110&utm_source=github&utm_medium=open_dataset&utm_campaign=paywall_gallery","2026-06-05"
"319881193","Grindr - Gay Dating & Chat","Grindr LLC","Social Networking","196595","32","26.2.1","2026-02-10","7","0","9","No Free Trial - Soft Paywall","1 offer set across week, month, year, quarter","1","apps/grindr-gay-dating-and-chat-319881193.md","screenshots/grindr-gay-dating-and-chat-319881193/cover.webp","screenshots/grindr-gay-dating-and-chat-319881193/cover.webp","screenshots/grindr-gay-dating-and-chat-319881193/paywall-weekly-14-99-27-99.webp|screenshots/grindr-gay-dating-and-chat-319881193/paywall-weekly-14-99-27-99-2.webp","https://www.paywallpro.app/apps/Grindr---Gay-Dating-&-Chat-us?id=27&utm_source=github&utm_medium=open_dataset&utm_campaign=paywall_gallery","https://www.paywallpro.app/apps/Grindr---Gay-Dating-&-Chat-us?id=27&utm_source=github&utm_medium=open_dataset&utm_campaign=paywall_gallery","2026-06-05"
"331975235","Photoshop Express Photo Editor","Adobe Inc.","Photo & Video","194389","57","26.9.1.8701","2026-03-11","3","13","0","Free Trial - Soft Paywall","1 offer set across month, year","1","apps/photoshop-express-photo-editor-331975235.md","screenshots/photoshop-express-photo-editor-331975235/cover.webp","screenshots/photoshop-express-photo-editor-331975235/cover.webp","screenshots/photoshop-express-photo-editor-331975235/paywall-screen-2.webp|screenshots/photoshop-express-photo-editor-331975235/paywall-screen-3.webp","https://www.paywallpro.app/apps/Photoshop-Express-Photo-Editor-us?id=179&utm_source=github&utm_medium=open_dataset&utm_campaign=paywall_gallery","https://www.paywallpro.app/apps/Photoshop-Express-Photo-Editor-us?id=179&utm_source=github&utm_medium=open_dataset&utm_campaign=paywall_gallery","2026-06-05"
"1276437113","Otter Transcribe Voice Notes","Otter.ai, Inc.","Productivity","192950","70","3.94.0","2026-02-27","6","0","7","No Free Trial - Soft Paywall","1 offer set across month, year","1","apps/otter-transcribe-voice-notes-1276437113.md","screenshots/otter-transcribe-voice-notes-1276437113/cover.webp","screenshots/otter-transcribe-voice-notes-1276437113/cover.webp","screenshots/otter-transcribe-voice-notes-1276437113/paywall-screen-2.webp|screenshots/otter-transcribe-voice-notes-1276437113/paywall-screen-3.webp","https://www.paywallpro.app/apps/Otter-Transcribe-Voice-Notes-us?id=394&utm_source=github&utm_medium=open_dataset&utm_campaign=paywall_gallery","https://www.paywallpro.app/apps/Otter-Transcribe-Voice-Notes-us?id=394&utm_source=github&utm_medium=open_dataset&utm_campaign=paywall_gallery","2026-06-05"
"1032794422","nugs: Live Music Lives Here","nugs.net enterprises, LLC","Music","192306","187","4.2","2026-02-12","3","3","7","No Free Trial - Soft Paywall","1 offer set across month, year","1","apps/nugs-live-music-lives-here-1032794422.md","screenshots/nugs-live-music-lives-here-1032794422/cover.webp","screenshots/nugs-live-music-lives-here-1032794422/cover.webp","screenshots/nugs-live-music-lives-here-1032794422/paywall-screen-2.webp|screenshots/nugs-live-music-lives-here-1032794422/paywall-screen-3.webp","https://www.paywallpro.app/apps/nugs:-Live-Music-Lives-Here-us?id=294&utm_source=github&utm_medium=open_dataset&utm_campaign=paywall_gallery","https://www.paywallpro.app/apps/nugs:-Live-Music-Lives-Here-us?id=294&utm_source=github&utm_medium=open_dataset&utm_campaign=paywall_gallery","2026-06-05"
"545519333","Amazon Prime Video","AMZN Mobile LLC","Entertainment","191657","7","10.124.1","2026-03-30","2","6","11","Free Trial - Soft Paywall","1 offer set across month","1","apps/amazon-prime-video-545519333.md","screenshots/amazon-prime-video-545519333/cover.webp","screenshots/amazon-prime-video-545519333/cover.webp","screenshots/amazon-prime-video-545519333/paywall-screen-2.webp|screenshots/amazon-prime-video-545519333/paywall-screen-3.webp","https://www.paywallpro.app/apps/Amazon-Prime-Video-us?id=22&utm_source=github&utm_medium=open_dataset&utm_campaign=paywall_gallery","https://www.paywallpro.app/apps/Amazon-Prime-Video-us?id=22&utm_source=github&utm_medium=open_dataset&utm_campaign=paywall_gallery","2026-06-05"
"1540719743","Toonapp: AI Photo & Video Art","Lyrebird Studio","Photo & Video","190424","22","2.31.0","2025-09-05","2","11","4","Free Trial - Soft Paywall","2 offer sets across week, year","2","apps/toonapp-ai-photo-and-video-art-1540719743.md","screenshots/toonapp-ai-photo-and-video-art-1540719743/cover.webp","screenshots/toonapp-ai-photo-and-video-art-1540719743/cover.webp","screenshots/toonapp-ai-photo-and-video-art-1540719743/paywall-weekly-4-99.webp|screenshots/toonapp-ai-photo-and-video-art-1540719743/paywall-screen-3.webp","https://www.paywallpro.app/apps/Toonapp:-AI-Photo-&-Video-Art-us?id=769&utm_source=github&utm_medium=open_dataset&utm_campaign=paywall_gallery","https://www.paywallpro.app/apps/Toonapp:-AI-Photo-&-Video-Art-us?id=769&utm_source=github&utm_medium=open_dataset&utm_campaign=paywall_gallery","2026-06-05"
"6447763703","ChatBox AI - Chatbot Assistant","FLORATE LIMITED","Productivity","189367","85","1.96","2026-01-21","6","7","5","Free Trial - Soft Paywall","1 offer set across week, year","1","apps/chatbox-ai-chatbot-assistant-6447763703.md","screenshots/chatbox-ai-chatbot-assistant-6447763703/cover.webp","screenshots/chatbox-ai-chatbot-assistant-6447763703/cover.webp","screenshots/chatbox-ai-chatbot-assistant-6447763703/paywall-screen-2.webp|screenshots/chatbox-ai-chatbot-assistant-6447763703/paywall-screen-3.webp","https://www.paywallpro.app/apps/ChatBox-AI---Chatbot-Assistant-us?id=181&utm_source=github&utm_medium=open_dataset&utm_campaign=paywall_gallery","https://www.paywallpro.app/apps/ChatBox-AI---Chatbot-Assistant-us?id=181&utm_source=github&utm_medium=open_dataset&utm_campaign=paywall_gallery","2026-06-05"
"570060128","Duolingo: Language Lessons","Duolingo","Education","189363","1","7.103.0","2025-12-15","3","21","0","No Free Trial - Soft Paywall","1 offer set across month, year","1","apps/duolingo-language-lessons-570060128.md","screenshots/duolingo-language-lessons-570060128/cover.webp","screenshots/duolingo-language-lessons-570060128/cover.webp","screenshots/duolingo-language-lessons-570060128/paywall-screen-2.webp|screenshots/duolingo-language-lessons-570060128/paywall-screen-3.webp","https://www.paywallpro.app/apps/Duolingo:-Language-Lessons-us?id=16&utm_source=github&utm_medium=open_dataset&utm_campaign=paywall_gallery","https://www.paywallpro.app/apps/Duolingo:-Language-Lessons-us?id=16&utm_source=github&utm_medium=open_dataset&utm_campaign=paywall_gallery","2026-06-05"
"1308415878","GameChanger","GameChanger Media, Inc.","Sports","187504","24","2025.19.0","2025-09-15","2","0","8","Free Trial - Soft Paywall","3 offer sets across month, year","3","apps/gamechanger-1308415878.md","screenshots/gamechanger-1308415878/cover.webp","screenshots/gamechanger-1308415878/cover.webp","screenshots/gamechanger-1308415878/paywall-monthly-9-99.webp|screenshots/gamechanger-1308415878/paywall-monthly-14-99.webp","https://www.paywallpro.app/apps/GameChanger-us?id=35&utm_source=github&utm_medium=open_dataset&utm_campaign=paywall_gallery","https://www.paywallpro.app/apps/GameChanger-us?id=35&utm_source=github&utm_medium=open_dataset&utm_campaign=paywall_gallery","2026-06-05"
"287170072","Keeper Password Manager","Callpod Inc.","Productivity","185036","17","17.7.1","2026-01-29","2","4","8","No Free Trial - Soft Paywall","1 offer set across year","1","apps/keeper-password-manager-287170072.md","screenshots/keeper-password-manager-287170072/cover.webp","screenshots/keeper-password-manager-287170072/cover.webp","screenshots/keeper-password-manager-287170072/paywall-screen-2.webp|screenshots/keeper-password-manager-287170072/paywall-screen-3.webp","https://www.paywallpro.app/apps/Keeper-Password-Manager-us?id=208&utm_source=github&utm_medium=open_dataset&utm_campaign=paywall_gallery","https://www.paywallpro.app/apps/Keeper-Password-Manager-us?id=208&utm_source=github&utm_medium=open_dataset&utm_campaign=paywall_gallery","2026-06-05"
"972558973","Azar: Chat, Meet Friends","Hyperconnect LLC","Social Networking","184646","51","6.22.0","2026-02-03","4","6","12","No Free Trial - Soft Paywall, Currency Paywall","1 offer set across month","1","apps/azar-chat-meet-friends-972558973.md","screenshots/azar-chat-meet-friends-972558973/cover.webp","screenshots/azar-chat-meet-friends-972558973/cover.webp","screenshots/azar-chat-meet-friends-972558973/paywall-screen-2.webp|screenshots/azar-chat-meet-friends-972558973/paywall-currency-paywall.webp","https://www.paywallpro.app/apps/Azar:-Chat%2C-Meet-Friends-us?id=240&utm_source=github&utm_medium=open_dataset&utm_campaign=paywall_gallery","https://www.paywallpro.app/apps/Azar:-Chat%2C-Meet-Friends-us?id=240&utm_source=github&utm_medium=open_dataset&utm_campaign=paywall_gallery","2026-06-05"
"1476732439","Wanderlog - Travel Planner","Vacation and Travel Planner App LLC","Travel","182376","62","2.186","2025-12-07","4","17","4","Free Trial - Soft Paywall, No Free Trial - Soft Paywall","2 offer sets across year","2","apps/wanderlog-travel-planner-1476732439.md","screenshots/wanderlog-travel-planner-1476732439/cover.webp","screenshots/wanderlog-travel-planner-1476732439/cover.webp","screenshots/wanderlog-travel-planner-1476732439/paywall-annual-31-99.webp|screenshots/wanderlog-travel-planner-1476732439/paywall-screen-3.webp","https://www.paywallpro.app/apps/Wanderlog---Travel-Planner-us?id=444&utm_source=github&utm_medium=open_dataset&utm_campaign=paywall_gallery","https://www.paywallpro.app/apps/Wanderlog---Travel-Planner-us?id=444&utm_source=github&utm_medium=open_dataset&utm_campaign=paywall_gallery","2026-06-05"
"507874739","Google Drive","Google","Productivity","181320","5","4.2608.11801","2026-02-23","9","0","10","No Free Trial - Soft Paywall","2 offer sets across month, year","2","apps/google-drive-507874739.md","screenshots/google-drive-507874739/cover.webp","screenshots/google-drive-507874739/cover.webp","screenshots/google-drive-507874739/paywall-monthly-0-49-1-99-7-99-2-49-9-99.webp|screenshots/google-drive-507874739/paywall-monthly-0-49-1-99-7-99-2-49-9-99-2.webp","https://www.paywallpro.app/apps/Google-Drive-us?id=243&utm_source=github&utm_medium=open_dataset&utm_campaign=paywall_gallery","https://www.paywallpro.app/apps/Google-Drive-us?id=243&utm_source=github&utm_medium=open_dataset&utm_campaign=paywall_gallery","2026-06-05"
"1307736395","Waking Up: Meditation & Wisdom","Waking Up Course, LLC","Health & Fitness","180031","175","3.19.1","2026-02-25","3","10","4","Free Trial - Soft Paywall","1 offer set across year","1","apps/waking-up-meditation-and-wisdom-1307736395.md","screenshots/waking-up-meditation-and-wisdom-1307736395/cover.webp","screenshots/waking-up-meditation-and-wisdom-1307736395/cover.webp","screenshots/waking-up-meditation-and-wisdom-1307736395/paywall-screen-2.webp|screenshots/waking-up-meditation-and-wisdom-1307736395/paywall-screen-3.webp","https://www.paywallpro.app/apps/Waking-Up:-Meditation-&-Wisdom-us?id=236&utm_source=github&utm_medium=open_dataset&utm_campaign=paywall_gallery","https://www.paywallpro.app/apps/Waking-Up:-Meditation-&-Wisdom-us?id=236&utm_source=github&utm_medium=open_dataset&utm_campaign=paywall_gallery","2026-06-05"
"1031660123","BODi Home Fitness & Workouts","Beachbody, LLC","Health & Fitness","177700","36","10.10.0","2025-11-18","3","0","9","Free Trial - Soft Paywall","1 offer set across month, year","1","apps/bodi-home-fitness-and-workouts-1031660123.md","screenshots/bodi-home-fitness-and-workouts-1031660123/cover.webp","screenshots/bodi-home-fitness-and-workouts-1031660123/cover.webp","screenshots/bodi-home-fitness-and-workouts-1031660123/paywall-screen-2.webp|screenshots/bodi-home-fitness-and-workouts-1031660123/paywall-screen-3.webp","https://www.paywallpro.app/apps/BODi-Home-Fitness-&-Workouts-us?id=162&utm_source=github&utm_medium=open_dataset&utm_campaign=paywall_gallery","https://www.paywallpro.app/apps/BODi-Home-Fitness-&-Workouts-us?id=162&utm_source=github&utm_medium=open_dataset&utm_campaign=paywall_gallery","2026-06-05"
"1571274697","Kismia - Dating App & Chat","Kismia Group Limited","Lifestyle","176636","152","1.9.22","2025-10-02","3","26","10","Free Trial - Soft Paywall, No Free Trial - Soft Paywall","4 offer sets across week, month, year","4","apps/kismia-dating-app-and-chat-1571274697.md","screenshots/kismia-dating-app-and-chat-1571274697/cover.webp","screenshots/kismia-dating-app-and-chat-1571274697/cover.webp","screenshots/kismia-dating-app-and-chat-1571274697/paywall-weekly-14-99.webp|screenshots/kismia-dating-app-and-chat-1571274697/paywall-weekly-18-99.webp","https://www.paywallpro.app/apps/Kismia---Dating-App-&-Chat-us?id=309&utm_source=github&utm_medium=open_dataset&utm_campaign=paywall_gallery","https://www.paywallpro.app/apps/Kismia---Dating-App-&-Chat-us?id=309&utm_source=github&utm_medium=open_dataset&utm_campaign=paywall_gallery","2026-06-05"
"1135216317","The Athletic: All Sports News","The New York Times Company","Sports","173615","101","13.103.0","2025-09-15","2","6","5","Free Trial - Soft Paywall, No Free Trial - Soft Paywall","2 offer sets across month, year","2","apps/the-athletic-all-sports-news-1135216317.md","screenshots/the-athletic-all-sports-news-1135216317/cover.webp","screenshots/the-athletic-all-sports-news-1135216317/cover.webp","screenshots/the-athletic-all-sports-news-1135216317/paywall-monthly-7-99.webp|screenshots/the-athletic-all-sports-news-1135216317/paywall-screen-3.webp","https://www.paywallpro.app/apps/The-Athletic:-All-Sports-News-us?id=330&utm_source=github&utm_medium=open_dataset&utm_campaign=paywall_gallery","https://www.paywallpro.app/apps/The-Athletic:-All-Sports-News-us?id=330&utm_source=github&utm_medium=open_dataset&utm_campaign=paywall_gallery","2026-06-05"
"943869618","Toca Boca Jr: Fun Kids Games","Piknik","Education","173485","46","3.8","2026-01-28","3","0","9","No Free Trial - Soft Paywall","1 offer set across month","1","apps/toca-boca-jr-fun-kids-games-943869618.md","screenshots/toca-boca-jr-fun-kids-games-943869618/cover.webp","screenshots/toca-boca-jr-fun-kids-games-943869618/cover.webp","screenshots/toca-boca-jr-fun-kids-games-943869618/paywall-screen-2.webp|screenshots/toca-boca-jr-fun-kids-games-943869618/paywall-screen-3.webp","https://www.paywallpro.app/apps/Toca-Boca-Jr:-Fun-Kids-Games-us?id=601&utm_source=github&utm_medium=open_dataset&utm_campaign=paywall_gallery","https://www.paywallpro.app/apps/Toca-Boca-Jr:-Fun-Kids-Games-us?id=601&utm_source=github&utm_medium=open_dataset&utm_campaign=paywall_gallery","2026-06-05"
"358899126","Tagged Dating: Chat & Go Live!","Ifwe Inc.","Social Networking","172256","93","213.3","2025-11-14","3","0","9","No Free Trial - Soft Paywall","1 offer set across month, half year, quarter","1","apps/tagged-dating-chat-and-go-live-358899126.md","screenshots/tagged-dating-chat-and-go-live-358899126/cover.webp","screenshots/tagged-dating-chat-and-go-live-358899126/cover.webp","screenshots/tagged-dating-chat-and-go-live-358899126/paywall-screen-2.webp|screenshots/tagged-dating-chat-and-go-live-358899126/paywall-screen-3.webp","https://www.paywallpro.app/apps/Tagged-Dating:-Chat-&-Go-Live!-us?id=227&utm_source=github&utm_medium=open_dataset&utm_campaign=paywall_gallery","https://www.paywallpro.app/apps/Tagged-Dating:-Chat-&-Go-Live!-us?id=227&utm_source=github&utm_medium=open_dataset&utm_campaign=paywall_gallery","2026-06-05"
"6444046612","Nibble: Your Bite of Knowledge","Kremital Limited","Education","172025","30","9.12.0","2025-12-19","3","34","8","Free Trial - Soft Paywall, No Free Trial - Soft Paywall","4 offer sets across month, year, quarter","4","apps/nibble-your-bite-of-knowledge-6444046612.md","screenshots/nibble-your-bite-of-knowledge-6444046612/cover.webp","screenshots/nibble-your-bite-of-knowledge-6444046612/cover.webp","screenshots/nibble-your-bite-of-knowledge-6444046612/paywall-monthly-19-98.webp|screenshots/nibble-your-bite-of-knowledge-6444046612/paywall-annual-29-99.webp","https://www.paywallpro.app/apps/Nibble:-Your-Bite-of-Knowledge-us?id=761&utm_source=github&utm_medium=open_dataset&utm_campaign=paywall_gallery","https://www.paywallpro.app/apps/Nibble:-Your-Bite-of-Knowledge-us?id=761&utm_source=github&utm_medium=open_dataset&utm_campaign=paywall_gallery","2026-06-05"
"398018310","CNBC: Stock Market & Business","Versant Media LLC","News","171719","41","8.4.3","2026-03-13","5","2","10","No Free Trial - Soft Paywall","2 offer sets across month, year","2","apps/cnbc-stock-market-and-business-398018310.md","screenshots/cnbc-stock-market-and-business-398018310/cover.webp","screenshots/cnbc-stock-market-and-business-398018310/cover.webp","screenshots/cnbc-stock-market-and-business-398018310/paywall-monthly-14-99.webp|screenshots/cnbc-stock-market-and-business-398018310/paywall-screen-3.webp","https://www.paywallpro.app/apps/CNBC:-Stock-Market-&-Business-us?id=379&utm_source=github&utm_medium=open_dataset&utm_campaign=paywall_gallery","https://www.paywallpro.app/apps/CNBC:-Stock-Market-&-Business-us?id=379&utm_source=github&utm_medium=open_dataset&utm_campaign=paywall_gallery","2026-06-05"
"510855668","Amazon Music: Songs & Podcasts","AMZN Mobile LLC","Music","171625","5","25.25.0","2025-12-08","2","5","5","Free Trial - Soft Paywall","1 offer set across month","1","apps/amazon-music-songs-and-podcasts-510855668.md","screenshots/amazon-music-songs-and-podcasts-510855668/cover.webp","screenshots/amazon-music-songs-and-podcasts-510855668/cover.webp","screenshots/amazon-music-songs-and-podcasts-510855668/paywall-screen-2.webp|screenshots/amazon-music-songs-and-podcasts-510855668/paywall-screen-3.webp","https://www.paywallpro.app/apps/Amazon-Music:-Songs-&-Podcasts-us?id=28&utm_source=github&utm_medium=open_dataset&utm_campaign=paywall_gallery","https://www.paywallpro.app/apps/Amazon-Music:-Songs-&-Podcasts-us?id=28&utm_source=github&utm_medium=open_dataset&utm_campaign=paywall_gallery","2026-06-05"
"351331194","Badoo Dating: Meet New People","Badoo Software Ltd","Lifestyle","171580","103","5.448.0","2026-02-09","3","18","12","Currency Paywall","Not available in preview","0","apps/badoo-dating-meet-new-people-351331194.md","screenshots/badoo-dating-meet-new-people-351331194/cover.webp","screenshots/badoo-dating-meet-new-people-351331194/cover.webp","screenshots/badoo-dating-meet-new-people-351331194/paywall-currency-paywall.webp|screenshots/badoo-dating-meet-new-people-351331194/paywall-screen-3.webp","https://www.paywallpro.app/apps/Badoo-Dating:-Meet-New-People-us?id=200&utm_source=github&utm_medium=open_dataset&utm_campaign=paywall_gallery","https://www.paywallpro.app/apps/Badoo-Dating:-Meet-New-People-us?id=200&utm_source=github&utm_medium=open_dataset&utm_campaign=paywall_gallery","2026-06-05"
"333903271","X","X Corp.","News","170940","1","11.69","2026-02-25","4","3","9","No Free Trial - Soft Paywall","1 offer set across month, year","1","apps/x-333903271.md","screenshots/x-333903271/cover.webp","screenshots/x-333903271/cover.webp","screenshots/x-333903271/paywall-screen-2.webp|screenshots/x-333903271/paywall-screen-3.webp","https://www.paywallpro.app/apps/X-us?id=39&utm_source=github&utm_medium=open_dataset&utm_campaign=paywall_gallery","https://www.paywallpro.app/apps/X-us?id=39&utm_source=github&utm_medium=open_dataset&utm_campaign=paywall_gallery","2026-06-05"
"6447001239","MyTunes : AI Music Generator","HUBX","Music","168894","29","2.3.7","2026-03-03","7","4","4","No Free Trial - Soft Paywall","1 offer set across week, year","1","apps/mytunes-ai-music-generator-6447001239.md","screenshots/mytunes-ai-music-generator-6447001239/cover.webp","screenshots/mytunes-ai-music-generator-6447001239/cover.webp","screenshots/mytunes-ai-music-generator-6447001239/paywall-screen-2.webp|screenshots/mytunes-ai-music-generator-6447001239/paywall-screen-3.webp","https://www.paywallpro.app/apps/MyTunes-:-AI-Music-Generator-us?id=760985&utm_source=github&utm_medium=open_dataset&utm_campaign=paywall_gallery","https://www.paywallpro.app/apps/MyTunes-:-AI-Music-Generator-us?id=760985&utm_source=github&utm_medium=open_dataset&utm_campaign=paywall_gallery","2026-06-05"
"6502656704","AI Song Generator: Mozart","NineG","Music","167296","55","5.4.4","2026-02-18","6","5","6","No Free Trial - Soft Paywall","1 offer set across week, year, one-time purchase","1","apps/ai-song-generator-mozart-6502656704.md","screenshots/ai-song-generator-mozart-6502656704/cover.webp","screenshots/ai-song-generator-mozart-6502656704/cover.webp","screenshots/ai-song-generator-mozart-6502656704/paywall-screen-2.webp|screenshots/ai-song-generator-mozart-6502656704/paywall-screen-3.webp","https://www.paywallpro.app/apps/AI-Song-Generator:-Mozart-us?id=856941&utm_source=github&utm_medium=open_dataset&utm_campaign=paywall_gallery","https://www.paywallpro.app/apps/AI-Song-Generator:-Mozart-us?id=856941&utm_source=github&utm_medium=open_dataset&utm_campaign=paywall_gallery","2026-06-05"
"372648912","MeetMe: Go Live & Meet People","The Meet Group Inc.","Social Networking","166212","58","213.3","2025-11-13","2","11","6","No Free Trial - Soft Paywall","1 offer set across month, half year, quarter","1","apps/meetme-go-live-and-meet-people-372648912.md","screenshots/meetme-go-live-and-meet-people-372648912/cover.webp","screenshots/meetme-go-live-and-meet-people-372648912/cover.webp","screenshots/meetme-go-live-and-meet-people-372648912/paywall-screen-2.webp|screenshots/meetme-go-live-and-meet-people-372648912/paywall-screen-3.webp","https://www.paywallpro.app/apps/MeetMe:-Go-Live-&-Meet-People-us?id=222&utm_source=github&utm_medium=open_dataset&utm_campaign=paywall_gallery","https://www.paywallpro.app/apps/MeetMe:-Go-Live-&-Meet-People-us?id=222&utm_source=github&utm_medium=open_dataset&utm_campaign=paywall_gallery","2026-06-05"
"1550204730","Pok Pok | Montessori Preschool","Pok Pok","Education","165711","192","48.1.1","2026-01-14","5","16","0","Free Trial - Soft Paywall, No Free Trial - Soft Paywall","2 offer sets across month, year","2","apps/pok-pok-montessori-preschool-1550204730.md","screenshots/pok-pok-montessori-preschool-1550204730/cover.webp","screenshots/pok-pok-montessori-preschool-1550204730/cover.webp","screenshots/pok-pok-montessori-preschool-1550204730/paywall-annual-45-99.webp|screenshots/pok-pok-montessori-preschool-1550204730/paywall-screen-3.webp","https://www.paywallpro.app/apps/Pok-Pok-%7C-Montessori-Preschool-us?id=490&utm_source=github&utm_medium=open_dataset&utm_campaign=paywall_gallery","https://www.paywallpro.app/apps/Pok-Pok-%7C-Montessori-Preschool-us?id=490&utm_source=github&utm_medium=open_dataset&utm_campaign=paywall_gallery","2026-06-05"
"622434129","BeautyPlus-Selfie Photo Editor","PIXOCIAL TECHNOLOGY (SINGAPORE) PTE. LTD.","Photo & Video","162915","25","7.20.2","2025-09-30","5","8","5","Free Trial - Soft Paywall","3 offer sets across month, year","3","apps/beautyplus-selfie-photo-editor-622434129.md","screenshots/beautyplus-selfie-photo-editor-622434129/cover.webp","screenshots/beautyplus-selfie-photo-editor-622434129/cover.webp","screenshots/beautyplus-selfie-photo-editor-622434129/paywall-monthly-11-99.webp|screenshots/beautyplus-selfie-photo-editor-622434129/paywall-annual-59-99.webp","https://www.paywallpro.app/apps/BeautyPlus-Selfie-Photo-Editor-us?id=209&utm_source=github&utm_medium=open_dataset&utm_campaign=paywall_gallery","https://www.paywallpro.app/apps/BeautyPlus-Selfie-Photo-Editor-us?id=209&utm_source=github&utm_medium=open_dataset&utm_campaign=paywall_gallery","2026-06-05"
"1514512179","DIRTVision","World Racing Group","Sports","162156","161","8.516","2025-08-18","3","0","10","No Free Trial - Soft Paywall","1 offer set across month, year","1","apps/dirtvision-1514512179.md","screenshots/dirtvision-1514512179/cover.webp","screenshots/dirtvision-1514512179/cover.webp","screenshots/dirtvision-1514512179/paywall-screen-2.webp|screenshots/dirtvision-1514512179/paywall-screen-3.webp","https://www.paywallpro.app/apps/DIRTVision-us?id=840&utm_source=github&utm_medium=open_dataset&utm_campaign=paywall_gallery","https://www.paywallpro.app/apps/DIRTVision-us?id=840&utm_source=github&utm_medium=open_dataset&utm_campaign=paywall_gallery","2026-06-05"
"1597439129","Smart Printer App & Scan","Kain Suite Pte. Ltd.","Business","160810","30","3.0.0","2024-06-24","1","7","0","Free Trial - Soft Paywall","1 offer set across week, year","1","apps/smart-printer-app-and-scan-1597439129.md","screenshots/smart-printer-app-and-scan-1597439129/cover.webp","screenshots/smart-printer-app-and-scan-1597439129/cover.webp","screenshots/smart-printer-app-and-scan-1597439129/paywall-screen-2.webp|screenshots/smart-printer-app-and-scan-1597439129/paywall-screen-3.webp","https://www.paywallpro.app/apps/Smart-Printer-App-&-Scan-us?id=559521&utm_source=github&utm_medium=open_dataset&utm_campaign=paywall_gallery","https://www.paywallpro.app/apps/Smart-Printer-App-&-Scan-us?id=559521&utm_source=github&utm_medium=open_dataset&utm_campaign=paywall_gallery","2026-06-05"
"1194582243","Cleaner Kit - Clean Up Storage","BPMobile","Utilities","159773","25","5.19","2026-03-16","7","10","5","Free Trial - Soft Paywall","1 offer set across week, year","1","apps/cleaner-kit-clean-up-storage-1194582243.md","screenshots/cleaner-kit-clean-up-storage-1194582243/cover.webp","screenshots/cleaner-kit-clean-up-storage-1194582243/cover.webp","screenshots/cleaner-kit-clean-up-storage-1194582243/paywall-screen-2.webp|screenshots/cleaner-kit-clean-up-storage-1194582243/paywall-screen-3.webp","https://www.paywallpro.app/apps/Cleaner-Kit---Clean-Up-Storage-us?id=322&utm_source=github&utm_medium=open_dataset&utm_campaign=paywall_gallery","https://www.paywallpro.app/apps/Cleaner-Kit---Clean-Up-Storage-us?id=322&utm_source=github&utm_medium=open_dataset&utm_campaign=paywall_gallery","2026-06-05"
"1636235979","ReelShort - Stream Drama & TV","NewLeaf Publishing","Entertainment","157470","5","3.6.50","2026-03-18","6","0","11","No Free Trial - Soft Paywall","2 offer sets across week, month, year","2","apps/reelshort-stream-drama-and-tv-1636235979.md","screenshots/reelshort-stream-drama-and-tv-1636235979/cover.webp","screenshots/reelshort-stream-drama-and-tv-1636235979/cover.webp","screenshots/reelshort-stream-drama-and-tv-1636235979/paywall-weekly-19-99.webp|screenshots/reelshort-stream-drama-and-tv-1636235979/paywall-screen-3.webp","https://www.paywallpro.app/apps/ReelShort---Stream-Drama-&-TV-us?id=26&utm_source=github&utm_medium=open_dataset&utm_campaign=paywall_gallery","https://www.paywallpro.app/apps/ReelShort---Stream-Drama-&-TV-us?id=26&utm_source=github&utm_medium=open_dataset&utm_campaign=paywall_gallery","2026-06-05"
"1037784828","Photo Scan App by Photomyne","Photomyne LTD","Photo & Video","154321","65","31.4","2025-09-10","2","0","12","Free Trial - Soft Paywall","2 offer sets across month, year, one-time purchase","2","apps/photo-scan-app-by-photomyne-1037784828.md","screenshots/photo-scan-app-by-photomyne-1037784828/cover.webp","screenshots/photo-scan-app-by-photomyne-1037784828/cover.webp","screenshots/photo-scan-app-by-photomyne-1037784828/paywall-monthly-19-99.webp|screenshots/photo-scan-app-by-photomyne-1037784828/paywall-screen-3.webp","https://www.paywallpro.app/apps/Photo-Scan-App-by-Photomyne-us?id=560&utm_source=github&utm_medium=open_dataset&utm_campaign=paywall_gallery","https://www.paywallpro.app/apps/Photo-Scan-App-by-Photomyne-us?id=560&utm_source=github&utm_medium=open_dataset&utm_campaign=paywall_gallery","2026-06-05"
"417571834","Private Photo Vault - Pic Safe","Legendary Software Labs LLC","Photo & Video","154156","190","24.1","2026-02-17","8","10","8","Free Trial - Soft Paywall, No Free Trial - Soft Paywall","2 offer sets across month, year","2","apps/private-photo-vault-pic-safe-417571834.md","screenshots/private-photo-vault-pic-safe-417571834/cover.webp","screenshots/private-photo-vault-pic-safe-417571834/cover.webp","screenshots/private-photo-vault-pic-safe-417571834/paywall-annual-35-99-19-99.webp|screenshots/private-photo-vault-pic-safe-417571834/paywall-screen-3.webp","https://www.paywallpro.app/apps/Private-Photo-Vault---Pic-Safe-us?id=505&utm_source=github&utm_medium=open_dataset&utm_campaign=paywall_gallery","https://www.paywallpro.app/apps/Private-Photo-Vault---Pic-Safe-us?id=505&utm_source=github&utm_medium=open_dataset&utm_campaign=paywall_gallery","2026-06-05"
"1399446592","The Zeus Network","The Zeus Networks","Entertainment","151039","54","8.600.2","2024-07-18","1","4","0","No Free Trial - Soft Paywall","1 offer set across month, year","1","apps/the-zeus-network-1399446592.md","screenshots/the-zeus-network-1399446592/cover.webp","screenshots/the-zeus-network-1399446592/cover.webp","screenshots/the-zeus-network-1399446592/paywall-screen-2.webp|screenshots/the-zeus-network-1399446592/paywall-screen-3.webp","https://www.paywallpro.app/apps/The-Zeus-Network-us?id=50&utm_source=github&utm_medium=open_dataset&utm_campaign=paywall_gallery","https://www.paywallpro.app/apps/The-Zeus-Network-us?id=50&utm_source=github&utm_medium=open_dataset&utm_campaign=paywall_gallery","2026-06-05"
"6447516226","‎My Package Delivery Tracker","MultiApp Dynamics OU","Shopping","150580","161","1.3.2","2024-12-26","1","6","0","Free Trial - Soft Paywall","1 offer set across week, year","1","apps/my-package-delivery-tracker-6447516226.md","screenshots/my-package-delivery-tracker-6447516226/cover.webp","screenshots/my-package-delivery-tracker-6447516226/cover.webp","screenshots/my-package-delivery-tracker-6447516226/paywall-screen-2.webp|screenshots/my-package-delivery-tracker-6447516226/paywall-screen-3.webp","https://www.paywallpro.app/apps/%E2%80%8EMy-Package-Delivery-Tracker-us?id=1251131&utm_source=github&utm_medium=open_dataset&utm_campaign=paywall_gallery","https://www.paywallpro.app/apps/%E2%80%8EMy-Package-Delivery-Tracker-us?id=1251131&utm_source=github&utm_medium=open_dataset&utm_campaign=paywall_gallery","2026-06-05"
"724596345","McAfee: Stay Secure & Private","McAfee, LLC.","Utilities","150398","86","10.1","2026-02-05","5","5","3","No Free Trial - Soft Paywall","1 offer set across month, year","1","apps/mcafee-stay-secure-and-private-724596345.md","screenshots/mcafee-stay-secure-and-private-724596345/cover.webp","screenshots/mcafee-stay-secure-and-private-724596345/cover.webp","screenshots/mcafee-stay-secure-and-private-724596345/paywall-screen-2.webp|screenshots/mcafee-stay-secure-and-private-724596345/paywall-screen-3.webp","https://www.paywallpro.app/apps/McAfee:-Stay-Secure-&-Private-us?id=351&utm_source=github&utm_medium=open_dataset&utm_campaign=paywall_gallery","https://www.paywallpro.app/apps/McAfee:-Stay-Secure-&-Private-us?id=351&utm_source=github&utm_medium=open_dataset&utm_campaign=paywall_gallery","2026-06-05"
"1548832265","DistroKid","DistroKid Holdings, LLC","Music","150106","113","3.2.0","2025-08-20","2","4","0","No Free Trial - Soft Paywall","1 offer set across year","1","apps/distrokid-1548832265.md","screenshots/distrokid-1548832265/cover.webp","screenshots/distrokid-1548832265/cover.webp","screenshots/distrokid-1548832265/paywall-screen-2.webp|screenshots/distrokid-1548832265/paywall-screen-3.webp","https://www.paywallpro.app/apps/DistroKid-us?id=507&utm_source=github&utm_medium=open_dataset&utm_campaign=paywall_gallery","https://www.paywallpro.app/apps/DistroKid-us?id=507&utm_source=github&utm_medium=open_dataset&utm_campaign=paywall_gallery","2026-06-05"
"874425722","Sago Mini World: Kids Games","Piknik","Education","148124","176","8.5.1608","2025-12-15","3","2","11","No Free Trial - Soft Paywall","1 offer set across year","1","apps/sago-mini-world-kids-games-874425722.md","screenshots/sago-mini-world-kids-games-874425722/cover.webp","screenshots/sago-mini-world-kids-games-874425722/cover.webp","screenshots/sago-mini-world-kids-games-874425722/paywall-screen-2.webp|screenshots/sago-mini-world-kids-games-874425722/paywall-screen-3.webp","https://www.paywallpro.app/apps/Sago-Mini-World:-Kids-Games-us?id=317&utm_source=github&utm_medium=open_dataset&utm_campaign=paywall_gallery","https://www.paywallpro.app/apps/Sago-Mini-World:-Kids-Games-us?id=317&utm_source=github&utm_medium=open_dataset&utm_campaign=paywall_gallery","2026-06-05"
"1151406354","FaxFree: Send Fax From iPhone","BPMobile","Business","147824","154","3.30","2026-03-10","3","6","3","No Free Trial - Soft Paywall","1 offer set across week, month, year","1","apps/faxfree-send-fax-from-iphone-1151406354.md","screenshots/faxfree-send-fax-from-iphone-1151406354/cover.webp","screenshots/faxfree-send-fax-from-iphone-1151406354/cover.webp","screenshots/faxfree-send-fax-from-iphone-1151406354/paywall-screen-2.webp|screenshots/faxfree-send-fax-from-iphone-1151406354/paywall-screen-3.webp","https://www.paywallpro.app/apps/FaxFree:-Send-Fax-From-iPhone-us?id=284&utm_source=github&utm_medium=open_dataset&utm_campaign=paywall_gallery","https://www.paywallpro.app/apps/FaxFree:-Send-Fax-From-iPhone-us?id=284&utm_source=github&utm_medium=open_dataset&utm_campaign=paywall_gallery","2026-06-05"
"879383901","Dil Mil: South Asian Dating","Dil Mil, Inc.","Lifestyle","147792","24","9.4.5","2025-10-02","2","31","6","No Free Trial - Soft Paywall","1 offer set across month, half year, quarter","1","apps/dil-mil-south-asian-dating-879383901.md","screenshots/dil-mil-south-asian-dating-879383901/cover.webp","screenshots/dil-mil-south-asian-dating-879383901/cover.webp","screenshots/dil-mil-south-asian-dating-879383901/paywall-screen-2.webp|screenshots/dil-mil-south-asian-dating-879383901/paywall-screen-3.webp","https://www.paywallpro.app/apps/Dil-Mil:-South-Asian-Dating-us?id=12809&utm_source=github&utm_medium=open_dataset&utm_campaign=paywall_gallery","https://www.paywallpro.app/apps/Dil-Mil:-South-Asian-Dating-us?id=12809&utm_source=github&utm_medium=open_dataset&utm_campaign=paywall_gallery","2026-06-05"
"327630330","Dropbox: Cloud Storage Backup","Dropbox, Inc.","Productivity","147113","21","462.2","2026-02-23","3","11","10","Free Trial - Soft Paywall","3 offer sets across month","3","apps/dropbox-cloud-storage-backup-327630330.md","screenshots/dropbox-cloud-storage-backup-327630330/cover.webp","screenshots/dropbox-cloud-storage-backup-327630330/cover.webp","screenshots/dropbox-cloud-storage-backup-327630330/paywall-monthly-11-99-19-99.webp|screenshots/dropbox-cloud-storage-backup-327630330/paywall-monthly-11-99.webp","https://www.paywallpro.app/apps/Dropbox:-Cloud-Storage-Backup-us?id=23&utm_source=github&utm_medium=open_dataset&utm_campaign=paywall_gallery","https://www.paywallpro.app/apps/Dropbox:-Cloud-Storage-Backup-us?id=23&utm_source=github&utm_medium=open_dataset&utm_campaign=paywall_gallery","2026-06-05"
"552764013","NASCAR MOBILE","NASCAR Digital Media, LLC","Sports","147026","143","15.6.0","2025-10-24","2","0","8","No Free Trial - Soft Paywall","1 offer set across month","1","apps/nascar-mobile-552764013.md","screenshots/nascar-mobile-552764013/cover.webp","screenshots/nascar-mobile-552764013/cover.webp","screenshots/nascar-mobile-552764013/paywall-screen-2.webp|screenshots/nascar-mobile-552764013/paywall-screen-3.webp","https://www.paywallpro.app/apps/NASCAR-MOBILE-us?id=814&utm_source=github&utm_medium=open_dataset&utm_campaign=paywall_gallery","https://www.paywallpro.app/apps/NASCAR-MOBILE-us?id=814&utm_source=github&utm_medium=open_dataset&utm_campaign=paywall_gallery","2026-06-05"
"672902340","onX Hunt: GPS Hunting Maps","onXmaps, Inc.","Navigation","146066","4","26.1.0","2026-01-15","4","12","9","Free Trial - Soft Paywall, No Free Trial - Soft Paywall","2 offer sets across month, year","2","apps/onx-hunt-gps-hunting-maps-672902340.md","screenshots/onx-hunt-gps-hunting-maps-672902340/cover.webp","screenshots/onx-hunt-gps-hunting-maps-672902340/cover.webp","screenshots/onx-hunt-gps-hunting-maps-672902340/paywall-monthly-14-99.webp|screenshots/onx-hunt-gps-hunting-maps-672902340/paywall-screen-3.webp","https://www.paywallpro.app/apps/onX-Hunt:-GPS-Hunting-Maps-us?id=44&utm_source=github&utm_medium=open_dataset&utm_campaign=paywall_gallery","https://www.paywallpro.app/apps/onX-Hunt:-GPS-Hunting-Maps-us?id=44&utm_source=github&utm_medium=open_dataset&utm_campaign=paywall_gallery","2026-06-05"
"1270059501","DateMyAge™ - Mature Dating 40+","Stende Solutions Limited","Lifestyle","145251","183","8.539.2","2025-11-06","3","10","6","No Free Trial - Soft Paywall","1 offer set across month","1","apps/datemyage-mature-dating-40-1270059501.md","screenshots/datemyage-mature-dating-40-1270059501/cover.webp","screenshots/datemyage-mature-dating-40-1270059501/cover.webp","screenshots/datemyage-mature-dating-40-1270059501/paywall-screen-2.webp|screenshots/datemyage-mature-dating-40-1270059501/paywall-screen-3.webp","https://www.paywallpro.app/apps/DateMyAge%E2%84%A2---Mature-Dating-40%2B-us?id=293&utm_source=github&utm_medium=open_dataset&utm_campaign=paywall_gallery","https://www.paywallpro.app/apps/DateMyAge%E2%84%A2---Mature-Dating-40%2B-us?id=293&utm_source=github&utm_medium=open_dataset&utm_campaign=paywall_gallery","2026-06-05"
"1574460221","JustFit: Lazy Workout & Fit","Enerjoy Pte. Ltd.","Health & Fitness","144731","177","2.8.5","2025-08-27","3","53","7","No Free Trial - Soft Paywall","2 offer sets across week, year, quarter","2","apps/justfit-lazy-workout-and-fit-1574460221.md","screenshots/justfit-lazy-workout-and-fit-1574460221/cover.webp","screenshots/justfit-lazy-workout-and-fit-1574460221/cover.webp","screenshots/justfit-lazy-workout-and-fit-1574460221/paywall-annual-29-99.webp|screenshots/justfit-lazy-workout-and-fit-1574460221/paywall-annual-29-99-2.webp","https://www.paywallpro.app/apps/JustFit:-Lazy-Workout-&-Fit-us?id=52&utm_source=github&utm_medium=open_dataset&utm_campaign=paywall_gallery","https://www.paywallpro.app/apps/JustFit:-Lazy-Workout-&-Fit-us?id=52&utm_source=github&utm_medium=open_dataset&utm_campaign=paywall_gallery","2026-06-05"
"1668787639","Chat AI: Ask Agent Anything","DEEP FLOW SOFTWARE SERVICES","Productivity","144434","20","3.3.9","2026-02-02","5","10","3","Free Trial - Soft Paywall","1 offer set across week, one-time purchase","1","apps/chat-ai-ask-agent-anything-1668787639.md","screenshots/chat-ai-ask-agent-anything-1668787639/cover.webp","screenshots/chat-ai-ask-agent-anything-1668787639/cover.webp","screenshots/chat-ai-ask-agent-anything-1668787639/paywall-screen-2.webp|screenshots/chat-ai-ask-agent-anything-1668787639/paywall-screen-3.webp","https://www.paywallpro.app/apps/Chat-AI:-Ask-Agent-Anything-us?id=104&utm_source=github&utm_medium=open_dataset&utm_campaign=paywall_gallery","https://www.paywallpro.app/apps/Chat-AI:-Ask-Agent-Anything-us?id=104&utm_source=github&utm_medium=open_dataset&utm_campaign=paywall_gallery","2026-06-05"
"6445905219","DramaBox - Stream Drama Shorts","STORYMATRIX PTE. LTD.","Entertainment","142683","12","5.6.1","2026-03-29","7","0","10","No Free Trial - Soft Paywall, Currency Paywall","2 offer sets across week, year","2","apps/dramabox-stream-drama-shorts-6445905219.md","screenshots/dramabox-stream-drama-shorts-6445905219/cover.webp","screenshots/dramabox-stream-drama-shorts-6445905219/cover.webp","screenshots/dramabox-stream-drama-shorts-6445905219/paywall-weekly-6-49-12-99.webp|screenshots/dramabox-stream-drama-shorts-6445905219/paywall-currency-paywall.webp","https://www.paywallpro.app/apps/DramaBox---Stream-Drama-Shorts-us?id=51&utm_source=github&utm_medium=open_dataset&utm_campaign=paywall_gallery","https://www.paywallpro.app/apps/DramaBox---Stream-Drama-Shorts-us?id=51&utm_source=github&utm_medium=open_dataset&utm_campaign=paywall_gallery","2026-06-05"
"1459969523","Nebula: Spiritual Guidance","Spiritual Nebula Limited","Lifestyle","142514","78","6.19.0","2026-01-13","3","25","3","Free Trial - Soft Paywall","2 offer sets across week, year, quarter","2","apps/nebula-spiritual-guidance-1459969523.md","screenshots/nebula-spiritual-guidance-1459969523/cover.webp","screenshots/nebula-spiritual-guidance-1459969523/cover.webp","screenshots/nebula-spiritual-guidance-1459969523/paywall-annual-39-99.webp|screenshots/nebula-spiritual-guidance-1459969523/paywall-screen-3.webp","https://www.paywallpro.app/apps/Nebula:-Spiritual-Guidance-us?id=184&utm_source=github&utm_medium=open_dataset&utm_campaign=paywall_gallery","https://www.paywallpro.app/apps/Nebula:-Spiritual-Guidance-us?id=184&utm_source=github&utm_medium=open_dataset&utm_campaign=paywall_gallery","2026-06-05"
"911422904","NYT Cooking: Quick Tasty Meals","The New York Times Company","Food & Drink","141440","67","4.147.1","2025-12-22","3","4","0","Free Trial - Soft Paywall, No Free Trial - Soft Paywall","2 offer sets across month, year","2","apps/nyt-cooking-quick-tasty-meals-911422904.md","screenshots/nyt-cooking-quick-tasty-meals-911422904/cover.webp","screenshots/nyt-cooking-quick-tasty-meals-911422904/cover.webp","screenshots/nyt-cooking-quick-tasty-meals-911422904/paywall-monthly-3-99.webp|screenshots/nyt-cooking-quick-tasty-meals-911422904/paywall-screen-3.webp","https://www.paywallpro.app/apps/NYT-Cooking:-Quick-Tasty-Meals-us?id=190&utm_source=github&utm_medium=open_dataset&utm_campaign=paywall_gallery","https://www.paywallpro.app/apps/NYT-Cooking:-Quick-Tasty-Meals-us?id=190&utm_source=github&utm_medium=open_dataset&utm_campaign=paywall_gallery","2026-06-05"
"1288415553","Wyze - Never Wonder","Wyze Labs","Lifestyle","141404","47","3.11.0.6","2026-03-23","6","4","8","Free Trial - Soft Paywall","1 offer set across month, year","1","apps/wyze-never-wonder-1288415553.md","screenshots/wyze-never-wonder-1288415553/cover.webp","screenshots/wyze-never-wonder-1288415553/cover.webp","screenshots/wyze-never-wonder-1288415553/paywall-screen-2.webp|screenshots/wyze-never-wonder-1288415553/paywall-screen-3.webp","https://www.paywallpro.app/apps/Wyze---Never-Wonder-us?id=40&utm_source=github&utm_medium=open_dataset&utm_campaign=paywall_gallery","https://www.paywallpro.app/apps/Wyze---Never-Wonder-us?id=40&utm_source=github&utm_medium=open_dataset&utm_campaign=paywall_gallery","2026-06-05"
"606173978","Planner 5D: AI Home Design","Planner5D, UAB","Lifestyle","141034","88","4.91.0","2026-01-26","4","19","10","No Free Trial - Soft Paywall, Free Trial - Soft Paywall","2 offer sets across month, year","2","apps/planner-5d-ai-home-design-606173978.md","screenshots/planner-5d-ai-home-design-606173978/cover.webp","screenshots/planner-5d-ai-home-design-606173978/cover.webp","screenshots/planner-5d-ai-home-design-606173978/paywall-monthly-19-99.webp|screenshots/planner-5d-ai-home-design-606173978/paywall-screen-3.webp","https://www.paywallpro.app/apps/Planner-5D:-AI-Home-Design-us?id=6719&utm_source=github&utm_medium=open_dataset&utm_campaign=paywall_gallery","https://www.paywallpro.app/apps/Planner-5D:-AI-Home-Design-us?id=6719&utm_source=github&utm_medium=open_dataset&utm_campaign=paywall_gallery","2026-06-05"
"1273867416","MasterClass: Online Classes","MasterClass","Education","140969","180","11.91.0","2025-10-08","1","0","7","No Free Trial - Soft Paywall","1 offer set across year","1","apps/masterclass-online-classes-1273867416.md","screenshots/masterclass-online-classes-1273867416/cover.webp","screenshots/masterclass-online-classes-1273867416/cover.webp","screenshots/masterclass-online-classes-1273867416/paywall-screen-2.webp|screenshots/masterclass-online-classes-1273867416/paywall-screen-3.webp","https://www.paywallpro.app/apps/MasterClass:-Online-Classes-us?id=376&utm_source=github&utm_medium=open_dataset&utm_campaign=paywall_gallery","https://www.paywallpro.app/apps/MasterClass:-Online-Classes-us?id=376&utm_source=github&utm_medium=open_dataset&utm_campaign=paywall_gallery","2026-06-05"
"6447674634","Lively - Period Tracker, Cycle","Lively Cycle, LLC","Health & Fitness","139923","23","2.6.5","2026-01-10","3","0","6","No Free Trial - Soft Paywall","1 offer set across month, year","1","apps/lively-period-tracker-cycle-6447674634.md","screenshots/lively-period-tracker-cycle-6447674634/cover.webp","screenshots/lively-period-tracker-cycle-6447674634/cover.webp","screenshots/lively-period-tracker-cycle-6447674634/paywall-screen-2.webp|screenshots/lively-period-tracker-cycle-6447674634/paywall-screen-3.webp","https://www.paywallpro.app/apps/Lively---Period-Tracker%2C-Cycle-us?id=20877&utm_source=github&utm_medium=open_dataset&utm_campaign=paywall_gallery","https://www.paywallpro.app/apps/Lively---Period-Tracker%2C-Cycle-us?id=20877&utm_source=github&utm_medium=open_dataset&utm_campaign=paywall_gallery","2026-06-05"
"1163786766","Alarmy - Loud alarm clock","Delight Room Co., Ltd.","Lifestyle","139217","35","26.11.0","2026-01-08","4","14","13","Free Trial - Soft Paywall, No Free Trial - Soft Paywall","2 offer sets across month, year, one-time purchase","2","apps/alarmy-loud-alarm-clock-1163786766.md","screenshots/alarmy-loud-alarm-clock-1163786766/cover.webp","screenshots/alarmy-loud-alarm-clock-1163786766/cover.webp","screenshots/alarmy-loud-alarm-clock-1163786766/paywall-annual-34-99.webp|screenshots/alarmy-loud-alarm-clock-1163786766/paywall-screen-3.webp","https://www.paywallpro.app/apps/Alarmy---Loud-alarm-clock-us?id=613&utm_source=github&utm_medium=open_dataset&utm_campaign=paywall_gallery","https://www.paywallpro.app/apps/Alarmy---Loud-alarm-clock-us?id=613&utm_source=github&utm_medium=open_dataset&utm_campaign=paywall_gallery","2026-06-05"
"1625234008","DMV Practice Test 2026 myDMV","Kain Suite Pte. Ltd.","Education","138380","23","3.5.0","2025-10-14","2","8","11","Free Trial - Soft Paywall","1 offer set across month, half year","1","apps/dmv-practice-test-2026-mydmv-1625234008.md","screenshots/dmv-practice-test-2026-mydmv-1625234008/cover.webp","screenshots/dmv-practice-test-2026-mydmv-1625234008/cover.webp","screenshots/dmv-practice-test-2026-mydmv-1625234008/paywall-screen-2.webp|screenshots/dmv-practice-test-2026-mydmv-1625234008/paywall-screen-3.webp","https://www.paywallpro.app/apps/DMV-Practice-Test-2026-myDMV-us?id=502657&utm_source=github&utm_medium=open_dataset&utm_campaign=paywall_gallery","https://www.paywallpro.app/apps/DMV-Practice-Test-2026-myDMV-us?id=502657&utm_source=github&utm_medium=open_dataset&utm_campaign=paywall_gallery","2026-06-05"
"557997762","Waplog - Dating & Video Call","VLMedia Inc.","Social Networking","137296","146","6.9.2","2025-12-15","2","0","8","No Free Trial - Soft Paywall","1 offer set across month, year","1","apps/waplog-dating-and-video-call-557997762.md","screenshots/waplog-dating-and-video-call-557997762/cover.webp","screenshots/waplog-dating-and-video-call-557997762/cover.webp","screenshots/waplog-dating-and-video-call-557997762/paywall-screen-2.webp|screenshots/waplog-dating-and-video-call-557997762/paywall-screen-3.webp","https://www.paywallpro.app/apps/Waplog---Dating-&-Video-Call-us?id=645&utm_source=github&utm_medium=open_dataset&utm_campaign=paywall_gallery","https://www.paywallpro.app/apps/Waplog---Dating-&-Video-Call-us?id=645&utm_source=github&utm_medium=open_dataset&utm_campaign=paywall_gallery","2026-06-05"
"1071085727","The Pattern: Astrology","Pattern Home, Inc.","Lifestyle","136646","189","5.15.1","2025-10-10","2","0","9","No Free Trial - Soft Paywall","1 offer set across year, quarter","1","apps/the-pattern-astrology-1071085727.md","screenshots/the-pattern-astrology-1071085727/cover.webp","screenshots/the-pattern-astrology-1071085727/cover.webp","screenshots/the-pattern-astrology-1071085727/paywall-screen-2.webp|screenshots/the-pattern-astrology-1071085727/paywall-screen-3.webp","https://www.paywallpro.app/apps/The-Pattern:-Astrology-us?id=425&utm_source=github&utm_medium=open_dataset&utm_campaign=paywall_gallery","https://www.paywallpro.app/apps/The-Pattern:-Astrology-us?id=425&utm_source=github&utm_medium=open_dataset&utm_campaign=paywall_gallery","2026-06-05"
"592163563","Joist: Estimate Invoice Maker","Joist Software Inc.","Business","134854","11","3.148.0","2025-12-22","3","3","10","No Free Trial - Soft Paywall","1 offer set across month","1","apps/joist-estimate-invoice-maker-592163563.md","screenshots/joist-estimate-invoice-maker-592163563/cover.webp","screenshots/joist-estimate-invoice-maker-592163563/cover.webp","screenshots/joist-estimate-invoice-maker-592163563/paywall-screen-2.webp|screenshots/joist-estimate-invoice-maker-592163563/paywall-screen-3.webp","https://www.paywallpro.app/apps/Joist:-Estimate-Invoice-Maker-us?id=299&utm_source=github&utm_medium=open_dataset&utm_campaign=paywall_gallery","https://www.paywallpro.app/apps/Joist:-Estimate-Invoice-Maker-us?id=299&utm_source=github&utm_medium=open_dataset&utm_campaign=paywall_gallery","2026-06-05"
"510873505","Secret Photo Vault: Keepsafe","KeepSafe Software, Inc","Photo & Video","134139","200","13.18.0","2026-01-15","5","7","6","Free Trial - Soft Paywall, No Free Trial - Soft Paywall","2 offer sets across month, year, one-time purchase","2","apps/secret-photo-vault-keepsafe-510873505.md","screenshots/secret-photo-vault-keepsafe-510873505/cover.webp","screenshots/secret-photo-vault-keepsafe-510873505/cover.webp","screenshots/secret-photo-vault-keepsafe-510873505/paywall-monthly-12-99.webp|screenshots/secret-photo-vault-keepsafe-510873505/paywall-screen-3.webp","https://www.paywallpro.app/apps/Secret-Photo-Vault:-Keepsafe-us?id=324&utm_source=github&utm_medium=open_dataset&utm_campaign=paywall_gallery","https://www.paywallpro.app/apps/Secret-Photo-Vault:-Keepsafe-us?id=324&utm_source=github&utm_medium=open_dataset&utm_campaign=paywall_gallery","2026-06-05"
"6741062364","Deepsearch AI Search Assistant","TAPSUITE YAZILIM HIZMETLERI ANONIM SIRKETI","Lifestyle","133929","37","1.1.1","2025-05-15","1","7","0","No Free Trial - Soft Paywall","1 offer set across week, year","1","apps/deepsearch-ai-search-assistant-6741062364.md","screenshots/deepsearch-ai-search-assistant-6741062364/cover.webp","screenshots/deepsearch-ai-search-assistant-6741062364/cover.webp","screenshots/deepsearch-ai-search-assistant-6741062364/paywall-screen-2.webp|screenshots/deepsearch-ai-search-assistant-6741062364/paywall-screen-3.webp","https://www.paywallpro.app/apps/Deepsearch-AI-Search-Assistant-us?id=1949952&utm_source=github&utm_medium=open_dataset&utm_campaign=paywall_gallery","https://www.paywallpro.app/apps/Deepsearch-AI-Search-Assistant-us?id=1949952&utm_source=github&utm_medium=open_dataset&utm_campaign=paywall_gallery","2026-06-05"
"562413829","Udemy Online Video Courses","Udemy","Education","133048","161","8.97.0","2026-02-07","3","0","14","No Free Trial - Soft Paywall","4 offer sets across year","4","apps/udemy-online-video-courses-562413829.md","screenshots/udemy-online-video-courses-562413829/cover.webp","screenshots/udemy-online-video-courses-562413829/cover.webp","screenshots/udemy-online-video-courses-562413829/paywall-annual-119-99.webp|screenshots/udemy-online-video-courses-562413829/paywall-annual-94-99.webp","https://www.paywallpro.app/apps/Udemy-Online-Video-Courses-us?id=464&utm_source=github&utm_medium=open_dataset&utm_campaign=paywall_gallery","https://www.paywallpro.app/apps/Udemy-Online-Video-Courses-us?id=464&utm_source=github&utm_medium=open_dataset&utm_campaign=paywall_gallery","2026-06-05"
"1324203419","Ground News","Snapwise Inc.","News","132013","3","4.23.0","2026-01-02","2","5","7","No Free Trial - Soft Paywall","2 offer sets across month, year","2","apps/ground-news-1324203419.md","screenshots/ground-news-1324203419/cover.webp","screenshots/ground-news-1324203419/cover.webp","screenshots/ground-news-1324203419/paywall-monthly-0-99-3-99.webp|screenshots/ground-news-1324203419/paywall-monthly-0-99-3-99-2.webp","https://www.paywallpro.app/apps/Ground-News-us?id=577557&utm_source=github&utm_medium=open_dataset&utm_campaign=paywall_gallery","https://www.paywallpro.app/apps/Ground-News-us?id=577557&utm_source=github&utm_medium=open_dataset&utm_campaign=paywall_gallery","2026-06-05"
"1515796612","Moises: The Musician's App","Moises Systems, Inc","Music","131064","73","2.114.0","2025-12-15","6","0","5","No Free Trial - Soft Paywall","1 offer set across month, year","1","apps/moises-the-musician-s-app-1515796612.md","screenshots/moises-the-musician-s-app-1515796612/cover.webp","screenshots/moises-the-musician-s-app-1515796612/cover.webp","screenshots/moises-the-musician-s-app-1515796612/paywall-screen-2.webp|screenshots/moises-the-musician-s-app-1515796612/paywall-screen-3.webp","https://www.paywallpro.app/apps/Moises:-The-Musician's-App-us?id=502&utm_source=github&utm_medium=open_dataset&utm_campaign=paywall_gallery","https://www.paywallpro.app/apps/Moises:-The-Musician's-App-us?id=502&utm_source=github&utm_medium=open_dataset&utm_campaign=paywall_gallery","2026-06-05"
"1149994032","Facetune: Photo & Video Editor","Lightricks Ltd.","Photo & Video","128410","21","3.114.1","2025-12-11","3","8","4","Free Trial - Soft Paywall","2 offer sets across week, year","2","apps/facetune-photo-and-video-editor-1149994032.md","screenshots/facetune-photo-and-video-editor-1149994032/cover.webp","screenshots/facetune-photo-and-video-editor-1149994032/cover.webp","screenshots/facetune-photo-and-video-editor-1149994032/paywall-weekly-9-99.webp|screenshots/facetune-photo-and-video-editor-1149994032/paywall-screen-3.webp","https://www.paywallpro.app/apps/Facetune:-Photo-&-Video-Editor-us?id=43&utm_source=github&utm_medium=open_dataset&utm_campaign=paywall_gallery","https://www.paywallpro.app/apps/Facetune:-Photo-&-Video-Editor-us?id=43&utm_source=github&utm_medium=open_dataset&utm_campaign=paywall_gallery","2026-06-05"
"921765888","Audiomack - Play Music Offline","Audiomack, Inc.","Music","128047","13","8.1.0","2025-12-31","3","7","7","Free Trial - Soft Paywall","1 offer set across month","1","apps/audiomack-play-music-offline-921765888.md","screenshots/audiomack-play-music-offline-921765888/cover.webp","screenshots/audiomack-play-music-offline-921765888/cover.webp","screenshots/audiomack-play-music-offline-921765888/paywall-screen-2.webp|screenshots/audiomack-play-music-offline-921765888/paywall-screen-3.webp","https://www.paywallpro.app/apps/Audiomack---Play-Music-Offline-us?id=267&utm_source=github&utm_medium=open_dataset&utm_campaign=paywall_gallery","https://www.paywallpro.app/apps/Audiomack---Play-Music-Offline-us?id=267&utm_source=github&utm_medium=open_dataset&utm_campaign=paywall_gallery","2026-06-05"
"985746746","Discord - Talk, Play, Hang Out","Discord Inc.","Social Networking","127980","6","310.0","2026-01-05","4","0","7","No Free Trial - Soft Paywall","1 offer set across month","1","apps/discord-talk-play-hang-out-985746746.md","screenshots/discord-talk-play-hang-out-985746746/cover.webp","screenshots/discord-talk-play-hang-out-985746746/cover.webp","screenshots/discord-talk-play-hang-out-985746746/paywall-screen-2.webp|screenshots/discord-talk-play-hang-out-985746746/paywall-screen-3.webp","https://www.paywallpro.app/apps/Discord---Talk%2C-Play%2C-Hang-Out-us?id=36&utm_source=github&utm_medium=open_dataset&utm_campaign=paywall_gallery","https://www.paywallpro.app/apps/Discord---Talk%2C-Play%2C-Hang-Out-us?id=36&utm_source=github&utm_medium=open_dataset&utm_campaign=paywall_gallery","2026-06-05"
"576649830","InstaSize: AI Photo Editor","Instasize Inc.","Photo & Video","126744","73","7.0.680","2025-12-23","5","9","4","Free Trial - Soft Paywall","2 offer sets across month, year","2","apps/instasize-ai-photo-editor-576649830.md","screenshots/instasize-ai-photo-editor-576649830/cover.webp","screenshots/instasize-ai-photo-editor-576649830/cover.webp","screenshots/instasize-ai-photo-editor-576649830/paywall-monthly-7-99.webp|screenshots/instasize-ai-photo-editor-576649830/paywall-screen-3.webp","https://www.paywallpro.app/apps/InstaSize:-AI-Photo-Editor-us?id=380&utm_source=github&utm_medium=open_dataset&utm_campaign=paywall_gallery","https://www.paywallpro.app/apps/InstaSize:-AI-Photo-Editor-us?id=380&utm_source=github&utm_medium=open_dataset&utm_campaign=paywall_gallery","2026-06-05"
"6463719381","Wellmy - Heart Rate Monitor","AirShape","Health & Fitness","124055","164","1.3.58","2024-12-18","2","5","0","Free Trial - Soft Paywall","1 offer set across week","1","apps/wellmy-heart-rate-monitor-6463719381.md","screenshots/wellmy-heart-rate-monitor-6463719381/cover.webp","screenshots/wellmy-heart-rate-monitor-6463719381/cover.webp","screenshots/wellmy-heart-rate-monitor-6463719381/paywall-screen-2.webp|screenshots/wellmy-heart-rate-monitor-6463719381/paywall-screen-3.webp","https://www.paywallpro.app/apps/Wellmy---Heart-Rate-Monitor-us?id=430029&utm_source=github&utm_medium=open_dataset&utm_campaign=paywall_gallery","https://www.paywallpro.app/apps/Wellmy---Heart-Rate-Monitor-us?id=430029&utm_source=github&utm_medium=open_dataset&utm_campaign=paywall_gallery","2026-06-05"
"6499126830","AI Music, Song Generator・Shoom","TECH ALPHA DMCC","Music","122838","27","1.12","2025-09-01","2","6","0","No Free Trial - Hard Paywall","1 offer set across week, year","1","apps/ai-music-song-generator-shoom-6499126830.md","screenshots/ai-music-song-generator-shoom-6499126830/cover.webp","screenshots/ai-music-song-generator-shoom-6499126830/cover.webp","screenshots/ai-music-song-generator-shoom-6499126830/paywall-screen-2.webp|screenshots/ai-music-song-generator-shoom-6499126830/paywall-screen-3.webp","https://www.paywallpro.app/apps/AI-Music%2C-Song-Generator%E3%83%BBShoom-us?id=752814&utm_source=github&utm_medium=open_dataset&utm_campaign=paywall_gallery","https://www.paywallpro.app/apps/AI-Music%2C-Song-Generator%E3%83%BBShoom-us?id=752814&utm_source=github&utm_medium=open_dataset&utm_campaign=paywall_gallery","2026-06-05"
"464254577","Strong Workout Tracker Gym Log","Strong Fitness PTE Limited","Health & Fitness","121934","100","6.2.2","2025-10-01","2","0","9","No Free Trial - Soft Paywall","1 offer set across month, year, one-time purchase","1","apps/strong-workout-tracker-gym-log-464254577.md","screenshots/strong-workout-tracker-gym-log-464254577/cover.webp","screenshots/strong-workout-tracker-gym-log-464254577/cover.webp","screenshots/strong-workout-tracker-gym-log-464254577/paywall-screen-2.webp|screenshots/strong-workout-tracker-gym-log-464254577/paywall-screen-3.webp","https://www.paywallpro.app/apps/Strong-Workout-Tracker-Gym-Log-us?id=350&utm_source=github&utm_medium=open_dataset&utm_campaign=paywall_gallery","https://www.paywallpro.app/apps/Strong-Workout-Tracker-Gym-Log-us?id=350&utm_source=github&utm_medium=open_dataset&utm_campaign=paywall_gallery","2026-06-05"
"1489440748","Once: Perfect Match Dating App","Xeanco Limited","Lifestyle","121783","188","2.49.0","2025-12-21","2","12","9","No Free Trial - Soft Paywall","1 offer set across week, month, year, quarter","1","apps/once-perfect-match-dating-app-1489440748.md","screenshots/once-perfect-match-dating-app-1489440748/cover.webp","screenshots/once-perfect-match-dating-app-1489440748/cover.webp","screenshots/once-perfect-match-dating-app-1489440748/paywall-screen-2.webp|screenshots/once-perfect-match-dating-app-1489440748/paywall-screen-3.webp","https://www.paywallpro.app/apps/Once:-Perfect-Match-Dating-App-us?id=276&utm_source=github&utm_medium=open_dataset&utm_campaign=paywall_gallery","https://www.paywallpro.app/apps/Once:-Perfect-Match-Dating-App-us?id=276&utm_source=github&utm_medium=open_dataset&utm_campaign=paywall_gallery","2026-06-05"
"1062006344","Adult Coloring Book - Pigment","Pixite Inc.","Lifestyle","119826","197","3.9","2026-02-09","3","6","4","Free Trial - Soft Paywall","1 offer set across week, year","1","apps/adult-coloring-book-pigment-1062006344.md","screenshots/adult-coloring-book-pigment-1062006344/cover.webp","screenshots/adult-coloring-book-pigment-1062006344/cover.webp","screenshots/adult-coloring-book-pigment-1062006344/paywall-screen-2.webp|screenshots/adult-coloring-book-pigment-1062006344/paywall-screen-3.webp","https://www.paywallpro.app/apps/Adult-Coloring-Book---Pigment-us?id=260&utm_source=github&utm_medium=open_dataset&utm_campaign=paywall_gallery","https://www.paywallpro.app/apps/Adult-Coloring-Book---Pigment-us?id=260&utm_source=github&utm_medium=open_dataset&utm_campaign=paywall_gallery","2026-06-05"
"336353151","SoundCloud: The Music You Love","SoundCloud Global Limited & Co KG","Music","118942","4","8.52.1","2026-03-17","8","0","10","No Free Trial - Soft Paywall","1 offer set across month, year","1","apps/soundcloud-the-music-you-love-336353151.md","screenshots/soundcloud-the-music-you-love-336353151/cover.webp","screenshots/soundcloud-the-music-you-love-336353151/cover.webp","screenshots/soundcloud-the-music-you-love-336353151/paywall-screen-2.webp|screenshots/soundcloud-the-music-you-love-336353151/paywall-screen-3.webp","https://www.paywallpro.app/apps/SoundCloud:-The-Music-You-Love-us?id=59&utm_source=github&utm_medium=open_dataset&utm_campaign=paywall_gallery","https://www.paywallpro.app/apps/SoundCloud:-The-Music-You-Love-us?id=59&utm_source=github&utm_medium=open_dataset&utm_campaign=paywall_gallery","2026-06-05"
"873518909","Luxy - Selective Dating App","Luxy Inc.","Social Networking","118588","145","7.29.12","2025-09-28","2","17","7","No Free Trial - Soft Paywall, Currency Paywall","3 offer sets across month, half year, year","3","apps/luxy-selective-dating-app-873518909.md","screenshots/luxy-selective-dating-app-873518909/cover.webp","screenshots/luxy-selective-dating-app-873518909/cover.webp","screenshots/luxy-selective-dating-app-873518909/paywall-monthly-69-99.webp|screenshots/luxy-selective-dating-app-873518909/paywall-monthly-99-99.webp","https://www.paywallpro.app/apps/Luxy---Selective-Dating-App-us?id=373&utm_source=github&utm_medium=open_dataset&utm_campaign=paywall_gallery","https://www.paywallpro.app/apps/Luxy---Selective-Dating-App-us?id=373&utm_source=github&utm_medium=open_dataset&utm_campaign=paywall_gallery","2026-06-05"
"450527929","djay - DJ App & AI Mixer","Algoriddim GmbH","Music","116979","41","5.6.1","2025-12-19","2","6","4","Free Trial - Soft Paywall","1 offer set across month, year","1","apps/djay-dj-app-and-ai-mixer-450527929.md","screenshots/djay-dj-app-and-ai-mixer-450527929/cover.webp","screenshots/djay-dj-app-and-ai-mixer-450527929/cover.webp","screenshots/djay-dj-app-and-ai-mixer-450527929/paywall-screen-2.webp|screenshots/djay-dj-app-and-ai-mixer-450527929/paywall-screen-3.webp","https://www.paywallpro.app/apps/djay---DJ-App-&-AI-Mixer-us?id=724&utm_source=github&utm_medium=open_dataset&utm_campaign=paywall_gallery","https://www.paywallpro.app/apps/djay---DJ-App-&-AI-Mixer-us?id=724&utm_source=github&utm_medium=open_dataset&utm_campaign=paywall_gallery","2026-06-05"
"6458692724","TV Remote & Universal Control™","To Ngoc Mai","Utilities","115977","28","2.3.6","2025-08-25","3","6","4","Free Trial - Soft Paywall","1 offer set across week, year","1","apps/tv-remote-and-universal-control-6458692724.md","screenshots/tv-remote-and-universal-control-6458692724/cover.webp","screenshots/tv-remote-and-universal-control-6458692724/cover.webp","screenshots/tv-remote-and-universal-control-6458692724/paywall-screen-2.webp|screenshots/tv-remote-and-universal-control-6458692724/paywall-screen-3.webp","https://www.paywallpro.app/apps/TV-Remote-&-Universal-Control%E2%84%A2-us?id=654&utm_source=github&utm_medium=open_dataset&utm_campaign=paywall_gallery","https://www.paywallpro.app/apps/TV-Remote-&-Universal-Control%E2%84%A2-us?id=654&utm_source=github&utm_medium=open_dataset&utm_campaign=paywall_gallery","2026-06-05"
"1532020050","Woofz - Puppy and Dog Training","nove8","Lifestyle","115195","102","3.3.4","2026-01-23","4","20","0","Free Trial - Hard Paywall","1 offer set across week, half year, year, quarter","1","apps/woofz-puppy-and-dog-training-1532020050.md","screenshots/woofz-puppy-and-dog-training-1532020050/cover.webp","screenshots/woofz-puppy-and-dog-training-1532020050/cover.webp","screenshots/woofz-puppy-and-dog-training-1532020050/paywall-screen-2.webp|screenshots/woofz-puppy-and-dog-training-1532020050/paywall-screen-3.webp","https://www.paywallpro.app/apps/Woofz---Puppy-and-Dog-Training-us?id=513&utm_source=github&utm_medium=open_dataset&utm_campaign=paywall_gallery","https://www.paywallpro.app/apps/Woofz---Puppy-and-Dog-Training-us?id=513&utm_source=github&utm_medium=open_dataset&utm_campaign=paywall_gallery","2026-06-05"
"557130558","HelloTalk - Language Learning","HELLOTALK FOREIGN LANGUAGE EXCHANGE LEARNING TALK CHAT APP","Education","114897","50","6.1.90","2026-01-07","6","12","8","Currency Paywall, No Free Trial - Soft Paywall","1 offer set across month, year, one-time purchase","1","apps/hellotalk-language-learning-557130558.md","screenshots/hellotalk-language-learning-557130558/cover.webp","screenshots/hellotalk-language-learning-557130558/cover.webp","screenshots/hellotalk-language-learning-557130558/paywall-monthly-12-99.webp|screenshots/hellotalk-language-learning-557130558/paywall-screen-3.webp","https://www.paywallpro.app/apps/HelloTalk---Language-Learning-us?id=661&utm_source=github&utm_medium=open_dataset&utm_campaign=paywall_gallery","https://www.paywallpro.app/apps/HelloTalk---Language-Learning-us?id=661&utm_source=github&utm_medium=open_dataset&utm_campaign=paywall_gallery","2026-06-05"
"997362197","InShot - Video Editor","SHANTANU PTE. LTD.","Photo & Video","114756","15","1.89.2","2025-08-31","5","3","9","Free Trial - Soft Paywall","1 offer set across month, year","1","apps/inshot-video-editor-997362197.md","screenshots/inshot-video-editor-997362197/cover.webp","screenshots/inshot-video-editor-997362197/cover.webp","screenshots/inshot-video-editor-997362197/paywall-screen-2.webp|screenshots/inshot-video-editor-997362197/paywall-screen-3.webp","https://www.paywallpro.app/apps/InShot---Video-Editor-us?id=361&utm_source=github&utm_medium=open_dataset&utm_campaign=paywall_gallery","https://www.paywallpro.app/apps/InShot---Video-Editor-us?id=361&utm_source=github&utm_medium=open_dataset&utm_campaign=paywall_gallery","2026-06-05"
"835731296","MuseScore－Sheet Music & Chords","MuseScore BVBA","Music","114725","86","2.14.10","2026-01-25","4","19","2","Free Trial - Soft Paywall","1 offer set across month, year","1","apps/musescore-sheet-music-and-chords-835731296.md","screenshots/musescore-sheet-music-and-chords-835731296/cover.webp","screenshots/musescore-sheet-music-and-chords-835731296/cover.webp","screenshots/musescore-sheet-music-and-chords-835731296/paywall-screen-2.webp|screenshots/musescore-sheet-music-and-chords-835731296/paywall-screen-3.webp","https://www.paywallpro.app/apps/MuseScore%EF%BC%8DSheet-Music-&-Chords-us?id=314&utm_source=github&utm_medium=open_dataset&utm_campaign=paywall_gallery","https://www.paywallpro.app/apps/MuseScore%EF%BC%8DSheet-Music-&-Chords-us?id=314&utm_source=github&utm_medium=open_dataset&utm_campaign=paywall_gallery","2026-06-05"
"6745820631","Shots: AI Photo Video Creator","DeePix AI","Photo & Video","114383","0","1.5.7","2025-12-17","1","4","6","No Free Trial - Soft Paywall","2 offer sets across week, year","2","apps/shots-ai-photo-video-creator-6745820631.md","screenshots/shots-ai-photo-video-creator-6745820631/cover.webp","screenshots/shots-ai-photo-video-creator-6745820631/cover.webp","screenshots/shots-ai-photo-video-creator-6745820631/paywall-annual-39-99.webp|screenshots/shots-ai-photo-video-creator-6745820631/paywall-screen-3.webp","https://www.paywallpro.app/apps/Shots:-AI-Photo-Video-Creator-us?id=2328203&utm_source=github&utm_medium=open_dataset&utm_campaign=paywall_gallery","https://www.paywallpro.app/apps/Shots:-AI-Photo-Video-Creator-us?id=2328203&utm_source=github&utm_medium=open_dataset&utm_campaign=paywall_gallery","2026-06-05"
"416048305","Meitu AI Photo & Video Editor","Xiamen Meitu Technology Co., Ltd.","Photo & Video","113527","26","12.2.5","2026-01-27","7","3","9","Free Trial - Soft Paywall, No Free Trial - Soft Paywall","2 offer sets across month, year, quarter","2","apps/meitu-ai-photo-and-video-editor-416048305.md","screenshots/meitu-ai-photo-and-video-editor-416048305/cover.webp","screenshots/meitu-ai-photo-and-video-editor-416048305/cover.webp","screenshots/meitu-ai-photo-and-video-editor-416048305/paywall-monthly-12-99-17-99-13-99-9-49.webp|screenshots/meitu-ai-photo-and-video-editor-416048305/paywall-monthly-12-99-17-99-13-99-9-49-2.webp","https://www.paywallpro.app/apps/Meitu-AI-Photo-&-Video-Editor-us?id=704&utm_source=github&utm_medium=open_dataset&utm_campaign=paywall_gallery","https://www.paywallpro.app/apps/Meitu-AI-Photo-&-Video-Editor-us?id=704&utm_source=github&utm_medium=open_dataset&utm_campaign=paywall_gallery","2026-06-05"
"451719402","Coloring Games for Kids 2-6!","KidloLand Kids & Toddler Games","Education","111973","59","11.50","2025-09-23","3","25","6","Free Trial - Soft Paywall, No Free Trial - Soft Paywall","2 offer sets across year","2","apps/coloring-games-for-kids-2-6-451719402.md","screenshots/coloring-games-for-kids-2-6-451719402/cover.webp","screenshots/coloring-games-for-kids-2-6-451719402/cover.webp","screenshots/coloring-games-for-kids-2-6-451719402/paywall-annual-59-99-49-99.webp|screenshots/coloring-games-for-kids-2-6-451719402/paywall-screen-3.webp","https://www.paywallpro.app/apps/Coloring-Games-for-Kids-2-6!-us?id=683&utm_source=github&utm_medium=open_dataset&utm_campaign=paywall_gallery","https://www.paywallpro.app/apps/Coloring-Games-for-Kids-2-6!-us?id=683&utm_source=github&utm_medium=open_dataset&utm_campaign=paywall_gallery","2026-06-05"
"595563753","Tiny Scanner - PDF Scanner App","TinyWork Apps","Business","110702","140","8.10.0","2026-01-04","8","3","7","Free Trial - Soft Paywall","1 offer set across week, year","1","apps/tiny-scanner-pdf-scanner-app-595563753.md","screenshots/tiny-scanner-pdf-scanner-app-595563753/cover.webp","screenshots/tiny-scanner-pdf-scanner-app-595563753/cover.webp","screenshots/tiny-scanner-pdf-scanner-app-595563753/paywall-screen-2.webp|screenshots/tiny-scanner-pdf-scanner-app-595563753/paywall-screen-3.webp","https://www.paywallpro.app/apps/Tiny-Scanner---PDF-Scanner-App-us?id=642&utm_source=github&utm_medium=open_dataset&utm_campaign=paywall_gallery","https://www.paywallpro.app/apps/Tiny-Scanner---PDF-Scanner-App-us?id=642&utm_source=github&utm_medium=open_dataset&utm_campaign=paywall_gallery","2026-06-05"
"552799694","Seeking Alpha: News & Analysis","Seeking Alpha Ltd.","Finance","109801","6","9.2.0","2025-09-15","2","5","6","No Free Trial - Soft Paywall","1 offer set across month, year","1","apps/seeking-alpha-news-and-analysis-552799694.md","screenshots/seeking-alpha-news-and-analysis-552799694/cover.webp","screenshots/seeking-alpha-news-and-analysis-552799694/cover.webp","screenshots/seeking-alpha-news-and-analysis-552799694/paywall-screen-2.webp|screenshots/seeking-alpha-news-and-analysis-552799694/paywall-screen-3.webp","https://www.paywallpro.app/apps/Seeking-Alpha:-News-&-Analysis-us?id=457&utm_source=github&utm_medium=open_dataset&utm_campaign=paywall_gallery","https://www.paywallpro.app/apps/Seeking-Alpha:-News-&-Analysis-us?id=457&utm_source=github&utm_medium=open_dataset&utm_campaign=paywall_gallery","2026-06-05"
"533365777","Flight Tracker +","Impala Studios","Travel","109353","197","8.6.10","2025-10-01","3","8","4","Free Trial - Soft Paywall","1 offer set across week, year","1","apps/flight-tracker-533365777.md","screenshots/flight-tracker-533365777/cover.webp","screenshots/flight-tracker-533365777/cover.webp","screenshots/flight-tracker-533365777/paywall-screen-2.webp|screenshots/flight-tracker-533365777/paywall-screen-3.webp","https://www.paywallpro.app/apps/Flight-Tracker-%2B-us?id=572&utm_source=github&utm_medium=open_dataset&utm_campaign=paywall_gallery","https://www.paywallpro.app/apps/Flight-Tracker-%2B-us?id=572&utm_source=github&utm_medium=open_dataset&utm_campaign=paywall_gallery","2026-06-05"
"1541407007","Captions: AI Edits Your Video","Captions, LLC (US)","Photo & Video","109206","63","12.40.1","2025-10-17","5","16","1","No Free Trial - Soft Paywall","2 offer sets across month, year","2","apps/captions-ai-edits-your-video-1541407007.md","screenshots/captions-ai-edits-your-video-1541407007/cover.webp","screenshots/captions-ai-edits-your-video-1541407007/cover.webp","screenshots/captions-ai-edits-your-video-1541407007/paywall-monthly-11-99.webp|screenshots/captions-ai-edits-your-video-1541407007/paywall-screen-3.webp","https://www.paywallpro.app/apps/Captions:-AI-Edits-Your-Video-us?id=337&utm_source=github&utm_medium=open_dataset&utm_campaign=paywall_gallery","https://www.paywallpro.app/apps/Captions:-AI-Edits-Your-Video-us?id=337&utm_source=github&utm_medium=open_dataset&utm_campaign=paywall_gallery","2026-06-05"
"1180884341","FaceApp: Perfect Face Editor","FaceApp Technology Limited","Photo & Video","107793","24","12.12.8","2025-12-11","4","2","4","Free Trial - Soft Paywall","1 offer set across month, year","1","apps/faceapp-perfect-face-editor-1180884341.md","screenshots/faceapp-perfect-face-editor-1180884341/cover.webp","screenshots/faceapp-perfect-face-editor-1180884341/cover.webp","screenshots/faceapp-perfect-face-editor-1180884341/paywall-screen-2.webp|screenshots/faceapp-perfect-face-editor-1180884341/paywall-screen-3.webp","https://www.paywallpro.app/apps/FaceApp:-Perfect-Face-Editor-us?id=61&utm_source=github&utm_medium=open_dataset&utm_campaign=paywall_gallery","https://www.paywallpro.app/apps/FaceApp:-Perfect-Face-Editor-us?id=61&utm_source=github&utm_medium=open_dataset&utm_campaign=paywall_gallery","2026-06-05"
"435588892","Rosetta Stone Classic (2024)","Rosetta Stone, Ltd.","Education","107265","94","8.43.2","2025-11-10","2","9","6","Free Trial - Soft Paywall, No Free Trial - Soft Paywall","2 offer sets across year, quarter, one-time purchase","2","apps/rosetta-stone-classic-2024-435588892.md","screenshots/rosetta-stone-classic-2024-435588892/cover.webp","screenshots/rosetta-stone-classic-2024-435588892/cover.webp","screenshots/rosetta-stone-classic-2024-435588892/paywall-quarterly-44-99.webp|screenshots/rosetta-stone-classic-2024-435588892/paywall-quarterly-44-99-2.webp","https://www.paywallpro.app/apps/Rosetta-Stone-Classic-(2024)-us?id=336&utm_source=github&utm_medium=open_dataset&utm_campaign=paywall_gallery","https://www.paywallpro.app/apps/Rosetta-Stone-Classic-(2024)-us?id=336&utm_source=github&utm_medium=open_dataset&utm_campaign=paywall_gallery","2026-06-05"
"1327105431","Malwarebytes - Mobile Security","Malwarebytes","Utilities","107155","135","5.21","2025-11-26","1","8","0","Free Trial - Soft Paywall","1 offer set across year","1","apps/malwarebytes-mobile-security-1327105431.md","screenshots/malwarebytes-mobile-security-1327105431/cover.webp","screenshots/malwarebytes-mobile-security-1327105431/cover.webp","screenshots/malwarebytes-mobile-security-1327105431/paywall-screen-2.webp|screenshots/malwarebytes-mobile-security-1327105431/paywall-screen-3.webp","https://www.paywallpro.app/apps/Malwarebytes---Mobile-Security-us?id=736&utm_source=github&utm_medium=open_dataset&utm_campaign=paywall_gallery","https://www.paywallpro.app/apps/Malwarebytes---Mobile-Security-us?id=736&utm_source=github&utm_medium=open_dataset&utm_campaign=paywall_gallery","2026-06-05"
"1361619409","Yoga-Go: Tai Chi & Pilates","WELLTECH APPS LIMITED","Health & Fitness","106578","114","10.96.1","2026-02-02","2","37","0","No Free Trial - Soft Paywall","1 offer set across month, year, quarter","1","apps/yoga-go-tai-chi-and-pilates-1361619409.md","screenshots/yoga-go-tai-chi-and-pilates-1361619409/cover.webp","screenshots/yoga-go-tai-chi-and-pilates-1361619409/cover.webp","screenshots/yoga-go-tai-chi-and-pilates-1361619409/paywall-screen-2.webp|screenshots/yoga-go-tai-chi-and-pilates-1361619409/paywall-screen-3.webp","https://www.paywallpro.app/apps/Yoga-Go:-Tai-Chi-&-Pilates-us?id=129&utm_source=github&utm_medium=open_dataset&utm_campaign=paywall_gallery","https://www.paywallpro.app/apps/Yoga-Go:-Tai-Chi-&-Pilates-us?id=129&utm_source=github&utm_medium=open_dataset&utm_campaign=paywall_gallery","2026-06-05"
"6472172759","Visify: AI Photo Generator","GM UniverseApps Limited","Photo & Video","106030","106","2.2.0","2025-02-17","3","8","0","Free Trial - Soft Paywall","2 offer sets across week, year","2","apps/visify-ai-photo-generator-6472172759.md","screenshots/visify-ai-photo-generator-6472172759/cover.webp","screenshots/visify-ai-photo-generator-6472172759/cover.webp","screenshots/visify-ai-photo-generator-6472172759/paywall-weekly-9-99.webp|screenshots/visify-ai-photo-generator-6472172759/paywall-screen-3.webp","https://www.paywallpro.app/apps/Visify:-AI-Photo-Generator-us?id=541599&utm_source=github&utm_medium=open_dataset&utm_campaign=paywall_gallery","https://www.paywallpro.app/apps/Visify:-AI-Photo-Generator-us?id=541599&utm_source=github&utm_medium=open_dataset&utm_campaign=paywall_gallery","2026-06-05"
"1435758172","Coco -Live Stream & Video Chat","Newell Communications LLC","Social Networking","105719","73","2.1.3","2025-09-05","1","0","9","No Free Trial - Soft Paywall","Not available in preview","0","apps/coco-live-stream-and-video-chat-1435758172.md","screenshots/coco-live-stream-and-video-chat-1435758172/cover.webp","screenshots/coco-live-stream-and-video-chat-1435758172/cover.webp","screenshots/coco-live-stream-and-video-chat-1435758172/paywall-screen-2.webp|screenshots/coco-live-stream-and-video-chat-1435758172/paywall-screen-3.webp","https://www.paywallpro.app/apps/Coco--Live-Stream-&-Video-Chat-us?id=195&utm_source=github&utm_medium=open_dataset&utm_campaign=paywall_gallery","https://www.paywallpro.app/apps/Coco--Live-Stream-&-Video-Chat-us?id=195&utm_source=github&utm_medium=open_dataset&utm_campaign=paywall_gallery","2026-06-05"
"1578636146","FORM: Strength, Pilates, Gym","SJC Companies, LLC","Health & Fitness","105638","59","9.101.3","2025-09-06","2","3","5","Free Trial - Soft Paywall","1 offer set across month, year","1","apps/form-strength-pilates-gym-1578636146.md","screenshots/form-strength-pilates-gym-1578636146/cover.webp","screenshots/form-strength-pilates-gym-1578636146/cover.webp","screenshots/form-strength-pilates-gym-1578636146/paywall-screen-2.webp|screenshots/form-strength-pilates-gym-1578636146/paywall-screen-3.webp","https://www.paywallpro.app/apps/FORM:-Strength%2C-Pilates%2C-Gym-us?id=640&utm_source=github&utm_medium=open_dataset&utm_campaign=paywall_gallery","https://www.paywallpro.app/apps/FORM:-Strength%2C-Pilates%2C-Gym-us?id=640&utm_source=github&utm_medium=open_dataset&utm_campaign=paywall_gallery","2026-06-05"
"672658828","SplashLearn: Kids Learning App","StudyPad, Inc.","Education","104940","170","7.3.15","2026-01-09","5","23","0","Free Trial - Hard Paywall, Free Trial - Soft Paywall","2 offer sets across month, year","2","apps/splashlearn-kids-learning-app-672658828.md","screenshots/splashlearn-kids-learning-app-672658828/cover.webp","screenshots/splashlearn-kids-learning-app-672658828/cover.webp","screenshots/splashlearn-kids-learning-app-672658828/paywall-monthly-11-99.webp|screenshots/splashlearn-kids-learning-app-672658828/paywall-screen-3.webp","https://www.paywallpro.app/apps/SplashLearn:-Kids-Learning-App-us?id=415&utm_source=github&utm_medium=open_dataset&utm_campaign=paywall_gallery","https://www.paywallpro.app/apps/SplashLearn:-Kids-Learning-App-us?id=415&utm_source=github&utm_medium=open_dataset&utm_campaign=paywall_gallery","2026-06-05"
"1361012099","Facelab: Face & Body Editor","IRONTECH LIMITED","Photo & Video","103505","99","2.83","2025-10-25","4","5","4","Free Trial - Soft Paywall","2 offer sets across week, month, year","2","apps/facelab-face-and-body-editor-1361012099.md","screenshots/facelab-face-and-body-editor-1361012099/cover.webp","screenshots/facelab-face-and-body-editor-1361012099/cover.webp","screenshots/facelab-face-and-body-editor-1361012099/paywall-monthly-7-99.webp|screenshots/facelab-face-and-body-editor-1361012099/paywall-screen-3.webp","https://www.paywallpro.app/apps/Facelab:-Face-&-Body-Editor-us?id=575&utm_source=github&utm_medium=open_dataset&utm_campaign=paywall_gallery","https://www.paywallpro.app/apps/Facelab:-Face-&-Body-Editor-us?id=575&utm_source=github&utm_medium=open_dataset&utm_campaign=paywall_gallery","2026-06-05"
"6473688138","Sereal+ Short Drama, TV Series","COL WEB PTE. LTD.","Entertainment","102188","180","2.2.3","2025-07-23","1","0","10","No Free Trial - Soft Paywall, Currency Paywall","1 offer set across week, month, year","1","apps/sereal-short-drama-tv-series-6473688138.md","screenshots/sereal-short-drama-tv-series-6473688138/cover.webp","screenshots/sereal-short-drama-tv-series-6473688138/cover.webp","screenshots/sereal-short-drama-tv-series-6473688138/paywall-currency-paywall.webp|screenshots/sereal-short-drama-tv-series-6473688138/paywall-screen-3.webp","https://www.paywallpro.app/apps/Sereal%2B-Short-Drama%2C-TV-Series-us?id=177&utm_source=github&utm_medium=open_dataset&utm_campaign=paywall_gallery","https://www.paywallpro.app/apps/Sereal%2B-Short-Drama%2C-TV-Series-us?id=177&utm_source=github&utm_medium=open_dataset&utm_campaign=paywall_gallery","2026-06-05"
"1442118788","UnitedMasters: Release Music","UnitedMasters","Music","101894","187","24.14.0","2024-08-16","1","12","0","No Free Trial - Soft Paywall","2 offer sets across year","2","apps/unitedmasters-release-music-1442118788.md","screenshots/unitedmasters-release-music-1442118788/cover.webp","screenshots/unitedmasters-release-music-1442118788/cover.webp","screenshots/unitedmasters-release-music-1442118788/paywall-annual-19-99.webp|screenshots/unitedmasters-release-music-1442118788/paywall-screen-3.webp","https://www.paywallpro.app/apps/UnitedMasters:-Release-Music-us?id=321&utm_source=github&utm_medium=open_dataset&utm_campaign=paywall_gallery","https://www.paywallpro.app/apps/UnitedMasters:-Release-Music-us?id=321&utm_source=github&utm_medium=open_dataset&utm_campaign=paywall_gallery","2026-06-05"
"1350301428","ZEPETO: Avatar, Connect & Live","NAVER Z Corporation","Social Networking","101383","61","4.14.000","2026-01-05","2","12","11","Currency Paywall, No Free Trial - Soft Paywall","1 offer set across month","1","apps/zepeto-avatar-connect-and-live-1350301428.md","screenshots/zepeto-avatar-connect-and-live-1350301428/cover.webp","screenshots/zepeto-avatar-connect-and-live-1350301428/cover.webp","screenshots/zepeto-avatar-connect-and-live-1350301428/paywall-monthly-1-3-99-9-99.webp|screenshots/zepeto-avatar-connect-and-live-1350301428/paywall-currency-paywall.webp","https://www.paywallpro.app/apps/ZEPETO:-Avatar%2C-Connect-&-Live-us?id=280&utm_source=github&utm_medium=open_dataset&utm_campaign=paywall_gallery","https://www.paywallpro.app/apps/ZEPETO:-Avatar%2C-Connect-&-Live-us?id=280&utm_source=github&utm_medium=open_dataset&utm_campaign=paywall_gallery","2026-06-05"
"1624701477","Praktika – AI Language Tutor","Praktika.ai Company","Education","101126","26","3.24.6","2025-01-19","2","27","0","Free Trial - Soft Paywall","1 offer set across year, quarter","1","apps/praktika-ai-language-tutor-1624701477.md","screenshots/praktika-ai-language-tutor-1624701477/cover.webp","screenshots/praktika-ai-language-tutor-1624701477/cover.webp","screenshots/praktika-ai-language-tutor-1624701477/paywall-screen-2.webp|screenshots/praktika-ai-language-tutor-1624701477/paywall-screen-3.webp","https://www.paywallpro.app/apps/Praktika-%E2%80%93-AI-Language-Tutor-us?id=301908&utm_source=github&utm_medium=open_dataset&utm_campaign=paywall_gallery","https://www.paywallpro.app/apps/Praktika-%E2%80%93-AI-Language-Tutor-us?id=301908&utm_source=github&utm_medium=open_dataset&utm_campaign=paywall_gallery","2026-06-05"
"1532482376","Polycam 3D Scans & Floor Plans","Polycam Inc.","Photo & Video","99761","122","5.1.9","2025-09-30","4","5","4","Free Trial - Soft Paywall","1 offer set across month, year","1","apps/polycam-3d-scans-and-floor-plans-1532482376.md","screenshots/polycam-3d-scans-and-floor-plans-1532482376/cover.webp","screenshots/polycam-3d-scans-and-floor-plans-1532482376/cover.webp","screenshots/polycam-3d-scans-and-floor-plans-1532482376/paywall-screen-2.webp|screenshots/polycam-3d-scans-and-floor-plans-1532482376/paywall-screen-3.webp","https://www.paywallpro.app/apps/Polycam-3D-Scans-&-Floor-Plans-us?id=476&utm_source=github&utm_medium=open_dataset&utm_campaign=paywall_gallery","https://www.paywallpro.app/apps/Polycam-3D-Scans-&-Floor-Plans-us?id=476&utm_source=github&utm_medium=open_dataset&utm_campaign=paywall_gallery","2026-06-05"
"300048137","AccuWeather: Weather Forecast","AccuWeather International, Inc.","Weather","99480","4","21.0.3","2025-08-19","2","5","7","Free Trial - Soft Paywall","1 offer set across month, year","1","apps/accuweather-weather-forecast-300048137.md","screenshots/accuweather-weather-forecast-300048137/cover.webp","screenshots/accuweather-weather-forecast-300048137/cover.webp","screenshots/accuweather-weather-forecast-300048137/paywall-screen-2.webp|screenshots/accuweather-weather-forecast-300048137/paywall-screen-3.webp","https://www.paywallpro.app/apps/AccuWeather:-Weather-Forecast-us?id=274&utm_source=github&utm_medium=open_dataset&utm_campaign=paywall_gallery","https://www.paywallpro.app/apps/AccuWeather:-Weather-Forecast-us?id=274&utm_source=github&utm_medium=open_dataset&utm_campaign=paywall_gallery","2026-06-05"
"1507917112","Find Air - My Device Tracker","Air Apps Systems","Utilities","98978","49","2025.11.10","2025-12-09","3","6","0","Free Trial - Soft Paywall","2 offer sets across week, month, year","2","apps/find-air-my-device-tracker-1507917112.md","screenshots/find-air-my-device-tracker-1507917112/cover.webp","screenshots/find-air-my-device-tracker-1507917112/cover.webp","screenshots/find-air-my-device-tracker-1507917112/paywall-weekly-9-99.webp|screenshots/find-air-my-device-tracker-1507917112/paywall-screen-3.webp","https://www.paywallpro.app/apps/Find-Air---My-Device-Tracker-us?id=1205742&utm_source=github&utm_medium=open_dataset&utm_campaign=paywall_gallery","https://www.paywallpro.app/apps/Find-Air---My-Device-Tracker-us?id=1205742&utm_source=github&utm_medium=open_dataset&utm_campaign=paywall_gallery","2026-06-05"
"1546796934","Rock Identifier: Stone ID","Next Vision Limited","Education","98954","67","2.16.0","2025-09-12","3","2","3","Free Trial - Soft Paywall","1 offer set across year","1","apps/rock-identifier-stone-id-1546796934.md","screenshots/rock-identifier-stone-id-1546796934/cover.webp","screenshots/rock-identifier-stone-id-1546796934/cover.webp","screenshots/rock-identifier-stone-id-1546796934/paywall-screen-2.webp|screenshots/rock-identifier-stone-id-1546796934/paywall-screen-3.webp","https://www.paywallpro.app/apps/Rock-Identifier:-Stone-ID-us?id=550&utm_source=github&utm_medium=open_dataset&utm_campaign=paywall_gallery","https://www.paywallpro.app/apps/Rock-Identifier:-Stone-ID-us?id=550&utm_source=github&utm_medium=open_dataset&utm_campaign=paywall_gallery","2026-06-05"
"493226494","Edjing Mix - DJ Music Mixer","MWM","Music","98873","39","8.20.01","2026-02-09","4","17","6","Free Trial - Soft Paywall","2 offer sets across week, year","2","apps/edjing-mix-dj-music-mixer-493226494.md","screenshots/edjing-mix-dj-music-mixer-493226494/cover.webp","screenshots/edjing-mix-dj-music-mixer-493226494/cover.webp","screenshots/edjing-mix-dj-music-mixer-493226494/paywall-weekly-9-99.webp|screenshots/edjing-mix-dj-music-mixer-493226494/paywall-screen-3.webp","https://www.paywallpro.app/apps/Edjing-Mix---DJ-Music-Mixer-us?id=859&utm_source=github&utm_medium=open_dataset&utm_campaign=paywall_gallery","https://www.paywallpro.app/apps/Edjing-Mix---DJ-Music-Mixer-us?id=859&utm_source=github&utm_medium=open_dataset&utm_campaign=paywall_gallery","2026-06-05"
"409128287","The Guardian - US & World News","Guardian News and Media Limited","News","98820","37","13.13","2026-01-12","2","0","6","No Free Trial - Soft Paywall","1 offer set across month, year","1","apps/the-guardian-us-and-world-news-409128287.md","screenshots/the-guardian-us-and-world-news-409128287/cover.webp","screenshots/the-guardian-us-and-world-news-409128287/cover.webp","screenshots/the-guardian-us-and-world-news-409128287/paywall-screen-2.webp|screenshots/the-guardian-us-and-world-news-409128287/paywall-screen-3.webp","https://www.paywallpro.app/apps/The-Guardian---US-&-World-News-us?id=792&utm_source=github&utm_medium=open_dataset&utm_campaign=paywall_gallery","https://www.paywallpro.app/apps/The-Guardian---US-&-World-News-us?id=792&utm_source=github&utm_medium=open_dataset&utm_campaign=paywall_gallery","2026-06-05"
"1425891150","Scanner App. JPG, Photo to PDF","Municorn Limited","Business","98713","96","2.4.4","2025-09-15","2","7","2","Free Trial - Soft Paywall","1 offer set across week","1","apps/scanner-app-jpg-photo-to-pdf-1425891150.md","screenshots/scanner-app-jpg-photo-to-pdf-1425891150/cover.webp","screenshots/scanner-app-jpg-photo-to-pdf-1425891150/cover.webp","screenshots/scanner-app-jpg-photo-to-pdf-1425891150/paywall-screen-2.webp|screenshots/scanner-app-jpg-photo-to-pdf-1425891150/paywall-screen-3.webp","https://www.paywallpro.app/apps/Scanner-App.-JPG%2C-Photo-to-PDF-us?id=259&utm_source=github&utm_medium=open_dataset&utm_campaign=paywall_gallery","https://www.paywallpro.app/apps/Scanner-App.-JPG%2C-Photo-to-PDF-us?id=259&utm_source=github&utm_medium=open_dataset&utm_campaign=paywall_gallery","2026-06-05"
"1279295922","Premom Ovulation Tracker & BBT","Easy Healthcare Corporation","Health & Fitness","98437","95","1.91.0","2026-01-26","8","19","13","No Free Trial - Soft Paywall","1 offer set across half year, quarter","1","apps/premom-ovulation-tracker-and-bbt-1279295922.md","screenshots/premom-ovulation-tracker-and-bbt-1279295922/cover.webp","screenshots/premom-ovulation-tracker-and-bbt-1279295922/cover.webp","screenshots/premom-ovulation-tracker-and-bbt-1279295922/paywall-screen-2.webp|screenshots/premom-ovulation-tracker-and-bbt-1279295922/paywall-screen-3.webp","https://www.paywallpro.app/apps/Premom-Ovulation-Tracker-&-BBT-us?id=481&utm_source=github&utm_medium=open_dataset&utm_campaign=paywall_gallery","https://www.paywallpro.app/apps/Premom-Ovulation-Tracker-&-BBT-us?id=481&utm_source=github&utm_medium=open_dataset&utm_campaign=paywall_gallery","2026-06-05"
"550221096","STARZ","Starz Entertainment, LLC","Entertainment","98358","100","8.11.2","2025-10-03","3","0","9","No Free Trial - Soft Paywall","2 offer sets across month, half year, year","2","apps/starz-550221096.md","screenshots/starz-550221096/cover.webp","screenshots/starz-550221096/cover.webp","screenshots/starz-550221096/paywall-monthly-4-99.webp|screenshots/starz-550221096/paywall-screen-3.webp","https://www.paywallpro.app/apps/STARZ-us?id=30&utm_source=github&utm_medium=open_dataset&utm_campaign=paywall_gallery","https://www.paywallpro.app/apps/STARZ-us?id=30&utm_source=github&utm_medium=open_dataset&utm_campaign=paywall_gallery","2026-06-05"
"1138066420","SleepWatch - Top Sleep Tracker","Bodymatter, Inc.","Health & Fitness","98168","154","8.5.12","2025-08-23","2","13","8","Free Trial - Soft Paywall","2 offer sets across month, year","2","apps/sleepwatch-top-sleep-tracker-1138066420.md","screenshots/sleepwatch-top-sleep-tracker-1138066420/cover.webp","screenshots/sleepwatch-top-sleep-tracker-1138066420/cover.webp","screenshots/sleepwatch-top-sleep-tracker-1138066420/paywall-monthly-5-99.webp|screenshots/sleepwatch-top-sleep-tracker-1138066420/paywall-screen-3.webp","https://www.paywallpro.app/apps/SleepWatch---Top-Sleep-Tracker-us?id=404&utm_source=github&utm_medium=open_dataset&utm_campaign=paywall_gallery","https://www.paywallpro.app/apps/SleepWatch---Top-Sleep-Tracker-us?id=404&utm_source=github&utm_medium=open_dataset&utm_campaign=paywall_gallery","2026-06-05"
"6736654449","Micro Learning - SmartyMe","ApexTech Ltd","Education","97632","27","1.15.0","2024-12-21","1","35","0","No Free Trial - Soft Paywall","1 offer set across month, year","1","apps/micro-learning-smartyme-6736654449.md","screenshots/micro-learning-smartyme-6736654449/cover.webp","screenshots/micro-learning-smartyme-6736654449/cover.webp","screenshots/micro-learning-smartyme-6736654449/paywall-screen-2.webp|screenshots/micro-learning-smartyme-6736654449/paywall-screen-3.webp","https://www.paywallpro.app/apps/Micro-Learning---SmartyMe-us?id=1221036&utm_source=github&utm_medium=open_dataset&utm_campaign=paywall_gallery","https://www.paywallpro.app/apps/Micro-Learning---SmartyMe-us?id=1221036&utm_source=github&utm_medium=open_dataset&utm_campaign=paywall_gallery","2026-06-05"
"1634361180","Vids AI - Reels Video Editor","Viral Vision Ltd.","Photo & Video","97599","93","1.60.0","2024-05-19","1","4","0","Free Trial - Soft Paywall","1 offer set across month, year","1","apps/vids-ai-reels-video-editor-1634361180.md","screenshots/vids-ai-reels-video-editor-1634361180/cover.webp","screenshots/vids-ai-reels-video-editor-1634361180/cover.webp","screenshots/vids-ai-reels-video-editor-1634361180/paywall-screen-2.webp|screenshots/vids-ai-reels-video-editor-1634361180/paywall-screen-3.webp","https://www.paywallpro.app/apps/Vids-AI---Reels-Video-Editor-us?id=734&utm_source=github&utm_medium=open_dataset&utm_campaign=paywall_gallery","https://www.paywallpro.app/apps/Vids-AI---Reels-Video-Editor-us?id=734&utm_source=github&utm_medium=open_dataset&utm_campaign=paywall_gallery","2026-06-05"
"6471041035","Moongate: Binaural Beats","Moongate Studios, Inc.","Music","97249","35","2.25.3","2025-12-16","5","31","6","Free Trial - Soft Paywall","3 offer sets across month, year, one-time purchase","3","apps/moongate-binaural-beats-6471041035.md","screenshots/moongate-binaural-beats-6471041035/cover.webp","screenshots/moongate-binaural-beats-6471041035/cover.webp","screenshots/moongate-binaural-beats-6471041035/paywall-annual-47-99.webp|screenshots/moongate-binaural-beats-6471041035/paywall-monthly-9-99.webp","https://www.paywallpro.app/apps/Moongate:-Binaural-Beats-us?id=663065&utm_source=github&utm_medium=open_dataset&utm_campaign=paywall_gallery","https://www.paywallpro.app/apps/Moongate:-Binaural-Beats-us?id=663065&utm_source=github&utm_medium=open_dataset&utm_campaign=paywall_gallery","2026-06-05"
"6475717895","IQ Masters: Brain Games, Tests","DEEP FLOW SOFTWARE SERVICES","Education","96642","42","2.0.4","2026-01-08","4","19","7","Free Trial - Soft Paywall, No Free Trial - Soft Paywall","3 offer sets across week, year, one-time purchase","3","apps/iq-masters-brain-games-tests-6475717895.md","screenshots/iq-masters-brain-games-tests-6475717895/cover.webp","screenshots/iq-masters-brain-games-tests-6475717895/cover.webp","screenshots/iq-masters-brain-games-tests-6475717895/paywall-annual-28-99.webp|screenshots/iq-masters-brain-games-tests-6475717895/paywall-weekly-7-99.webp","https://www.paywallpro.app/apps/IQ-Masters:-Brain-Games%2C-Tests-us?id=825115&utm_source=github&utm_medium=open_dataset&utm_campaign=paywall_gallery","https://www.paywallpro.app/apps/IQ-Masters:-Brain-Games%2C-Tests-us?id=825115&utm_source=github&utm_medium=open_dataset&utm_campaign=paywall_gallery","2026-06-05"
"1077137248","BIGO LIVE-Live Stream, Go Live","BIGO TECHNOLOGY PTE. LTD.","Social Networking","95472","16","6.41.1","2025-12-17","3","0","10","No Free Trial - Soft Paywall, Currency Paywall","1 offer set across month, year, quarter","1","apps/bigo-live-live-stream-go-live-1077137248.md","screenshots/bigo-live-live-stream-go-live-1077137248/cover.webp","screenshots/bigo-live-live-stream-go-live-1077137248/cover.webp","screenshots/bigo-live-live-stream-go-live-1077137248/paywall-screen-2.webp|screenshots/bigo-live-live-stream-go-live-1077137248/paywall-currency-paywall.webp","https://www.paywallpro.app/apps/BIGO-LIVE-Live-Stream%2C-Go-Live-us?id=33&utm_source=github&utm_medium=open_dataset&utm_campaign=paywall_gallery","https://www.paywallpro.app/apps/BIGO-LIVE-Live-Stream%2C-Go-Live-us?id=33&utm_source=github&utm_medium=open_dataset&utm_campaign=paywall_gallery","2026-06-05"
"1531467766","ViX: TV, Sports and News","Univision Communications Inc.","Entertainment","94841","17","4.41.2","2026-01-06","5","0","11","No Free Trial - Soft Paywall","1 offer set across month, year","1","apps/vix-tv-sports-and-news-1531467766.md","screenshots/vix-tv-sports-and-news-1531467766/cover.webp","screenshots/vix-tv-sports-and-news-1531467766/cover.webp","screenshots/vix-tv-sports-and-news-1531467766/paywall-screen-2.webp|screenshots/vix-tv-sports-and-news-1531467766/paywall-screen-3.webp","https://www.paywallpro.app/apps/ViX:-TV%2C-Sports-and-News-us?id=100&utm_source=github&utm_medium=open_dataset&utm_campaign=paywall_gallery","https://www.paywallpro.app/apps/ViX:-TV%2C-Sports-and-News-us?id=100&utm_source=github&utm_medium=open_dataset&utm_campaign=paywall_gallery","2026-06-05"
"1575194801","Scan to PDF－Document Scanner","Scanner App PDF Tool","Business","94586","173","2.1.1","2026-01-26","7","7","6","Free Trial - Soft Paywall","1 offer set across week, year","1","apps/scan-to-pdf-document-scanner-1575194801.md","screenshots/scan-to-pdf-document-scanner-1575194801/cover.webp","screenshots/scan-to-pdf-document-scanner-1575194801/cover.webp","screenshots/scan-to-pdf-document-scanner-1575194801/paywall-screen-2.webp|screenshots/scan-to-pdf-document-scanner-1575194801/paywall-screen-3.webp","https://www.paywallpro.app/apps/Scan-to-PDF%EF%BC%8DDocument-Scanner-us?id=213&utm_source=github&utm_medium=open_dataset&utm_campaign=paywall_gallery","https://www.paywallpro.app/apps/Scan-to-PDF%EF%BC%8DDocument-Scanner-us?id=213&utm_source=github&utm_medium=open_dataset&utm_campaign=paywall_gallery","2026-06-05"
"863844475","YouCam Makeup: Face Editor","PERFECT MOBILE CORP.","Photo & Video","94347","83","6.39.7","2026-01-15","8","10","8","Free Trial - Soft Paywall, Currency Paywall","3 offer sets across month, year","3","apps/youcam-makeup-face-editor-863844475.md","screenshots/youcam-makeup-face-editor-863844475/cover.webp","screenshots/youcam-makeup-face-editor-863844475/cover.webp","screenshots/youcam-makeup-face-editor-863844475/paywall-monthly-19-99-9-99.webp|screenshots/youcam-makeup-face-editor-863844475/paywall-monthly-19-99.webp","https://www.paywallpro.app/apps/YouCam-Makeup:-Face-Editor-us?id=390&utm_source=github&utm_medium=open_dataset&utm_campaign=paywall_gallery","https://www.paywallpro.app/apps/YouCam-Makeup:-Face-Editor-us?id=390&utm_source=github&utm_medium=open_dataset&utm_campaign=paywall_gallery","2026-06-05"
"1116032929","Gibson: Learn to Play Guitar","Zoundio","Education","94265","190","5.3.1","2024-10-03","1","17","0","Free Trial - Soft Paywall","1 offer set across month, year","1","apps/gibson-learn-to-play-guitar-1116032929.md","screenshots/gibson-learn-to-play-guitar-1116032929/cover.webp","screenshots/gibson-learn-to-play-guitar-1116032929/cover.webp","screenshots/gibson-learn-to-play-guitar-1116032929/paywall-screen-2.webp|screenshots/gibson-learn-to-play-guitar-1116032929/paywall-screen-3.webp","https://www.paywallpro.app/apps/Gibson:-Learn-to-Play-Guitar-us?id=811&utm_source=github&utm_medium=open_dataset&utm_campaign=paywall_gallery","https://www.paywallpro.app/apps/Gibson:-Learn-to-Play-Guitar-us?id=811&utm_source=github&utm_medium=open_dataset&utm_campaign=paywall_gallery","2026-06-05"
"6448176203","GoodShort - Short Dramas Hub","SINGAPORE NEW READING TECHNOLOGY PTE. LTD.","Entertainment","93613","18","2.5.2","2026-03-30","6","2","8","No Free Trial - Soft Paywall, Currency Paywall","2 offer sets across week, year","2","apps/goodshort-short-dramas-hub-6448176203.md","screenshots/goodshort-short-dramas-hub-6448176203/cover.webp","screenshots/goodshort-short-dramas-hub-6448176203/cover.webp","screenshots/goodshort-short-dramas-hub-6448176203/paywall-weekly-9-99-19-99.webp|screenshots/goodshort-short-dramas-hub-6448176203/paywall-weekly-9-99-19-99-2.webp","https://www.paywallpro.app/apps/GoodShort---Short-Dramas-Hub-us?id=137&utm_source=github&utm_medium=open_dataset&utm_campaign=paywall_gallery","https://www.paywallpro.app/apps/GoodShort---Short-Dramas-Hub-us?id=137&utm_source=github&utm_medium=open_dataset&utm_campaign=paywall_gallery","2026-06-05"
"976885594","Peptalk: Daily Motivation","Dark Knight Inc.","Health & Fitness","93539","110","26.22","2025-09-09","2","0","12","No Free Trial - Soft Paywall","2 offer sets across month, year","2","apps/peptalk-daily-motivation-976885594.md","screenshots/peptalk-daily-motivation-976885594/cover.webp","screenshots/peptalk-daily-motivation-976885594/cover.webp","screenshots/peptalk-daily-motivation-976885594/paywall-monthly-7-99.webp|screenshots/peptalk-daily-motivation-976885594/paywall-monthly-7-99-2.webp","https://www.paywallpro.app/apps/Peptalk:-Daily-Motivation-us?id=2982&utm_source=github&utm_medium=open_dataset&utm_campaign=paywall_gallery","https://www.paywallpro.app/apps/Peptalk:-Daily-Motivation-us?id=2982&utm_source=github&utm_medium=open_dataset&utm_campaign=paywall_gallery","2026-06-05"
"1622355240","Birdbuddy: ID & Collect Birds","Buddy Bird Inc","Education","93494","197","3.8.1","2025-08-19","3","7","9","Free Trial - Soft Paywall","1 offer set across month, year","1","apps/birdbuddy-id-and-collect-birds-1622355240.md","screenshots/birdbuddy-id-and-collect-birds-1622355240/cover.webp","screenshots/birdbuddy-id-and-collect-birds-1622355240/cover.webp","screenshots/birdbuddy-id-and-collect-birds-1622355240/paywall-screen-2.webp|screenshots/birdbuddy-id-and-collect-birds-1622355240/paywall-screen-3.webp","https://www.paywallpro.app/apps/Birdbuddy:-ID-&-Collect-Birds-us?id=40647&utm_source=github&utm_medium=open_dataset&utm_campaign=paywall_gallery","https://www.paywallpro.app/apps/Birdbuddy:-ID-&-Collect-Birds-us?id=40647&utm_source=github&utm_medium=open_dataset&utm_campaign=paywall_gallery","2026-06-05"
"1437005085","Proton VPN: Fast & Secure","Proton AG","Utilities","93260","21","5.4.2","2024-05-28","2","13","0","No Free Trial - Soft Paywall","1 offer set across year","1","apps/proton-vpn-fast-and-secure-1437005085.md","screenshots/proton-vpn-fast-and-secure-1437005085/cover.webp","screenshots/proton-vpn-fast-and-secure-1437005085/cover.webp","screenshots/proton-vpn-fast-and-secure-1437005085/paywall-screen-2.webp|screenshots/proton-vpn-fast-and-secure-1437005085/paywall-screen-3.webp","https://www.paywallpro.app/apps/Proton-VPN:-Fast-&-Secure-us?id=8587&utm_source=github&utm_medium=open_dataset&utm_campaign=paywall_gallery","https://www.paywallpro.app/apps/Proton-VPN:-Fast-&-Secure-us?id=8587&utm_source=github&utm_medium=open_dataset&utm_campaign=paywall_gallery","2026-06-05"
"588868907","Hooked on Phonics Learning","Hooked on Phonics","Education","92808","195","7.2.11","2025-09-03","2","5","0","Free Trial - Soft Paywall","1 offer set across month, year","1","apps/hooked-on-phonics-learning-588868907.md","screenshots/hooked-on-phonics-learning-588868907/cover.webp","screenshots/hooked-on-phonics-learning-588868907/cover.webp","screenshots/hooked-on-phonics-learning-588868907/paywall-screen-2.webp|screenshots/hooked-on-phonics-learning-588868907/paywall-screen-3.webp","https://www.paywallpro.app/apps/Hooked-on-Phonics-Learning-us?id=627&utm_source=github&utm_medium=open_dataset&utm_campaign=paywall_gallery","https://www.paywallpro.app/apps/Hooked-on-Phonics-Learning-us?id=627&utm_source=github&utm_medium=open_dataset&utm_campaign=paywall_gallery","2026-06-05"
"543577420","PhotoGrid: Video Collage Maker","JUPITER PALACE PTE. LTD.","Photo & Video","92704","135","9.2.0","2026-01-07","4","6","7","Free Trial - Soft Paywall","2 offer sets across month, year","2","apps/photogrid-video-collage-maker-543577420.md","screenshots/photogrid-video-collage-maker-543577420/cover.webp","screenshots/photogrid-video-collage-maker-543577420/cover.webp","screenshots/photogrid-video-collage-maker-543577420/paywall-monthly-4-99-9-99.webp|screenshots/photogrid-video-collage-maker-543577420/paywall-monthly-4-99-9-99-2.webp","https://www.paywallpro.app/apps/PhotoGrid:-Video-Collage-Maker-us?id=420&utm_source=github&utm_medium=open_dataset&utm_campaign=paywall_gallery","https://www.paywallpro.app/apps/PhotoGrid:-Video-Collage-Maker-us?id=420&utm_source=github&utm_medium=open_dataset&utm_campaign=paywall_gallery","2026-06-05"
"1391782046","Surfshark VPN: Fast VPN App","Surfshark","Productivity","91376","39","3.31.0","2026-01-28","8","4","8","No Free Trial - Soft Paywall","2 offer sets across month, half year, year","2","apps/surfshark-vpn-fast-vpn-app-1391782046.md","screenshots/surfshark-vpn-fast-vpn-app-1391782046/cover.webp","screenshots/surfshark-vpn-fast-vpn-app-1391782046/cover.webp","screenshots/surfshark-vpn-fast-vpn-app-1391782046/paywall-monthly-12-99-17-99.webp|screenshots/surfshark-vpn-fast-vpn-app-1391782046/paywall-monthly-12-99-17-99-2.webp","https://www.paywallpro.app/apps/Surfshark-VPN:-Fast-VPN-App-us?id=400&utm_source=github&utm_medium=open_dataset&utm_campaign=paywall_gallery","https://www.paywallpro.app/apps/Surfshark-VPN:-Fast-VPN-App-us?id=400&utm_source=github&utm_medium=open_dataset&utm_campaign=paywall_gallery","2026-06-05"
"1162206015","LumaBooth Event Photo Booth","Lumasoft LLC","Photo & Video","91310","158","4.6.3","2025-10-15","1","0","5","No Free Trial - Soft Paywall","1 offer set across month, year","1","apps/lumabooth-event-photo-booth-1162206015.md","screenshots/lumabooth-event-photo-booth-1162206015/cover.webp","screenshots/lumabooth-event-photo-booth-1162206015/cover.webp","screenshots/lumabooth-event-photo-booth-1162206015/paywall-screen-2.webp|screenshots/lumabooth-event-photo-booth-1162206015/paywall-screen-3.webp","https://www.paywallpro.app/apps/LumaBooth-Event-Photo-Booth-us?id=626&utm_source=github&utm_medium=open_dataset&utm_campaign=paywall_gallery","https://www.paywallpro.app/apps/LumaBooth-Event-Photo-Booth-us?id=626&utm_source=github&utm_medium=open_dataset&utm_campaign=paywall_gallery","2026-06-05"
"1477317200","DailyWire+","Daily Wire LLC","News","91056","42","3.3.7","2025-12-16","2","8","6","No Free Trial - Soft Paywall","1 offer set across month, year","1","apps/dailywire-1477317200.md","screenshots/dailywire-1477317200/cover.webp","screenshots/dailywire-1477317200/cover.webp","screenshots/dailywire-1477317200/paywall-screen-2.webp|screenshots/dailywire-1477317200/paywall-screen-3.webp","https://www.paywallpro.app/apps/DailyWire%2B-us?id=1110791&utm_source=github&utm_medium=open_dataset&utm_campaign=paywall_gallery","https://www.paywallpro.app/apps/DailyWire%2B-us?id=1110791&utm_source=github&utm_medium=open_dataset&utm_campaign=paywall_gallery","2026-06-05"
"397648381","Talkatone: WiFi Text & Calls","TALKATONE, INC.","Social Networking","90702","42","6.7.2","2024-08-15","1","6","0","No Free Trial - Soft Paywall","3 offer sets across month","3","apps/talkatone-wifi-text-and-calls-397648381.md","screenshots/talkatone-wifi-text-and-calls-397648381/cover.webp","screenshots/talkatone-wifi-text-and-calls-397648381/cover.webp","screenshots/talkatone-wifi-text-and-calls-397648381/paywall-monthly-14-99.webp|screenshots/talkatone-wifi-text-and-calls-397648381/paywall-monthly-3-99.webp","https://www.paywallpro.app/apps/Talkatone:-WiFi-Text-&-Calls-us?id=574&utm_source=github&utm_medium=open_dataset&utm_campaign=paywall_gallery","https://www.paywallpro.app/apps/Talkatone:-WiFi-Text-&-Calls-us?id=574&utm_source=github&utm_medium=open_dataset&utm_campaign=paywall_gallery","2026-06-05"
"1362013798","Beat Maker Pro: Music drum Pad","MWM","Music","90635","7","4.13.01","2025-12-17","3","10","7","No Free Trial - Soft Paywall, Free Trial - Soft Paywall","2 offer sets across week","2","apps/beat-maker-pro-music-drum-pad-1362013798.md","screenshots/beat-maker-pro-music-drum-pad-1362013798/cover.webp","screenshots/beat-maker-pro-music-drum-pad-1362013798/cover.webp","screenshots/beat-maker-pro-music-drum-pad-1362013798/paywall-weekly-3-99.webp|screenshots/beat-maker-pro-music-drum-pad-1362013798/paywall-screen-3.webp","https://www.paywallpro.app/apps/Beat-Maker-Pro:-Music-drum-Pad-us?id=434&utm_source=github&utm_medium=open_dataset&utm_campaign=paywall_gallery","https://www.paywallpro.app/apps/Beat-Maker-Pro:-Music-drum-Pad-us?id=434&utm_source=github&utm_medium=open_dataset&utm_campaign=paywall_gallery","2026-06-05"
"292738169","Deezer: Music Player, Podcast","DEEZER SA","Music","89921","107","11.6.0","2026-02-02","5","4","6","Free Trial - Soft Paywall","1 offer set across month, year","1","apps/deezer-music-player-podcast-292738169.md","screenshots/deezer-music-player-podcast-292738169/cover.webp","screenshots/deezer-music-player-podcast-292738169/cover.webp","screenshots/deezer-music-player-podcast-292738169/paywall-screen-2.webp|screenshots/deezer-music-player-podcast-292738169/paywall-screen-3.webp","https://www.paywallpro.app/apps/Deezer:-Music-Player%2C-Podcast-us?id=455&utm_source=github&utm_medium=open_dataset&utm_campaign=paywall_gallery","https://www.paywallpro.app/apps/Deezer:-Music-Player%2C-Podcast-us?id=455&utm_source=github&utm_medium=open_dataset&utm_campaign=paywall_gallery","2026-06-05"
"768469908","YouCam Perfect:AI Photo Editor","PERFECT MOBILE CORP.","Photo & Video","89655","64","6.13.1","2025-11-25","6","8","9","Free Trial - Soft Paywall, Currency Paywall","3 offer sets across month, year","3","apps/youcam-perfect-ai-photo-editor-768469908.md","screenshots/youcam-perfect-ai-photo-editor-768469908/cover.webp","screenshots/youcam-perfect-ai-photo-editor-768469908/cover.webp","screenshots/youcam-perfect-ai-photo-editor-768469908/paywall-monthly-19-99-9-99.webp|screenshots/youcam-perfect-ai-photo-editor-768469908/paywall-monthly-19-99.webp","https://www.paywallpro.app/apps/YouCam-Perfect:AI-Photo-Editor-us?id=528&utm_source=github&utm_medium=open_dataset&utm_campaign=paywall_gallery","https://www.paywallpro.app/apps/YouCam-Perfect:AI-Photo-Editor-us?id=528&utm_source=github&utm_medium=open_dataset&utm_campaign=paywall_gallery","2026-06-05"
"946429340","Qobuz: Music & Editorial","Qobuz","Music","89554","45","9.3.1","2025-12-22","2","0","8","Free Trial - Soft Paywall","1 offer set across month","1","apps/qobuz-music-and-editorial-946429340.md","screenshots/qobuz-music-and-editorial-946429340/cover.webp","screenshots/qobuz-music-and-editorial-946429340/cover.webp","screenshots/qobuz-music-and-editorial-946429340/paywall-screen-2.webp|screenshots/qobuz-music-and-editorial-946429340/paywall-screen-3.webp","https://www.paywallpro.app/apps/Qobuz:-Music-&-Editorial-us?id=1949930&utm_source=github&utm_medium=open_dataset&utm_campaign=paywall_gallery","https://www.paywallpro.app/apps/Qobuz:-Music-&-Editorial-us?id=1949930&utm_source=github&utm_medium=open_dataset&utm_campaign=paywall_gallery","2026-06-05"
"969997496","Muzz: Where Muslims Marry","MUZZ LTD","Lifestyle","89496","46","8.68.1","2025-11-07","4","6","6","No Free Trial - Soft Paywall","1 offer set across week, month, quarter","1","apps/muzz-where-muslims-marry-969997496.md","screenshots/muzz-where-muslims-marry-969997496/cover.webp","screenshots/muzz-where-muslims-marry-969997496/cover.webp","screenshots/muzz-where-muslims-marry-969997496/paywall-screen-2.webp|screenshots/muzz-where-muslims-marry-969997496/paywall-screen-3.webp","https://www.paywallpro.app/apps/Muzz:-Where-Muslims-Marry-us?id=658&utm_source=github&utm_medium=open_dataset&utm_campaign=paywall_gallery","https://www.paywallpro.app/apps/Muzz:-Where-Muslims-Marry-us?id=658&utm_source=github&utm_medium=open_dataset&utm_campaign=paywall_gallery","2026-06-05"
"1585148293","Printer App: Smart Print","Netpeak EOOD","Business","88960","116","2.1.6","2026-01-26","5","11","3","Free Trial - Soft Paywall","1 offer set across week, year","1","apps/printer-app-smart-print-1585148293.md","screenshots/printer-app-smart-print-1585148293/cover.webp","screenshots/printer-app-smart-print-1585148293/cover.webp","screenshots/printer-app-smart-print-1585148293/paywall-screen-2.webp|screenshots/printer-app-smart-print-1585148293/paywall-screen-3.webp","https://www.paywallpro.app/apps/Printer-App:-Smart-Print-us?id=459&utm_source=github&utm_medium=open_dataset&utm_campaign=paywall_gallery","https://www.paywallpro.app/apps/Printer-App:-Smart-Print-us?id=459&utm_source=github&utm_medium=open_dataset&utm_campaign=paywall_gallery","2026-06-05"
"942571931","EveryDollar: Budget Management","The Lampo Group Incorporated","Finance","88824","11","2026.1.230","2026-01-28","3","10","5","Free Trial - Soft Paywall","1 offer set across month, year","1","apps/everydollar-budget-management-942571931.md","screenshots/everydollar-budget-management-942571931/cover.webp","screenshots/everydollar-budget-management-942571931/cover.webp","screenshots/everydollar-budget-management-942571931/paywall-screen-2.webp|screenshots/everydollar-budget-management-942571931/paywall-screen-3.webp","https://www.paywallpro.app/apps/EveryDollar:-Budget-Management-us?id=204&utm_source=github&utm_medium=open_dataset&utm_campaign=paywall_gallery","https://www.paywallpro.app/apps/EveryDollar:-Budget-Management-us?id=204&utm_source=github&utm_medium=open_dataset&utm_campaign=paywall_gallery","2026-06-05"
"1510944943","Cleanup: Phone Storage Cleaner","DEEP FLOW SOFTWARE SERVICES","Utilities","86633","3","6.12.0","2026-03-26","6","8","3","Free Trial - Soft Paywall","2 offer sets across week, one-time purchase","2","apps/cleanup-phone-storage-cleaner-1510944943.md","screenshots/cleanup-phone-storage-cleaner-1510944943/cover.webp","screenshots/cleanup-phone-storage-cleaner-1510944943/cover.webp","screenshots/cleanup-phone-storage-cleaner-1510944943/paywall-weekly-9-99.webp|screenshots/cleanup-phone-storage-cleaner-1510944943/paywall-screen-3.webp","https://www.paywallpro.app/apps/Cleanup:-Phone-Storage-Cleaner-us?id=173&utm_source=github&utm_medium=open_dataset&utm_campaign=paywall_gallery","https://www.paywallpro.app/apps/Cleanup:-Phone-Storage-Cleaner-us?id=173&utm_source=github&utm_medium=open_dataset&utm_campaign=paywall_gallery","2026-06-05"
"1459319842","Monarch: Budget & Track Money","Monarch Money, Inc.","Finance","86223","67","1.0.205","2024-06-14","2","8","0","Free Trial - Soft Paywall","1 offer set across month, year","1","apps/monarch-budget-and-track-money-1459319842.md","screenshots/monarch-budget-and-track-money-1459319842/cover.webp","screenshots/monarch-budget-and-track-money-1459319842/cover.webp","screenshots/monarch-budget-and-track-money-1459319842/paywall-screen-2.webp|screenshots/monarch-budget-and-track-money-1459319842/paywall-screen-3.webp","https://www.paywallpro.app/apps/Monarch:-Budget-&-Track-Money-us?id=583&utm_source=github&utm_medium=open_dataset&utm_campaign=paywall_gallery","https://www.paywallpro.app/apps/Monarch:-Budget-&-Track-Money-us?id=583&utm_source=github&utm_medium=open_dataset&utm_campaign=paywall_gallery","2026-06-05"
"6455042085","SellRaze: List, sell, earn","SellRaze Inc","Shopping","85982","116","4.59","2025-10-10","1","26","0","Free Trial - Soft Paywall","1 offer set across month, year","1","apps/sellraze-list-sell-earn-6455042085.md","screenshots/sellraze-list-sell-earn-6455042085/cover.webp","screenshots/sellraze-list-sell-earn-6455042085/cover.webp","screenshots/sellraze-list-sell-earn-6455042085/paywall-screen-2.webp|screenshots/sellraze-list-sell-earn-6455042085/paywall-screen-3.webp","https://www.paywallpro.app/apps/SellRaze:-List%2C-sell%2C-earn-us?id=1965656&utm_source=github&utm_medium=open_dataset&utm_campaign=paywall_gallery","https://www.paywallpro.app/apps/SellRaze:-List%2C-sell%2C-earn-us?id=1965656&utm_source=github&utm_medium=open_dataset&utm_campaign=paywall_gallery","2026-06-05"
"1083677479","Action Network: Sports Betting","Better Collective USA, Inc.","Sports","85800","96","6.3.0","2026-01-29","4","10","6","No Free Trial - Soft Paywall","1 offer set across week, month, year","1","apps/action-network-sports-betting-1083677479.md","screenshots/action-network-sports-betting-1083677479/cover.webp","screenshots/action-network-sports-betting-1083677479/cover.webp","screenshots/action-network-sports-betting-1083677479/paywall-screen-2.webp|screenshots/action-network-sports-betting-1083677479/paywall-screen-3.webp","https://www.paywallpro.app/apps/Action-Network:-Sports-Betting-us?id=468&utm_source=github&utm_medium=open_dataset&utm_campaign=paywall_gallery","https://www.paywallpro.app/apps/Action-Network:-Sports-Betting-us?id=468&utm_source=github&utm_medium=open_dataset&utm_campaign=paywall_gallery","2026-06-05"
"1459833443","Alight Motion","Bending Spoons Apps ApS","Photo & Video","85634","86","6.2.12","2025-01-31","2","5","0","No Free Trial - Soft Paywall","2 offer sets across week, year","2","apps/alight-motion-1459833443.md","screenshots/alight-motion-1459833443/cover.webp","screenshots/alight-motion-1459833443/cover.webp","screenshots/alight-motion-1459833443/paywall-weekly-4-99.webp|screenshots/alight-motion-1459833443/paywall-screen-3.webp","https://www.paywallpro.app/apps/Alight-Motion-us?id=771&utm_source=github&utm_medium=open_dataset&utm_campaign=paywall_gallery","https://www.paywallpro.app/apps/Alight-Motion-us?id=771&utm_source=github&utm_medium=open_dataset&utm_campaign=paywall_gallery","2026-06-05"
"1410126781","Planta: AI Plant & Garden Care","Planta AB","Lifestyle","85264","197","3.98.3","2025-10-24","2","0","6","No Free Trial - Soft Paywall","2 offer sets across month, year, quarter","2","apps/planta-ai-plant-and-garden-care-1410126781.md","screenshots/planta-ai-plant-and-garden-care-1410126781/cover.webp","screenshots/planta-ai-plant-and-garden-care-1410126781/cover.webp","screenshots/planta-ai-plant-and-garden-care-1410126781/paywall-monthly-9-99.webp|screenshots/planta-ai-plant-and-garden-care-1410126781/paywall-screen-3.webp","https://www.paywallpro.app/apps/Planta:-AI-Plant-&-Garden-Care-us?id=365&utm_source=github&utm_medium=open_dataset&utm_campaign=paywall_gallery","https://www.paywallpro.app/apps/Planta:-AI-Plant-&-Garden-Care-us?id=365&utm_source=github&utm_medium=open_dataset&utm_campaign=paywall_gallery","2026-06-05"
"1161035371","Pray.com: Bible & Daily Prayer","Pray, Inc.","Health & Fitness","84890","87","2.127.0","2026-01-17","8","30","9","Free Trial - Soft Paywall, No Free Trial - Soft Paywall","2 offer sets across month, year","2","apps/pray-com-bible-and-daily-prayer-1161035371.md","screenshots/pray-com-bible-and-daily-prayer-1161035371/cover.webp","screenshots/pray-com-bible-and-daily-prayer-1161035371/cover.webp","screenshots/pray-com-bible-and-daily-prayer-1161035371/paywall-monthly-29-99-19-99.webp|screenshots/pray-com-bible-and-daily-prayer-1161035371/paywall-screen-3.webp","https://www.paywallpro.app/apps/Pray.com:-Bible-&-Daily-Prayer-us?id=312&utm_source=github&utm_medium=open_dataset&utm_campaign=paywall_gallery","https://www.paywallpro.app/apps/Pray.com:-Bible-&-Daily-Prayer-us?id=312&utm_source=github&utm_medium=open_dataset&utm_campaign=paywall_gallery","2026-06-05"
"1549926278","Monkey Run - Make New Friends","Monkey Run LLC","Social Networking","84800","49","2.1.5","2024-03-01","1","9","0","Free Trial - Soft Paywall","1 offer set across week","1","apps/monkey-run-make-new-friends-1549926278.md","screenshots/monkey-run-make-new-friends-1549926278/cover.webp","screenshots/monkey-run-make-new-friends-1549926278/cover.webp","screenshots/monkey-run-make-new-friends-1549926278/paywall-screen-2.webp|screenshots/monkey-run-make-new-friends-1549926278/paywall-screen-3.webp","https://www.paywallpro.app/apps/Monkey-Run---Make-New-Friends-us?id=504&utm_source=github&utm_medium=open_dataset&utm_campaign=paywall_gallery","https://www.paywallpro.app/apps/Monkey-Run---Make-New-Friends-us?id=504&utm_source=github&utm_medium=open_dataset&utm_campaign=paywall_gallery","2026-06-05"
"6737785495","Settlemate: Claim Savings","Settlemate Inc","Finance","84253","38","4.0.11","2026-01-07","3","28","0","No Free Trial - Hard Paywall","1 offer set across month, year","1","apps/settlemate-claim-savings-6737785495.md","screenshots/settlemate-claim-savings-6737785495/cover.webp","screenshots/settlemate-claim-savings-6737785495/cover.webp","screenshots/settlemate-claim-savings-6737785495/paywall-screen-2.webp|screenshots/settlemate-claim-savings-6737785495/paywall-screen-3.webp","https://www.paywallpro.app/apps/Settlemate:-Claim-Savings-us?id=1950035&utm_source=github&utm_medium=open_dataset&utm_campaign=paywall_gallery","https://www.paywallpro.app/apps/Settlemate:-Claim-Savings-us?id=1950035&utm_source=github&utm_medium=open_dataset&utm_campaign=paywall_gallery","2026-06-05"
"529815782","The Wonder Weeks - Baby leaps","Domus Technica","Health & Fitness","83449","188","12.1.0","2024-07-15","1","14","0","No Free Trial - Soft Paywall","1 offer set across month, year, quarter","1","apps/the-wonder-weeks-baby-leaps-529815782.md","screenshots/the-wonder-weeks-baby-leaps-529815782/cover.webp","screenshots/the-wonder-weeks-baby-leaps-529815782/cover.webp","screenshots/the-wonder-weeks-baby-leaps-529815782/paywall-screen-2.webp|screenshots/the-wonder-weeks-baby-leaps-529815782/paywall-screen-3.webp","https://www.paywallpro.app/apps/The-Wonder-Weeks---Baby-leaps-us?id=273290&utm_source=github&utm_medium=open_dataset&utm_campaign=paywall_gallery","https://www.paywallpro.app/apps/The-Wonder-Weeks---Baby-leaps-us?id=273290&utm_source=github&utm_medium=open_dataset&utm_campaign=paywall_gallery","2026-06-05"
"1216135390","Second Phone Number - 2Number","BPMobile","Utilities","83302","68","2.89","2025-12-22","2","11","7","Free Trial - Soft Paywall, Currency Paywall","1 offer set across week, year","1","apps/second-phone-number-2number-1216135390.md","screenshots/second-phone-number-2number-1216135390/cover.webp","screenshots/second-phone-number-2number-1216135390/cover.webp","screenshots/second-phone-number-2number-1216135390/paywall-screen-2.webp|screenshots/second-phone-number-2number-1216135390/paywall-currency-paywall.webp","https://www.paywallpro.app/apps/Second-Phone-Number---2Number-us?id=421&utm_source=github&utm_medium=open_dataset&utm_campaign=paywall_gallery","https://www.paywallpro.app/apps/Second-Phone-Number---2Number-us?id=421&utm_source=github&utm_medium=open_dataset&utm_campaign=paywall_gallery","2026-06-05"
"1252497129","PictureThis - Plant Identifier","Glority Global Group Ltd.","Education","82828","14","5.51.0","2026-03-25","7","16","9","Free Trial - Soft Paywall, No Free Trial - Soft Paywall","2 offer sets across year","2","apps/picturethis-plant-identifier-1252497129.md","screenshots/picturethis-plant-identifier-1252497129/cover.webp","screenshots/picturethis-plant-identifier-1252497129/cover.webp","screenshots/picturethis-plant-identifier-1252497129/paywall-annual-24-99-39-99.webp|screenshots/picturethis-plant-identifier-1252497129/paywall-screen-3.webp","https://www.paywallpro.app/apps/PictureThis---Plant-Identifier-us?id=48&utm_source=github&utm_medium=open_dataset&utm_campaign=paywall_gallery","https://www.paywallpro.app/apps/PictureThis---Plant-Identifier-us?id=48&utm_source=github&utm_medium=open_dataset&utm_campaign=paywall_gallery","2026-06-05"
"1050171910","Free VPN by Free VPN .org™","Free VPN LLC","Utilities","82517","16","4.038","2025-08-19","3","3","6","Free Trial - Soft Paywall","2 offer sets across week, month, year","2","apps/free-vpn-by-free-vpn-org-1050171910.md","screenshots/free-vpn-by-free-vpn-org-1050171910/cover.webp","screenshots/free-vpn-by-free-vpn-org-1050171910/cover.webp","screenshots/free-vpn-by-free-vpn-org-1050171910/paywall-weekly-9-89.webp|screenshots/free-vpn-by-free-vpn-org-1050171910/paywall-screen-3.webp","https://www.paywallpro.app/apps/Free-VPN-by-Free-VPN-.org%E2%84%A2-us?id=615&utm_source=github&utm_medium=open_dataset&utm_campaign=paywall_gallery","https://www.paywallpro.app/apps/Free-VPN-by-Free-VPN-.org%E2%84%A2-us?id=615&utm_source=github&utm_medium=open_dataset&utm_campaign=paywall_gallery","2026-06-05"
"6444848535","Cosmo: AI Editor, Hair Filters","Spark Dynamic","Photo & Video","82283","32","2.7.0","2025-06-24","3","11","0","No Free Trial - Soft Paywall","1 offer set across week, year","1","apps/cosmo-ai-editor-hair-filters-6444848535.md","screenshots/cosmo-ai-editor-hair-filters-6444848535/cover.webp","screenshots/cosmo-ai-editor-hair-filters-6444848535/cover.webp","screenshots/cosmo-ai-editor-hair-filters-6444848535/paywall-screen-2.webp|screenshots/cosmo-ai-editor-hair-filters-6444848535/paywall-screen-3.webp","https://www.paywallpro.app/apps/Cosmo:-AI-Editor%2C-Hair-Filters-us?id=817&utm_source=github&utm_medium=open_dataset&utm_campaign=paywall_gallery","https://www.paywallpro.app/apps/Cosmo:-AI-Editor%2C-Hair-Filters-us?id=817&utm_source=github&utm_medium=open_dataset&utm_campaign=paywall_gallery","2026-06-05"
"1095519285","Norton VPN – Fast & Secure","Gen Digital Inc.","Productivity","82123","200","26.1.0","2026-02-07","6","9","0","Free Trial - Soft Paywall","1 offer set across month, year","1","apps/norton-vpn-fast-and-secure-1095519285.md","screenshots/norton-vpn-fast-and-secure-1095519285/cover.webp","screenshots/norton-vpn-fast-and-secure-1095519285/cover.webp","screenshots/norton-vpn-fast-and-secure-1095519285/paywall-screen-2.webp|screenshots/norton-vpn-fast-and-secure-1095519285/paywall-screen-3.webp","https://www.paywallpro.app/apps/Norton-VPN-%E2%80%93-Fast-&-Secure-us?id=545&utm_source=github&utm_medium=open_dataset&utm_campaign=paywall_gallery","https://www.paywallpro.app/apps/Norton-VPN-%E2%80%93-Fast-&-Secure-us?id=545&utm_source=github&utm_medium=open_dataset&utm_campaign=paywall_gallery","2026-06-05"
"749471884","Cricut Design Space","Cricut, Inc.","Graphics & Design","81692","41","6.38.0","2025-12-15","3","9","5","No Free Trial - Soft Paywall","2 offer sets across month, year","2","apps/cricut-design-space-749471884.md","screenshots/cricut-design-space-749471884/cover.webp","screenshots/cricut-design-space-749471884/cover.webp","screenshots/cricut-design-space-749471884/paywall-annual-129-99.webp|screenshots/cricut-design-space-749471884/paywall-screen-3.webp","https://www.paywallpro.app/apps/Cricut-Design-Space-us?id=58&utm_source=github&utm_medium=open_dataset&utm_campaign=paywall_gallery","https://www.paywallpro.app/apps/Cricut-Design-Space-us?id=58&utm_source=github&utm_medium=open_dataset&utm_campaign=paywall_gallery","2026-06-05"
"622851626","Golfshot Golf GPS Range Finder","Golf Genius Mobile, LLC","Sports","80890","183","4.68","2025-09-15","3","0","11","Free Trial - Soft Paywall","1 offer set across month, year","1","apps/golfshot-golf-gps-range-finder-622851626.md","screenshots/golfshot-golf-gps-range-finder-622851626/cover.webp","screenshots/golfshot-golf-gps-range-finder-622851626/cover.webp","screenshots/golfshot-golf-gps-range-finder-622851626/paywall-screen-2.webp|screenshots/golfshot-golf-gps-range-finder-622851626/paywall-screen-3.webp","https://www.paywallpro.app/apps/Golfshot-Golf-GPS-Range-Finder-us?id=544&utm_source=github&utm_medium=open_dataset&utm_campaign=paywall_gallery","https://www.paywallpro.app/apps/Golfshot-Golf-GPS-Range-Finder-us?id=544&utm_source=github&utm_medium=open_dataset&utm_campaign=paywall_gallery","2026-06-05"
"1485756576","Reframe: Drink Less & Thrive","Glucobit Inc.","Health & Fitness","80766","135","3.9.40","2026-03-28","2","11","0","Free Trial - Soft Paywall","1 offer set across month, year, one-time purchase","1","apps/reframe-drink-less-and-thrive-1485756576.md","screenshots/reframe-drink-less-and-thrive-1485756576/cover.webp","screenshots/reframe-drink-less-and-thrive-1485756576/cover.webp","screenshots/reframe-drink-less-and-thrive-1485756576/paywall-screen-2.webp|screenshots/reframe-drink-less-and-thrive-1485756576/paywall-screen-3.webp","https://www.paywallpro.app/apps/Reframe:-Drink-Less-&-Thrive-us?id=331&utm_source=github&utm_medium=open_dataset&utm_campaign=paywall_gallery","https://www.paywallpro.app/apps/Reframe:-Drink-Less-&-Thrive-us?id=331&utm_source=github&utm_medium=open_dataset&utm_campaign=paywall_gallery","2026-06-05"
"1557446434","Plant Identifier & Care App","Botan App Limited LLC","Education","80748","192","3.8.3","2024-12-18","2","8","0","Free Trial - Soft Paywall","1 offer set across week, year","1","apps/plant-identifier-and-care-app-1557446434.md","screenshots/plant-identifier-and-care-app-1557446434/cover.webp","screenshots/plant-identifier-and-care-app-1557446434/cover.webp","screenshots/plant-identifier-and-care-app-1557446434/paywall-screen-2.webp|screenshots/plant-identifier-and-care-app-1557446434/paywall-screen-3.webp","https://www.paywallpro.app/apps/Plant-Identifier-&-Care-App-us?id=234332&utm_source=github&utm_medium=open_dataset&utm_campaign=paywall_gallery","https://www.paywallpro.app/apps/Plant-Identifier-&-Care-App-us?id=234332&utm_source=github&utm_medium=open_dataset&utm_campaign=paywall_gallery","2026-06-05"
"1020357408","flowkey – Learn to Play Piano","flowkey GmbH","Education","80684","172","2.97.0","2025-10-09","3","8","7","Free Trial - Soft Paywall","2 offer sets across month, year","2","apps/flowkey-learn-to-play-piano-1020357408.md","screenshots/flowkey-learn-to-play-piano-1020357408/cover.webp","screenshots/flowkey-learn-to-play-piano-1020357408/cover.webp","screenshots/flowkey-learn-to-play-piano-1020357408/paywall-monthly-23-99.webp|screenshots/flowkey-learn-to-play-piano-1020357408/paywall-screen-3.webp","https://www.paywallpro.app/apps/flowkey-%E2%80%93-Learn-to-Play-Piano-us?id=402&utm_source=github&utm_medium=open_dataset&utm_campaign=paywall_gallery","https://www.paywallpro.app/apps/flowkey-%E2%80%93-Learn-to-Play-Piano-us?id=402&utm_source=github&utm_medium=open_dataset&utm_campaign=paywall_gallery","2026-06-05"
"863196620","Sanford Guide Antimicrobial","Antimicrobial Therapy, Inc.","Medical","80579","3","7.1.4","2026-02-05","3","0","11","Free Trial - Soft Paywall","1 offer set across year","1","apps/sanford-guide-antimicrobial-863196620.md","screenshots/sanford-guide-antimicrobial-863196620/cover.webp","screenshots/sanford-guide-antimicrobial-863196620/cover.webp","screenshots/sanford-guide-antimicrobial-863196620/paywall-screen-2.webp|screenshots/sanford-guide-antimicrobial-863196620/paywall-screen-3.webp","https://www.paywallpro.app/apps/Sanford-Guide-Antimicrobial-us?id=822&utm_source=github&utm_medium=open_dataset&utm_campaign=paywall_gallery","https://www.paywallpro.app/apps/Sanford-Guide-Antimicrobial-us?id=822&utm_source=github&utm_medium=open_dataset&utm_campaign=paywall_gallery","2026-06-05"
"6457366208","Esti: Aesthetic Photo Editor","Prequel Inc.","Photo & Video","80505","68","1.38.0","2025-12-09","4","22","3","Free Trial - Soft Paywall","2 offer sets across week, year","2","apps/esti-aesthetic-photo-editor-6457366208.md","screenshots/esti-aesthetic-photo-editor-6457366208/cover.webp","screenshots/esti-aesthetic-photo-editor-6457366208/cover.webp","screenshots/esti-aesthetic-photo-editor-6457366208/paywall-annual-14-99.webp|screenshots/esti-aesthetic-photo-editor-6457366208/paywall-screen-3.webp","https://www.paywallpro.app/apps/Esti:-Aesthetic-Photo-Editor-us?id=528960&utm_source=github&utm_medium=open_dataset&utm_campaign=paywall_gallery","https://www.paywallpro.app/apps/Esti:-Aesthetic-Photo-Editor-us?id=528960&utm_source=github&utm_medium=open_dataset&utm_campaign=paywall_gallery","2026-06-05"
"924826256","SlideShow Maker Photo to Video","Mosaic S.r.l.","Photo & Video","80206","165","5.6.41","2025-10-03","5","14","7","Free Trial - Soft Paywall","2 offer sets across week, year","2","apps/slideshow-maker-photo-to-video-924826256.md","screenshots/slideshow-maker-photo-to-video-924826256/cover.webp","screenshots/slideshow-maker-photo-to-video-924826256/cover.webp","screenshots/slideshow-maker-photo-to-video-924826256/paywall-weekly-9-99-7-99.webp|screenshots/slideshow-maker-photo-to-video-924826256/paywall-screen-3.webp","https://www.paywallpro.app/apps/SlideShow-Maker-Photo-to-Video-us?id=360&utm_source=github&utm_medium=open_dataset&utm_campaign=paywall_gallery","https://www.paywallpro.app/apps/SlideShow-Maker-Photo-to-Video-us?id=360&utm_source=github&utm_medium=open_dataset&utm_campaign=paywall_gallery","2026-06-05"
"1037595083","StepsApp Pedometer","StepsApp GmbH","Health & Fitness","79265","40","8.4.8","2025-10-07","3","10","8","No Free Trial - Soft Paywall","2 offer sets across month, year","2","apps/stepsapp-pedometer-1037595083.md","screenshots/stepsapp-pedometer-1037595083/cover.webp","screenshots/stepsapp-pedometer-1037595083/cover.webp","screenshots/stepsapp-pedometer-1037595083/paywall-monthly-4-99.webp|screenshots/stepsapp-pedometer-1037595083/paywall-screen-3.webp","https://www.paywallpro.app/apps/StepsApp-Pedometer-us?id=925&utm_source=github&utm_medium=open_dataset&utm_campaign=paywall_gallery","https://www.paywallpro.app/apps/StepsApp-Pedometer-us?id=925&utm_source=github&utm_medium=open_dataset&utm_campaign=paywall_gallery","2026-06-05"
"945614824","Dating.com: Global Chat & Date","Kreova Tech Llc","Social Networking","79141","196","7.539.2","2025-11-06","2","0","7","No Free Trial - Soft Paywall","1 offer set across month","1","apps/dating-com-global-chat-and-date-945614824.md","screenshots/dating-com-global-chat-and-date-945614824/cover.webp","screenshots/dating-com-global-chat-and-date-945614824/cover.webp","screenshots/dating-com-global-chat-and-date-945614824/paywall-screen-2.webp|screenshots/dating-com-global-chat-and-date-945614824/paywall-screen-3.webp","https://www.paywallpro.app/apps/Dating.com:-Global-Chat-&-Date-us?id=486&utm_source=github&utm_medium=open_dataset&utm_campaign=paywall_gallery","https://www.paywallpro.app/apps/Dating.com:-Global-Chat-&-Date-us?id=486&utm_source=github&utm_medium=open_dataset&utm_campaign=paywall_gallery","2026-06-05"
"1485509764","Reports+ for Followers Tracker","FAMEDMOBILE MARKET LIMITED","Social Networking","78910","46","2.8.0","2025-10-24","1","7","7","No Free Trial - Soft Paywall","1 offer set across week, month, year","1","apps/reports-for-followers-tracker-1485509764.md","screenshots/reports-for-followers-tracker-1485509764/cover.webp","screenshots/reports-for-followers-tracker-1485509764/cover.webp","screenshots/reports-for-followers-tracker-1485509764/paywall-screen-2.webp|screenshots/reports-for-followers-tracker-1485509764/paywall-screen-3.webp","https://www.paywallpro.app/apps/Reports%2B-for-Followers-Tracker-us?id=1912943&utm_source=github&utm_medium=open_dataset&utm_campaign=paywall_gallery","https://www.paywallpro.app/apps/Reports%2B-for-Followers-Tracker-us?id=1912943&utm_source=github&utm_medium=open_dataset&utm_campaign=paywall_gallery","2026-06-05"
"6670430706","DramaWave - Dramas & Reels","SKYWORK AI PTE LTD","Entertainment","78683","26","1.7.50","2026-02-06","7","0","11","No Free Trial - Soft Paywall, Currency Paywall","1 offer set across week, month, year","1","apps/dramawave-dramas-and-reels-6670430706.md","screenshots/dramawave-dramas-and-reels-6670430706/cover.webp","screenshots/dramawave-dramas-and-reels-6670430706/cover.webp","screenshots/dramawave-dramas-and-reels-6670430706/paywall-screen-2.webp|screenshots/dramawave-dramas-and-reels-6670430706/paywall-currency-paywall.webp","https://www.paywallpro.app/apps/DramaWave---Dramas-&-Reels-us?id=921353&utm_source=github&utm_medium=open_dataset&utm_campaign=paywall_gallery","https://www.paywallpro.app/apps/DramaWave---Dramas-&-Reels-us?id=921353&utm_source=github&utm_medium=open_dataset&utm_campaign=paywall_gallery","2026-06-05"
"1666254795","Unfollow Tracker: MyFollowers","FEONA LTD, TOV","Utilities","78661","41","2.7.2","2024-12-01","2","7","0","Free Trial - Soft Paywall","2 offer sets across week, month, year","2","apps/unfollow-tracker-myfollowers-1666254795.md","screenshots/unfollow-tracker-myfollowers-1666254795/cover.webp","screenshots/unfollow-tracker-myfollowers-1666254795/cover.webp","screenshots/unfollow-tracker-myfollowers-1666254795/paywall-weekly-4-99.webp|screenshots/unfollow-tracker-myfollowers-1666254795/paywall-weekly-4-99-2.webp","https://www.paywallpro.app/apps/Unfollow-Tracker:-MyFollowers-us?id=600063&utm_source=github&utm_medium=open_dataset&utm_campaign=paywall_gallery","https://www.paywallpro.app/apps/Unfollow-Tracker:-MyFollowers-us?id=600063&utm_source=github&utm_medium=open_dataset&utm_campaign=paywall_gallery","2026-06-05"
"1131203560","Kahoot! Play & Create Quizzes","Kahoot ASA","Education","78136","25","6.4.9","2025-10-27","5","7","13","Free Trial - Soft Paywall, No Free Trial - Soft Paywall","4 offer sets across month, year","4","apps/kahoot-play-and-create-quizzes-1131203560.md","screenshots/kahoot-play-and-create-quizzes-1131203560/cover.webp","screenshots/kahoot-play-and-create-quizzes-1131203560/cover.webp","screenshots/kahoot-play-and-create-quizzes-1131203560/paywall-monthly-29-99.webp|screenshots/kahoot-play-and-create-quizzes-1131203560/paywall-monthly-14-99.webp","https://www.paywallpro.app/apps/Kahoot!-Play-&-Create-Quizzes-us?id=785&utm_source=github&utm_medium=open_dataset&utm_campaign=paywall_gallery","https://www.paywallpro.app/apps/Kahoot!-Play-&-Create-Quizzes-us?id=785&utm_source=github&utm_medium=open_dataset&utm_campaign=paywall_gallery","2026-06-05"
"1200842933","Financial Times: Business News","Financial Times Ltd.","News","78118","64","1.106","2025-12-01","3","6","12","No Free Trial - Soft Paywall","1 offer set across month, year","1","apps/financial-times-business-news-1200842933.md","screenshots/financial-times-business-news-1200842933/cover.webp","screenshots/financial-times-business-news-1200842933/cover.webp","screenshots/financial-times-business-news-1200842933/paywall-screen-2.webp|screenshots/financial-times-business-news-1200842933/paywall-screen-3.webp","https://www.paywallpro.app/apps/Financial-Times:-Business-News-us?id=45389&utm_source=github&utm_medium=open_dataset&utm_campaign=paywall_gallery","https://www.paywallpro.app/apps/Financial-Times:-Business-News-us?id=45389&utm_source=github&utm_medium=open_dataset&utm_campaign=paywall_gallery","2026-06-05"
"1500143611","Yuno - General knowledge","Gaiali GmbH","Education","77903","130","4.9.8","2025-10-27","4","27","5","Free Trial - Soft Paywall","2 offer sets across month, year","2","apps/yuno-general-knowledge-1500143611.md","screenshots/yuno-general-knowledge-1500143611/cover.webp","screenshots/yuno-general-knowledge-1500143611/cover.webp","screenshots/yuno-general-knowledge-1500143611/paywall-monthly-12-99.webp|screenshots/yuno-general-knowledge-1500143611/paywall-screen-3.webp","https://www.paywallpro.app/apps/Yuno---General-knowledge-us?id=680944&utm_source=github&utm_medium=open_dataset&utm_campaign=paywall_gallery","https://www.paywallpro.app/apps/Yuno---General-knowledge-us?id=680944&utm_source=github&utm_medium=open_dataset&utm_campaign=paywall_gallery","2026-06-05"
"6473748536","Astra - Life Advice","Vert Ventures","Lifestyle","77770","170","3.1.1","2024-08-16","2","6","0","Free Trial - Hard Paywall","1 offer set across week","1","apps/astra-life-advice-6473748536.md","screenshots/astra-life-advice-6473748536/cover.webp","screenshots/astra-life-advice-6473748536/cover.webp","screenshots/astra-life-advice-6473748536/paywall-screen-2.webp|screenshots/astra-life-advice-6473748536/paywall-screen-3.webp","https://www.paywallpro.app/apps/Astra---Life-Advice-us?id=820&utm_source=github&utm_medium=open_dataset&utm_campaign=paywall_gallery","https://www.paywallpro.app/apps/Astra---Life-Advice-us?id=820&utm_source=github&utm_medium=open_dataset&utm_campaign=paywall_gallery","2026-06-05"
"1081530898","The New Yorker","Advance Magazine Publishers Inc.","News","76917","12","10.0.1","2024-06-11","1","3","0","Free Trial - Soft Paywall","1 offer set across month, year","1","apps/the-new-yorker-1081530898.md","screenshots/the-new-yorker-1081530898/cover.webp","screenshots/the-new-yorker-1081530898/cover.webp","screenshots/the-new-yorker-1081530898/paywall-screen-2.webp|screenshots/the-new-yorker-1081530898/paywall-screen-3.webp","https://www.paywallpro.app/apps/The-New-Yorker-us?id=929&utm_source=github&utm_medium=open_dataset&utm_campaign=paywall_gallery","https://www.paywallpro.app/apps/The-New-Yorker-us?id=929&utm_source=github&utm_medium=open_dataset&utm_campaign=paywall_gallery","2026-06-05"
"301427093","Davis's Drug Guide - Nurses","Unbound Medicine, Inc.","Medical","76834","5","1.47","2024-05-16","1","8","0","Free Trial - Soft Paywall","1 offer set across year","1","apps/davis-s-drug-guide-nurses-301427093.md","screenshots/davis-s-drug-guide-nurses-301427093/cover.webp","screenshots/davis-s-drug-guide-nurses-301427093/cover.webp","screenshots/davis-s-drug-guide-nurses-301427093/paywall-screen-2.webp|screenshots/davis-s-drug-guide-nurses-301427093/paywall-screen-3.webp","https://www.paywallpro.app/apps/Davis's-Drug-Guide---Nurses-us?id=931&utm_source=github&utm_medium=open_dataset&utm_campaign=paywall_gallery","https://www.paywallpro.app/apps/Davis's-Drug-Guide---Nurses-us?id=931&utm_source=github&utm_medium=open_dataset&utm_campaign=paywall_gallery","2026-06-05"
"1514709368","Jumpspeak | Language Learning","Rype","Education","76751","152","5.2.5","2025-10-28","4","16","0","No Free Trial - Soft Paywall","2 offer sets across year, quarter, one-time purchase","2","apps/jumpspeak-language-learning-1514709368.md","screenshots/jumpspeak-language-learning-1514709368/cover.webp","screenshots/jumpspeak-language-learning-1514709368/cover.webp","screenshots/jumpspeak-language-learning-1514709368/paywall-quarterly-49-99.webp|screenshots/jumpspeak-language-learning-1514709368/paywall-screen-3.webp","https://www.paywallpro.app/apps/Jumpspeak-%7C-Language-Learning-us?id=203550&utm_source=github&utm_medium=open_dataset&utm_campaign=paywall_gallery","https://www.paywallpro.app/apps/Jumpspeak-%7C-Language-Learning-us?id=203550&utm_source=github&utm_medium=open_dataset&utm_campaign=paywall_gallery","2026-06-05"
"1593515263","Linktree: Link in Bio Creator","Linktree","Social Networking","75675","103","2.77.0","2025-03-06","2","8","0","Free Trial - Soft Paywall","2 offer sets across month, year","2","apps/linktree-link-in-bio-creator-1593515263.md","screenshots/linktree-link-in-bio-creator-1593515263/cover.webp","screenshots/linktree-link-in-bio-creator-1593515263/cover.webp","screenshots/linktree-link-in-bio-creator-1593515263/paywall-monthly-4-99-8-99-23-99.webp|screenshots/linktree-link-in-bio-creator-1593515263/paywall-screen-3.webp","https://www.paywallpro.app/apps/Linktree:-Link-in-Bio-Creator-us?id=773&utm_source=github&utm_medium=open_dataset&utm_campaign=paywall_gallery","https://www.paywallpro.app/apps/Linktree:-Link-in-Bio-Creator-us?id=773&utm_source=github&utm_medium=open_dataset&utm_campaign=paywall_gallery","2026-06-05"
"959883039","Yousician: Learn & Play Guitar","Yousician Ltd","Education","75477","86","5.18.0","2025-10-24","3","9","3","Free Trial - Soft Paywall","1 offer set across year","1","apps/yousician-learn-and-play-guitar-959883039.md","screenshots/yousician-learn-and-play-guitar-959883039/cover.webp","screenshots/yousician-learn-and-play-guitar-959883039/cover.webp","screenshots/yousician-learn-and-play-guitar-959883039/paywall-screen-2.webp|screenshots/yousician-learn-and-play-guitar-959883039/paywall-screen-3.webp","https://www.paywallpro.app/apps/Yousician:-Learn-&-Play-Guitar-us?id=269&utm_source=github&utm_medium=open_dataset&utm_campaign=paywall_gallery","https://www.paywallpro.app/apps/Yousician:-Learn-&-Play-Guitar-us?id=269&utm_source=github&utm_medium=open_dataset&utm_campaign=paywall_gallery","2026-06-05"
"1498327873","discovery+ | Stream TV Shows","Discovery Communications","Entertainment","75393","200","20.3.0","2025-09-03","2","3","0","Free Trial - Soft Paywall","1 offer set across month","1","apps/discovery-stream-tv-shows-1498327873.md","screenshots/discovery-stream-tv-shows-1498327873/cover.webp","screenshots/discovery-stream-tv-shows-1498327873/cover.webp","screenshots/discovery-stream-tv-shows-1498327873/paywall-screen-2.webp|screenshots/discovery-stream-tv-shows-1498327873/paywall-screen-3.webp","https://www.paywallpro.app/apps/discovery%2B-%7C-Stream-TV-Shows-us?id=56&utm_source=github&utm_medium=open_dataset&utm_campaign=paywall_gallery","https://www.paywallpro.app/apps/discovery%2B-%7C-Stream-TV-Shows-us?id=56&utm_source=github&utm_medium=open_dataset&utm_campaign=paywall_gallery","2026-06-05"
"1253012487","MacrosFirst - Macro Tracker","MacrosFirst, Inc.","Health & Fitness","75384","193","2.1.245","2025-09-15","2","21","5","Free Trial - Soft Paywall","1 offer set across month, year","1","apps/macrosfirst-macro-tracker-1253012487.md","screenshots/macrosfirst-macro-tracker-1253012487/cover.webp","screenshots/macrosfirst-macro-tracker-1253012487/cover.webp","screenshots/macrosfirst-macro-tracker-1253012487/paywall-screen-2.webp|screenshots/macrosfirst-macro-tracker-1253012487/paywall-screen-3.webp","https://www.paywallpro.app/apps/MacrosFirst---Macro-Tracker-us?id=1110792&utm_source=github&utm_medium=open_dataset&utm_campaign=paywall_gallery","https://www.paywallpro.app/apps/MacrosFirst---Macro-Tracker-us?id=1110792&utm_source=github&utm_medium=open_dataset&utm_campaign=paywall_gallery","2026-06-05"
"399211291","Songsterr Tabs & Chords","Guitar Tabs LLC","Music","75370","112","9.1.6","2025-10-06","2","0","6","No Free Trial - Soft Paywall","1 offer set across month","1","apps/songsterr-tabs-and-chords-399211291.md","screenshots/songsterr-tabs-and-chords-399211291/cover.webp","screenshots/songsterr-tabs-and-chords-399211291/cover.webp","screenshots/songsterr-tabs-and-chords-399211291/paywall-screen-2.webp|screenshots/songsterr-tabs-and-chords-399211291/paywall-screen-3.webp","https://www.paywallpro.app/apps/Songsterr-Tabs-&-Chords-us?id=781&utm_source=github&utm_medium=open_dataset&utm_campaign=paywall_gallery","https://www.paywallpro.app/apps/Songsterr-Tabs-&-Chords-us?id=781&utm_source=github&utm_medium=open_dataset&utm_campaign=paywall_gallery","2026-06-05"
"407108860","Cozi Family Organizer","Cozi","Productivity","75269","132","2025.10.15","2025-10-16","2","0","8","No Free Trial - Soft Paywall","1 offer set across year","1","apps/cozi-family-organizer-407108860.md","screenshots/cozi-family-organizer-407108860/cover.webp","screenshots/cozi-family-organizer-407108860/cover.webp","screenshots/cozi-family-organizer-407108860/paywall-screen-2.webp|screenshots/cozi-family-organizer-407108860/paywall-screen-3.webp","https://www.paywallpro.app/apps/Cozi-Family-Organizer-us?id=580&utm_source=github&utm_medium=open_dataset&utm_campaign=paywall_gallery","https://www.paywallpro.app/apps/Cozi-Family-Organizer-us?id=580&utm_source=github&utm_medium=open_dataset&utm_campaign=paywall_gallery","2026-06-05"
"6504206467","Minutes: AI Meeting Note Taker","Minutes AI","Productivity","74711","163","1.8.4","2025-08-08","2","0","7","Free Trial - Soft Paywall","1 offer set across month, year","1","apps/minutes-ai-meeting-note-taker-6504206467.md","screenshots/minutes-ai-meeting-note-taker-6504206467/cover.webp","screenshots/minutes-ai-meeting-note-taker-6504206467/cover.webp","screenshots/minutes-ai-meeting-note-taker-6504206467/paywall-screen-2.webp|screenshots/minutes-ai-meeting-note-taker-6504206467/paywall-screen-3.webp","https://www.paywallpro.app/apps/Minutes:-AI-Meeting-Note-Taker-us?id=885032&utm_source=github&utm_medium=open_dataset&utm_campaign=paywall_gallery","https://www.paywallpro.app/apps/Minutes:-AI-Meeting-Note-Taker-us?id=885032&utm_source=github&utm_medium=open_dataset&utm_campaign=paywall_gallery","2026-06-05"
"920161006","Breethe: Sleep & Meditation","OMG. I Can Meditate! Inc.","Health & Fitness","74040","182","4.93","2026-01-12","3","11","7","Free Trial - Soft Paywall","2 offer sets across month, year","2","apps/breethe-sleep-and-meditation-920161006.md","screenshots/breethe-sleep-and-meditation-920161006/cover.webp","screenshots/breethe-sleep-and-meditation-920161006/cover.webp","screenshots/breethe-sleep-and-meditation-920161006/paywall-monthly-14-99.webp|screenshots/breethe-sleep-and-meditation-920161006/paywall-screen-3.webp","https://www.paywallpro.app/apps/Breethe:-Sleep-&-Meditation-us?id=273&utm_source=github&utm_medium=open_dataset&utm_campaign=paywall_gallery","https://www.paywallpro.app/apps/Breethe:-Sleep-&-Meditation-us?id=273&utm_source=github&utm_medium=open_dataset&utm_campaign=paywall_gallery","2026-06-05"
"1561940699","AI Photo Generator - Collart","Spring Tech Co., Ltd.","Graphics & Design","74039","8","6.3.0","2026-01-12","9","6","9","No Free Trial - Soft Paywall","1 offer set across week, year","1","apps/ai-photo-generator-collart-1561940699.md","screenshots/ai-photo-generator-collart-1561940699/cover.webp","screenshots/ai-photo-generator-collart-1561940699/cover.webp","screenshots/ai-photo-generator-collart-1561940699/paywall-screen-2.webp|screenshots/ai-photo-generator-collart-1561940699/paywall-screen-3.webp","https://www.paywallpro.app/apps/AI-Photo-Generator---Collart-us?id=4836&utm_source=github&utm_medium=open_dataset&utm_campaign=paywall_gallery","https://www.paywallpro.app/apps/AI-Photo-Generator---Collart-us?id=4836&utm_source=github&utm_medium=open_dataset&utm_campaign=paywall_gallery","2026-06-05"
"1540625368","Lowins - Live Video Streaming","ADDATTAIN","Social Networking","73653","128","2.8.52","2025-10-10","2","10","9","Currency Paywall, No Free Trial - Soft Paywall","1 offer set across week, month, year, quarter","1","apps/lowins-live-video-streaming-1540625368.md","screenshots/lowins-live-video-streaming-1540625368/cover.webp","screenshots/lowins-live-video-streaming-1540625368/cover.webp","screenshots/lowins-live-video-streaming-1540625368/paywall-weekly-6-99.webp|screenshots/lowins-live-video-streaming-1540625368/paywall-weekly-6-99-2.webp","https://www.paywallpro.app/apps/Lowins---Live-Video-Streaming-us?id=885030&utm_source=github&utm_medium=open_dataset&utm_campaign=paywall_gallery","https://www.paywallpro.app/apps/Lowins---Live-Video-Streaming-us?id=885030&utm_source=github&utm_medium=open_dataset&utm_campaign=paywall_gallery","2026-06-05"
"573751328","TapeACall: Call Recorder","Mosaic S.r.l.","Business","73613","191","8.0.50","2025-12-02","3","16","3","Free Trial - Soft Paywall","2 offer sets across week, year","2","apps/tapeacall-call-recorder-573751328.md","screenshots/tapeacall-call-recorder-573751328/cover.webp","screenshots/tapeacall-call-recorder-573751328/cover.webp","screenshots/tapeacall-call-recorder-573751328/paywall-weekly-9-99-7-99.webp|screenshots/tapeacall-call-recorder-573751328/paywall-screen-3.webp","https://www.paywallpro.app/apps/TapeACall:-Call-Recorder-us?id=524&utm_source=github&utm_medium=open_dataset&utm_campaign=paywall_gallery","https://www.paywallpro.app/apps/TapeACall:-Call-Recorder-us?id=524&utm_source=github&utm_medium=open_dataset&utm_campaign=paywall_gallery","2026-06-05"
"410089731","Carb Manager: Keto & Macro Log","Wombat Apps LLC","Health & Fitness","73270","178","7.5.7","2024-04-18","1","16","2","No Free Trial - Soft Paywall","1 offer set across month, year, quarter","1","apps/carb-manager-keto-and-macro-log-410089731.md","screenshots/carb-manager-keto-and-macro-log-410089731/cover.webp","screenshots/carb-manager-keto-and-macro-log-410089731/cover.webp","screenshots/carb-manager-keto-and-macro-log-410089731/paywall-screen-2.webp|screenshots/carb-manager-keto-and-macro-log-410089731/paywall-screen-3.webp","https://www.paywallpro.app/apps/Carb-Manager:-Keto-&-Macro-Log-us?id=409&utm_source=github&utm_medium=open_dataset&utm_campaign=paywall_gallery","https://www.paywallpro.app/apps/Carb-Manager:-Keto-&-Macro-Log-us?id=409&utm_source=github&utm_medium=open_dataset&utm_campaign=paywall_gallery","2026-06-05"
"736535961","Coursera: Grow your career","Coursera","Education","72997","101","8.3.0","2026-01-12","3","0","12","No Free Trial - Soft Paywall","1 offer set across month","1","apps/coursera-grow-your-career-736535961.md","screenshots/coursera-grow-your-career-736535961/cover.webp","screenshots/coursera-grow-your-career-736535961/cover.webp","screenshots/coursera-grow-your-career-736535961/paywall-screen-2.webp|screenshots/coursera-grow-your-career-736535961/paywall-screen-3.webp","https://www.paywallpro.app/apps/Coursera:-Grow-your-career-us?id=287&utm_source=github&utm_medium=open_dataset&utm_campaign=paywall_gallery","https://www.paywallpro.app/apps/Coursera:-Grow-your-career-us?id=287&utm_source=github&utm_medium=open_dataset&utm_campaign=paywall_gallery","2026-06-05"
"6482289804","Donna AI Song & Music Maker","MOBIVERSITE YAZILIM BILISIM REKLAM VE DANISMANLIK HIZMETLERI SANAYI TICARET LIMITED STI","Music","72762","121","1.0.72","2025-11-01","4","7","7","No Free Trial - Soft Paywall","2 offer sets across week, year","2","apps/donna-ai-song-and-music-maker-6482289804.md","screenshots/donna-ai-song-and-music-maker-6482289804/cover.webp","screenshots/donna-ai-song-and-music-maker-6482289804/cover.webp","screenshots/donna-ai-song-and-music-maker-6482289804/paywall-weekly-2-49.webp|screenshots/donna-ai-song-and-music-maker-6482289804/paywall-screen-3.webp","https://www.paywallpro.app/apps/Donna-AI-Song-&-Music-Maker-us?id=41596&utm_source=github&utm_medium=open_dataset&utm_campaign=paywall_gallery","https://www.paywallpro.app/apps/Donna-AI-Song-&-Music-Maker-us?id=41596&utm_source=github&utm_medium=open_dataset&utm_campaign=paywall_gallery","2026-06-05"
"443369807","VPN Hotspot Shield: Secure VPN","AnchorFree Inc.","Productivity","72407","41","8.40.1","2026-01-30","7","3","4","Free Trial - Soft Paywall","2 offer sets across month, half year, year","2","apps/vpn-hotspot-shield-secure-vpn-443369807.md","screenshots/vpn-hotspot-shield-secure-vpn-443369807/cover.webp","screenshots/vpn-hotspot-shield-secure-vpn-443369807/cover.webp","screenshots/vpn-hotspot-shield-secure-vpn-443369807/paywall-monthly-9-99.webp|screenshots/vpn-hotspot-shield-secure-vpn-443369807/paywall-screen-3.webp","https://www.paywallpro.app/apps/VPN-Hotspot-Shield:-Secure-VPN-us?id=341&utm_source=github&utm_medium=open_dataset&utm_campaign=paywall_gallery","https://www.paywallpro.app/apps/VPN-Hotspot-Shield:-Secure-VPN-us?id=341&utm_source=github&utm_medium=open_dataset&utm_campaign=paywall_gallery","2026-06-05"
"610303073","Splash Jr: PreK & Kindergarten","StudyPad, Inc.","Education","72240","182","7.3.11","2025-11-25","4","33","0","Free Trial - Soft Paywall, No Free Trial - Soft Paywall","2 offer sets across month, year","2","apps/splash-jr-prek-and-kindergarten-610303073.md","screenshots/splash-jr-prek-and-kindergarten-610303073/cover.webp","screenshots/splash-jr-prek-and-kindergarten-610303073/cover.webp","screenshots/splash-jr-prek-and-kindergarten-610303073/paywall-monthly-11-99.webp|screenshots/splash-jr-prek-and-kindergarten-610303073/paywall-screen-3.webp","https://www.paywallpro.app/apps/Splash-Jr:-PreK-&-Kindergarten-us?id=633&utm_source=github&utm_medium=open_dataset&utm_campaign=paywall_gallery","https://www.paywallpro.app/apps/Splash-Jr:-PreK-&-Kindergarten-us?id=633&utm_source=github&utm_medium=open_dataset&utm_campaign=paywall_gallery","2026-06-05"
"1581765635","Universal Remote TV Control ·","BEGAMOB GLOBAL LIMITED","Utilities","72221","32","4.8.7","2025-12-03","5","7","5","Free Trial - Soft Paywall, No Free Trial - Soft Paywall","2 offer sets across week","2","apps/universal-remote-tv-control-1581765635.md","screenshots/universal-remote-tv-control-1581765635/cover.webp","screenshots/universal-remote-tv-control-1581765635/cover.webp","screenshots/universal-remote-tv-control-1581765635/paywall-weekly-4-99.webp|screenshots/universal-remote-tv-control-1581765635/paywall-screen-3.webp","https://www.paywallpro.app/apps/Universal-Remote-TV-Control-%C2%B7-us?id=479&utm_source=github&utm_medium=open_dataset&utm_campaign=paywall_gallery","https://www.paywallpro.app/apps/Universal-Remote-TV-Control-%C2%B7-us?id=479&utm_source=github&utm_medium=open_dataset&utm_campaign=paywall_gallery","2026-06-05"
"393048976","TeamSnap","TeamSnap, Inc.","Sports","71417","36","7.55.0","2026-01-07","3","12","9","Free Trial - Soft Paywall","2 offer sets across month, year","2","apps/teamsnap-393048976.md","screenshots/teamsnap-393048976/cover.webp","screenshots/teamsnap-393048976/cover.webp","screenshots/teamsnap-393048976/paywall-monthly-6-99-5-99.webp|screenshots/teamsnap-393048976/paywall-screen-3.webp","https://www.paywallpro.app/apps/TeamSnap-us?id=276142&utm_source=github&utm_medium=open_dataset&utm_campaign=paywall_gallery","https://www.paywallpro.app/apps/TeamSnap-us?id=276142&utm_source=github&utm_medium=open_dataset&utm_campaign=paywall_gallery","2026-06-05"
"6476751797","Pic+ - AI Video Generator","RedShift.Inc","Photo & Video","71256","86","4.0.8","2025-02-15","2","11","0","No Free Trial - Soft Paywall","2 offer sets across week, year","2","apps/pic-ai-video-generator-6476751797.md","screenshots/pic-ai-video-generator-6476751797/cover.webp","screenshots/pic-ai-video-generator-6476751797/cover.webp","screenshots/pic-ai-video-generator-6476751797/paywall-weekly-8-99.webp|screenshots/pic-ai-video-generator-6476751797/paywall-screen-3.webp","https://www.paywallpro.app/apps/Pic%2B---AI-Video-Generator-us?id=1296731&utm_source=github&utm_medium=open_dataset&utm_campaign=paywall_gallery","https://www.paywallpro.app/apps/Pic%2B---AI-Video-Generator-us?id=1296731&utm_source=github&utm_medium=open_dataset&utm_campaign=paywall_gallery","2026-06-05"
"1665024375","RunwayML","runwayml","Photo & Video","70703","115","13.0.2","2024-11-27","1","3","0","No Free Trial - Soft Paywall","5 offer sets across month, year","5","apps/runwayml-1665024375.md","screenshots/runwayml-1665024375/cover.webp","screenshots/runwayml-1665024375/cover.webp","screenshots/runwayml-1665024375/paywall-monthly-35-95.webp|screenshots/runwayml-1665024375/paywall-monthly-15-35.webp","https://www.paywallpro.app/apps/RunwayML-us?id=516102&utm_source=github&utm_medium=open_dataset&utm_campaign=paywall_gallery","https://www.paywallpro.app/apps/RunwayML-us?id=516102&utm_source=github&utm_medium=open_dataset&utm_campaign=paywall_gallery","2026-06-05"
"439688430","iScape: Landscape Design","iScape Holdings Inc.","Lifestyle","70472","178","4.38.1","2025-10-06","3","3","3","Free Trial - Soft Paywall","1 offer set across month, year","1","apps/iscape-landscape-design-439688430.md","screenshots/iscape-landscape-design-439688430/cover.webp","screenshots/iscape-landscape-design-439688430/cover.webp","screenshots/iscape-landscape-design-439688430/paywall-screen-2.webp|screenshots/iscape-landscape-design-439688430/paywall-screen-3.webp","https://www.paywallpro.app/apps/iScape:-Landscape-Design-us?id=497&utm_source=github&utm_medium=open_dataset&utm_campaign=paywall_gallery","https://www.paywallpro.app/apps/iScape:-Landscape-Design-us?id=497&utm_source=github&utm_medium=open_dataset&utm_campaign=paywall_gallery","2026-06-05"
"6443877058","Universal TV Remote Control・","toggle apps","Utilities","69774","32","1.7.1","2025-09-15","2","8","2","Free Trial - Soft Paywall","2 offer sets across week, year, one-time purchase","2","apps/universal-tv-remote-control-6443877058.md","screenshots/universal-tv-remote-control-6443877058/cover.webp","screenshots/universal-tv-remote-control-6443877058/cover.webp","screenshots/universal-tv-remote-control-6443877058/paywall-weekly-6-99-8-99.webp|screenshots/universal-tv-remote-control-6443877058/paywall-weekly-6-99-8-99-2.webp","https://www.paywallpro.app/apps/Universal-TV-Remote-Control%E3%83%BB-us?id=712357&utm_source=github&utm_medium=open_dataset&utm_campaign=paywall_gallery","https://www.paywallpro.app/apps/Universal-TV-Remote-Control%E3%83%BB-us?id=712357&utm_source=github&utm_medium=open_dataset&utm_campaign=paywall_gallery","2026-06-05"
"1488020055","Alive by Whitney Simmons","Whitney Simmons App, LLC","Health & Fitness","69522","32","1.21.1","2025-12-19","2","4","7","Free Trial - Soft Paywall","1 offer set across month, year","1","apps/alive-by-whitney-simmons-1488020055.md","screenshots/alive-by-whitney-simmons-1488020055/cover.webp","screenshots/alive-by-whitney-simmons-1488020055/cover.webp","screenshots/alive-by-whitney-simmons-1488020055/paywall-screen-2.webp|screenshots/alive-by-whitney-simmons-1488020055/paywall-screen-3.webp","https://www.paywallpro.app/apps/Alive-by-Whitney-Simmons-us?id=201&utm_source=github&utm_medium=open_dataset&utm_campaign=paywall_gallery","https://www.paywallpro.app/apps/Alive-by-Whitney-Simmons-us?id=201&utm_source=github&utm_medium=open_dataset&utm_campaign=paywall_gallery","2026-06-05"
"1530776865","FaceLab: Face Age, Hair Filter","Lyrebird Studio","Photo & Video","69330","54","4.42.0","2025-08-27","2","9","3","Free Trial - Soft Paywall","1 offer set across week, year","1","apps/facelab-face-age-hair-filter-1530776865.md","screenshots/facelab-face-age-hair-filter-1530776865/cover.webp","screenshots/facelab-face-age-hair-filter-1530776865/cover.webp","screenshots/facelab-face-age-hair-filter-1530776865/paywall-screen-2.webp|screenshots/facelab-face-age-hair-filter-1530776865/paywall-screen-3.webp","https://www.paywallpro.app/apps/FaceLab:-Face-Age%2C-Hair-Filter-us?id=798&utm_source=github&utm_medium=open_dataset&utm_campaign=paywall_gallery","https://www.paywallpro.app/apps/FaceLab:-Face-Age%2C-Hair-Filter-us?id=798&utm_source=github&utm_medium=open_dataset&utm_campaign=paywall_gallery","2026-06-05"
"1014146758","Jobber Field Service Software","Jobber","Business","69271","100","5.95.0","2024-08-14","2","0","0","Free Trial - Soft Paywall","1 offer set across month","1","apps/jobber-field-service-software-1014146758.md","screenshots/jobber-field-service-software-1014146758/cover.webp","screenshots/jobber-field-service-software-1014146758/cover.webp","screenshots/jobber-field-service-software-1014146758/paywall-screen-2.webp|screenshots/jobber-field-service-software-1014146758/paywall-screen-3.webp","https://www.paywallpro.app/apps/Jobber-Field-Service-Software-us?id=3897&utm_source=github&utm_medium=open_dataset&utm_campaign=paywall_gallery","https://www.paywallpro.app/apps/Jobber-Field-Service-Software-us?id=3897&utm_source=github&utm_medium=open_dataset&utm_campaign=paywall_gallery","2026-06-05"
"1544461026","HitMeal－Calorie & Food Tracker","AIBY","Health & Fitness","69249","102","1.47","2025-12-22","4","16","5","Free Trial - Soft Paywall","1 offer set across week, year","1","apps/hitmeal-calorie-and-food-tracker-1544461026.md","screenshots/hitmeal-calorie-and-food-tracker-1544461026/cover.webp","screenshots/hitmeal-calorie-and-food-tracker-1544461026/cover.webp","screenshots/hitmeal-calorie-and-food-tracker-1544461026/paywall-screen-2.webp|screenshots/hitmeal-calorie-and-food-tracker-1544461026/paywall-screen-3.webp","https://www.paywallpro.app/apps/HitMeal%EF%BC%8DCalorie-&-Food-Tracker-us?id=206&utm_source=github&utm_medium=open_dataset&utm_campaign=paywall_gallery","https://www.paywallpro.app/apps/HitMeal%EF%BC%8DCalorie-&-Food-Tracker-us?id=206&utm_source=github&utm_medium=open_dataset&utm_campaign=paywall_gallery","2026-06-05"
"1324102258","Blinq: Digital Business Card","Blinq Technologies Pty Ltd","Business","69227","73","1.36.1","2024-10-07","1","14","0","Free Trial - Soft Paywall","1 offer set across month, year","1","apps/blinq-digital-business-card-1324102258.md","screenshots/blinq-digital-business-card-1324102258/cover.webp","screenshots/blinq-digital-business-card-1324102258/cover.webp","screenshots/blinq-digital-business-card-1324102258/paywall-screen-2.webp|screenshots/blinq-digital-business-card-1324102258/paywall-screen-3.webp","https://www.paywallpro.app/apps/Blinq:-Digital-Business-Card-us?id=357899&utm_source=github&utm_medium=open_dataset&utm_campaign=paywall_gallery","https://www.paywallpro.app/apps/Blinq:-Digital-Business-Card-us?id=357899&utm_source=github&utm_medium=open_dataset&utm_campaign=paywall_gallery","2026-06-05"
"1438779037","Skylight App","Skylight Frame","Photo & Video","69161","50","1.89.0","2025-10-13","2","0","15","No Free Trial - Soft Paywall","1 offer set across month, year","1","apps/skylight-app-1438779037.md","screenshots/skylight-app-1438779037/cover.webp","screenshots/skylight-app-1438779037/cover.webp","screenshots/skylight-app-1438779037/paywall-screen-2.webp|screenshots/skylight-app-1438779037/paywall-screen-3.webp","https://www.paywallpro.app/apps/Skylight-App-us?id=522&utm_source=github&utm_medium=open_dataset&utm_campaign=paywall_gallery","https://www.paywallpro.app/apps/Skylight-App-us?id=522&utm_source=github&utm_medium=open_dataset&utm_campaign=paywall_gallery","2026-06-05"
"1442473191","FitOn Workouts & Fitness Plans","FitOn Inc.","Health & Fitness","69046","190","v6.8.2","2024-09-25","1","20","0","No Free Trial - Soft Paywall","1 offer set across year","1","apps/fiton-workouts-and-fitness-plans-1442473191.md","screenshots/fiton-workouts-and-fitness-plans-1442473191/cover.webp","screenshots/fiton-workouts-and-fitness-plans-1442473191/cover.webp","screenshots/fiton-workouts-and-fitness-plans-1442473191/paywall-screen-2.webp|screenshots/fiton-workouts-and-fitness-plans-1442473191/paywall-screen-3.webp","https://www.paywallpro.app/apps/FitOn-Workouts-&-Fitness-Plans-us?id=463&utm_source=github&utm_medium=open_dataset&utm_campaign=paywall_gallery","https://www.paywallpro.app/apps/FitOn-Workouts-&-Fitness-Plans-us?id=463&utm_source=github&utm_medium=open_dataset&utm_campaign=paywall_gallery","2026-06-05"
"1439828095","SHRED: Gym & Home Workouts","Shred Labs, LLC","Health & Fitness","68573","153","4.1.1","2024-10-07","1","29","0","Free Trial - Soft Paywall","1 offer set across month, year","1","apps/shred-gym-and-home-workouts-1439828095.md","screenshots/shred-gym-and-home-workouts-1439828095/cover.webp","screenshots/shred-gym-and-home-workouts-1439828095/cover.webp","screenshots/shred-gym-and-home-workouts-1439828095/paywall-screen-2.webp|screenshots/shred-gym-and-home-workouts-1439828095/paywall-screen-3.webp","https://www.paywallpro.app/apps/SHRED:-Gym-&-Home-Workouts-us?id=868&utm_source=github&utm_medium=open_dataset&utm_campaign=paywall_gallery","https://www.paywallpro.app/apps/SHRED:-Gym-&-Home-Workouts-us?id=868&utm_source=github&utm_medium=open_dataset&utm_campaign=paywall_gallery","2026-06-05"
"6448222268","Smart Cleaner: Free Up Storage","NAICOO PTE. LTD.","Utilities","68424","47","1.7.0","2025-07-17","1","6","4","Free Trial - Soft Paywall, No Free Trial - Soft Paywall","2 offer sets across week, year","2","apps/smart-cleaner-free-up-storage-6448222268.md","screenshots/smart-cleaner-free-up-storage-6448222268/cover.webp","screenshots/smart-cleaner-free-up-storage-6448222268/cover.webp","screenshots/smart-cleaner-free-up-storage-6448222268/paywall-annual-19-99.webp|screenshots/smart-cleaner-free-up-storage-6448222268/paywall-screen-3.webp","https://www.paywallpro.app/apps/Smart-Cleaner:-Free-Up-Storage-us?id=1885741&utm_source=github&utm_medium=open_dataset&utm_campaign=paywall_gallery","https://www.paywallpro.app/apps/Smart-Cleaner:-Free-Up-Storage-us?id=1885741&utm_source=github&utm_medium=open_dataset&utm_campaign=paywall_gallery","2026-06-05"
"6499593159","AI Chatbot: Pixi","44pixels","Productivity","68386","64","0.51.46","2025-12-17","4","13","6","Free Trial - Soft Paywall, No Free Trial - Soft Paywall","3 offer sets across week, year","3","apps/ai-chatbot-pixi-6499593159.md","screenshots/ai-chatbot-pixi-6499593159/cover.webp","screenshots/ai-chatbot-pixi-6499593159/cover.webp","screenshots/ai-chatbot-pixi-6499593159/paywall-annual-44-99.webp|screenshots/ai-chatbot-pixi-6499593159/paywall-weekly-7-99.webp","https://www.paywallpro.app/apps/AI-Chatbot:-Pixi-us?id=1011587&utm_source=github&utm_medium=open_dataset&utm_campaign=paywall_gallery","https://www.paywallpro.app/apps/AI-Chatbot:-Pixi-us?id=1011587&utm_source=github&utm_medium=open_dataset&utm_campaign=paywall_gallery","2026-06-05"
"1605965391","Socratic AI - Homework Helper","Chengdu BiFang AI Tech Co., Ltd.","Education","68364","154","1.3.5","2025-06-28","1","5","3","Free Trial - Soft Paywall","1 offer set across week","1","apps/socratic-ai-homework-helper-1605965391.md","screenshots/socratic-ai-homework-helper-1605965391/cover.webp","screenshots/socratic-ai-homework-helper-1605965391/cover.webp","screenshots/socratic-ai-homework-helper-1605965391/paywall-screen-2.webp|screenshots/socratic-ai-homework-helper-1605965391/paywall-screen-3.webp","https://www.paywallpro.app/apps/Socratic-AI---Homework-Helper-us?id=1951466&utm_source=github&utm_medium=open_dataset&utm_campaign=paywall_gallery","https://www.paywallpro.app/apps/Socratic-AI---Homework-Helper-us?id=1951466&utm_source=github&utm_medium=open_dataset&utm_campaign=paywall_gallery","2026-06-05"
"1083248251","White Noise Deep Sleep Sounds","Slumber Studios, LLC","Health & Fitness","68311","109","3.34.1","2025-02-07","2","10","3","Free Trial - Soft Paywall","2 offer sets across month, year","2","apps/white-noise-deep-sleep-sounds-1083248251.md","screenshots/white-noise-deep-sleep-sounds-1083248251/cover.webp","screenshots/white-noise-deep-sleep-sounds-1083248251/cover.webp","screenshots/white-noise-deep-sleep-sounds-1083248251/paywall-annual-39-99.webp|screenshots/white-noise-deep-sleep-sounds-1083248251/paywall-screen-3.webp","https://www.paywallpro.app/apps/White-Noise-Deep-Sleep-Sounds-us?id=496&utm_source=github&utm_medium=open_dataset&utm_campaign=paywall_gallery","https://www.paywallpro.app/apps/White-Noise-Deep-Sleep-Sounds-us?id=496&utm_source=github&utm_medium=open_dataset&utm_campaign=paywall_gallery","2026-06-05"
"414461255","Vivino: Drink The Right Wine","Vivino ApS","Food & Drink","68150","137","2025.41.1","2025-10-13","2","0","19","No Free Trial - Soft Paywall","1 offer set across one-time purchase","1","apps/vivino-drink-the-right-wine-414461255.md","screenshots/vivino-drink-the-right-wine-414461255/cover.webp","screenshots/vivino-drink-the-right-wine-414461255/cover.webp","screenshots/vivino-drink-the-right-wine-414461255/paywall-screen-2.webp|screenshots/vivino-drink-the-right-wine-414461255/paywall-screen-3.webp","https://www.paywallpro.app/apps/Vivino:-Drink-The-Right-Wine-us?id=2955&utm_source=github&utm_medium=open_dataset&utm_campaign=paywall_gallery","https://www.paywallpro.app/apps/Vivino:-Drink-The-Right-Wine-us?id=2955&utm_source=github&utm_medium=open_dataset&utm_campaign=paywall_gallery","2026-06-05"
"1250946975","Hily Dating App: Meet. Date.","Hily Corp.","Lifestyle","67925","25","6.33.0","2025-09-03","6","0","9","No Free Trial - Soft Paywall","2 offer sets across week, month, year, one-time purchase","2","apps/hily-dating-app-meet-date-1250946975.md","screenshots/hily-dating-app-meet-date-1250946975/cover.webp","screenshots/hily-dating-app-meet-date-1250946975/cover.webp","screenshots/hily-dating-app-meet-date-1250946975/paywall-weekly-163.webp|screenshots/hily-dating-app-meet-date-1250946975/paywall-screen-3.webp","https://www.paywallpro.app/apps/Hily-Dating-App:-Meet.-Date.-us?id=92&utm_source=github&utm_medium=open_dataset&utm_campaign=paywall_gallery","https://www.paywallpro.app/apps/Hily-Dating-App:-Meet.-Date.-us?id=92&utm_source=github&utm_medium=open_dataset&utm_campaign=paywall_gallery","2026-06-05"
"1498407272","Boo — Dating. Friends. Chat.","Boo Enterprises, Inc.","Social Networking","67757","45","1.13.102","2025-10-28","5","59","5","No Free Trial - Soft Paywall","2 offer sets across week, month, half year, year, quarter, one-time purchase","2","apps/boo-dating-friends-chat-1498407272.md","screenshots/boo-dating-friends-chat-1498407272/cover.webp","screenshots/boo-dating-friends-chat-1498407272/cover.webp","screenshots/boo-dating-friends-chat-1498407272/paywall-weekly-5.webp|screenshots/boo-dating-friends-chat-1498407272/paywall-screen-3.webp","https://www.paywallpro.app/apps/Boo-%E2%80%94-Dating.-Friends.-Chat.-us?id=546&utm_source=github&utm_medium=open_dataset&utm_campaign=paywall_gallery","https://www.paywallpro.app/apps/Boo-%E2%80%94-Dating.-Friends.-Chat.-us?id=546&utm_source=github&utm_medium=open_dataset&utm_campaign=paywall_gallery","2026-06-05"
"1250312807","X-VPN: VPN Fast & Secure","LIGHTNINGLINK NETWORKS PTE. LTD.","Productivity","67382","36","39.0.3","2024-08-29","1","5","0","Free Trial - Hard Paywall","1 offer set across month, year","1","apps/x-vpn-vpn-fast-and-secure-1250312807.md","screenshots/x-vpn-vpn-fast-and-secure-1250312807/cover.webp","screenshots/x-vpn-vpn-fast-and-secure-1250312807/cover.webp","screenshots/x-vpn-vpn-fast-and-secure-1250312807/paywall-screen-2.webp|screenshots/x-vpn-vpn-fast-and-secure-1250312807/paywall-screen-3.webp","https://www.paywallpro.app/apps/X-VPN:-VPN-Fast-&-Secure-us?id=517&utm_source=github&utm_medium=open_dataset&utm_campaign=paywall_gallery","https://www.paywallpro.app/apps/X-VPN:-VPN-Fast-&-Secure-us?id=517&utm_source=github&utm_medium=open_dataset&utm_campaign=paywall_gallery","2026-06-05"
"1191337894","Photoleap: AI Photo Generator","Lightricks Ltd.","Photo & Video","67122","155","2.92","2024-09-15","1","14","0","Free Trial - Soft Paywall","2 offer sets across week, year","2","apps/photoleap-ai-photo-generator-1191337894.md","screenshots/photoleap-ai-photo-generator-1191337894/cover.webp","screenshots/photoleap-ai-photo-generator-1191337894/cover.webp","screenshots/photoleap-ai-photo-generator-1191337894/paywall-annual-59-99.webp|screenshots/photoleap-ai-photo-generator-1191337894/paywall-screen-3.webp","https://www.paywallpro.app/apps/Photoleap:-AI-Photo-Generator-us?id=329&utm_source=github&utm_medium=open_dataset&utm_campaign=paywall_gallery","https://www.paywallpro.app/apps/Photoleap:-AI-Photo-Generator-us?id=329&utm_source=github&utm_medium=open_dataset&utm_campaign=paywall_gallery","2026-06-05"
"1222515036","Body Tune - Face Photo Editor","Face & Body Tune Photo Editor, Societatea cu Raspundere Limitata","Photo & Video","66689","102","2.4.8","2025-06-04","2","6","0","Free Trial - Soft Paywall","2 offer sets across week, year","2","apps/body-tune-face-photo-editor-1222515036.md","screenshots/body-tune-face-photo-editor-1222515036/cover.webp","screenshots/body-tune-face-photo-editor-1222515036/cover.webp","screenshots/body-tune-face-photo-editor-1222515036/paywall-weekly-2-99.webp|screenshots/body-tune-face-photo-editor-1222515036/paywall-screen-3.webp","https://www.paywallpro.app/apps/Body-Tune---Face-Photo-Editor-us?id=634&utm_source=github&utm_medium=open_dataset&utm_campaign=paywall_gallery","https://www.paywallpro.app/apps/Body-Tune---Face-Photo-Editor-us?id=634&utm_source=github&utm_medium=open_dataset&utm_campaign=paywall_gallery","2026-06-05"
"1485310935","Planner & Journal - Zinnia","Pixite Inc.","Lifestyle","66541","0","1.44","2026-02-02","6","10","6","Free Trial - Soft Paywall, No Free Trial - Soft Paywall","1 offer set across year","1","apps/planner-and-journal-zinnia-1485310935.md","screenshots/planner-and-journal-zinnia-1485310935/cover.webp","screenshots/planner-and-journal-zinnia-1485310935/cover.webp","screenshots/planner-and-journal-zinnia-1485310935/paywall-screen-2.webp|screenshots/planner-and-journal-zinnia-1485310935/paywall-screen-3.webp","https://www.paywallpro.app/apps/Planner-&-Journal---Zinnia-us?id=438&utm_source=github&utm_medium=open_dataset&utm_campaign=paywall_gallery","https://www.paywallpro.app/apps/Planner-&-Journal---Zinnia-us?id=438&utm_source=github&utm_medium=open_dataset&utm_campaign=paywall_gallery","2026-06-05"
"1469609343","Paired: Couples & Relationship","Better Half Limited","Lifestyle","66536","53","2.71.0","2026-02-23","5","22","7","Free Trial - Soft Paywall","1 offer set across month, year","1","apps/paired-couples-and-relationship-1469609343.md","screenshots/paired-couples-and-relationship-1469609343/cover.webp","screenshots/paired-couples-and-relationship-1469609343/cover.webp","screenshots/paired-couples-and-relationship-1469609343/paywall-screen-2.webp|screenshots/paired-couples-and-relationship-1469609343/paywall-screen-3.webp","https://www.paywallpro.app/apps/Paired:-Couples-&-Relationship-us?id=233&utm_source=github&utm_medium=open_dataset&utm_campaign=paywall_gallery","https://www.paywallpro.app/apps/Paired:-Couples-&-Relationship-us?id=233&utm_source=github&utm_medium=open_dataset&utm_campaign=paywall_gallery","2026-06-05"
"1570842053","Cardi Mate: Heart Rate Monitor","Gismart Limited","Health & Fitness","66472","180","1.67","2025-07-24","2","10","8","Free Trial - Soft Paywall, No Free Trial - Soft Paywall","3 offer sets across week, year","3","apps/cardi-mate-heart-rate-monitor-1570842053.md","screenshots/cardi-mate-heart-rate-monitor-1570842053/cover.webp","screenshots/cardi-mate-heart-rate-monitor-1570842053/cover.webp","screenshots/cardi-mate-heart-rate-monitor-1570842053/paywall-weekly-7-99.webp|screenshots/cardi-mate-heart-rate-monitor-1570842053/paywall-weekly-4-99.webp","https://www.paywallpro.app/apps/Cardi-Mate:-Heart-Rate-Monitor-us?id=509&utm_source=github&utm_medium=open_dataset&utm_campaign=paywall_gallery","https://www.paywallpro.app/apps/Cardi-Mate:-Heart-Rate-Monitor-us?id=509&utm_source=github&utm_medium=open_dataset&utm_campaign=paywall_gallery","2026-06-05"
"1456618978","BET+","BET Networks","Entertainment","66304","136","194.0","2025-09-11","2","4","0","No Free Trial - Hard Paywall","1 offer set across month, year","1","apps/bet-1456618978.md","screenshots/bet-1456618978/cover.webp","screenshots/bet-1456618978/cover.webp","screenshots/bet-1456618978/paywall-screen-2.webp|screenshots/bet-1456618978/paywall-screen-3.webp","https://www.paywallpro.app/apps/BET%2B-us?id=70&utm_source=github&utm_medium=open_dataset&utm_campaign=paywall_gallery","https://www.paywallpro.app/apps/BET%2B-us?id=70&utm_source=github&utm_medium=open_dataset&utm_campaign=paywall_gallery","2026-06-05"
"1586120661","Petlibro","Designlibro Inc","Lifestyle","66228","198","1.6.84","2025-10-20","1","15","8","Free Trial - Soft Paywall","1 offer set across month, year","1","apps/petlibro-1586120661.md","screenshots/petlibro-1586120661/cover.webp","screenshots/petlibro-1586120661/cover.webp","screenshots/petlibro-1586120661/paywall-screen-2.webp|screenshots/petlibro-1586120661/paywall-screen-3.webp","https://www.paywallpro.app/apps/Petlibro-us?id=1878509&utm_source=github&utm_medium=open_dataset&utm_campaign=paywall_gallery","https://www.paywallpro.app/apps/Petlibro-us?id=1878509&utm_source=github&utm_medium=open_dataset&utm_campaign=paywall_gallery","2026-06-05"
"1526814298","MadMuscles: Workouts & Diet","Amoapps Limited","Health & Fitness","65994","18","3.3.2","2024-10-02","2","21","0","No Free Trial - Soft Paywall","1 offer set across month, half year, quarter, one-time purchase","1","apps/madmuscles-workouts-and-diet-1526814298.md","screenshots/madmuscles-workouts-and-diet-1526814298/cover.webp","screenshots/madmuscles-workouts-and-diet-1526814298/cover.webp","screenshots/madmuscles-workouts-and-diet-1526814298/paywall-screen-2.webp|screenshots/madmuscles-workouts-and-diet-1526814298/paywall-screen-3.webp","https://www.paywallpro.app/apps/MadMuscles:-Workouts-&-Diet-us?id=540&utm_source=github&utm_medium=open_dataset&utm_campaign=paywall_gallery","https://www.paywallpro.app/apps/MadMuscles:-Workouts-&-Diet-us?id=540&utm_source=github&utm_medium=open_dataset&utm_campaign=paywall_gallery","2026-06-05"
"6479320349","Coconote - AI Note Taker","Quizlet Inc","Education","65964","194","1.30","2024-06-14","2","4","0","Free Trial - Soft Paywall","2 offer sets across week, month, year","2","apps/coconote-ai-note-taker-6479320349.md","screenshots/coconote-ai-note-taker-6479320349/cover.webp","screenshots/coconote-ai-note-taker-6479320349/cover.webp","screenshots/coconote-ai-note-taker-6479320349/paywall-weekly-9-99.webp|screenshots/coconote-ai-note-taker-6479320349/paywall-screen-3.webp","https://www.paywallpro.app/apps/Coconote---AI-Note-Taker-us?id=196950&utm_source=github&utm_medium=open_dataset&utm_campaign=paywall_gallery","https://www.paywallpro.app/apps/Coconote---AI-Note-Taker-us?id=196950&utm_source=github&utm_medium=open_dataset&utm_campaign=paywall_gallery","2026-06-05"
"1439422220","Universal TV Remote ·","KRAFTWERK 9 LTD","Utilities","65963","8","2.1.29","2025-09-15","2","3","0","Free Trial - Soft Paywall","1 offer set across month, year","1","apps/universal-tv-remote-1439422220.md","screenshots/universal-tv-remote-1439422220/cover.webp","screenshots/universal-tv-remote-1439422220/cover.webp","screenshots/universal-tv-remote-1439422220/paywall-screen-2.webp|screenshots/universal-tv-remote-1439422220/paywall-screen-3.webp","https://www.paywallpro.app/apps/Universal-TV-Remote-%C2%B7-us?id=389440&utm_source=github&utm_medium=open_dataset&utm_campaign=paywall_gallery","https://www.paywallpro.app/apps/Universal-TV-Remote-%C2%B7-us?id=389440&utm_source=github&utm_medium=open_dataset&utm_campaign=paywall_gallery","2026-06-05"
"908023218","MICO: Make Friends, Go Live","MICO WORLD","Social Networking","65828","186","9.0.33","2025-10-29","3","0","11","No Free Trial - Soft Paywall, Currency Paywall","2 offer sets across week, month, year","2","apps/mico-make-friends-go-live-908023218.md","screenshots/mico-make-friends-go-live-908023218/cover.webp","screenshots/mico-make-friends-go-live-908023218/cover.webp","screenshots/mico-make-friends-go-live-908023218/paywall-weekly-14-99-19-99.webp|screenshots/mico-make-friends-go-live-908023218/paywall-currency-paywall.webp","https://www.paywallpro.app/apps/MICO:-Make-Friends%2C-Go-Live-us?id=15641&utm_source=github&utm_medium=open_dataset&utm_campaign=paywall_gallery","https://www.paywallpro.app/apps/MICO:-Make-Friends%2C-Go-Live-us?id=15641&utm_source=github&utm_medium=open_dataset&utm_campaign=paywall_gallery","2026-06-05"
"1097815000","Planes Live - Flight Tracker","Mosaic S.r.l.","Travel","65785","197","3.10.30","2025-01-23","3","8","2","Free Trial - Soft Paywall","1 offer set across week, year","1","apps/planes-live-flight-tracker-1097815000.md","screenshots/planes-live-flight-tracker-1097815000/cover.webp","screenshots/planes-live-flight-tracker-1097815000/cover.webp","screenshots/planes-live-flight-tracker-1097815000/paywall-screen-2.webp|screenshots/planes-live-flight-tracker-1097815000/paywall-screen-3.webp","https://www.paywallpro.app/apps/Planes-Live---Flight-Tracker-us?id=838&utm_source=github&utm_medium=open_dataset&utm_campaign=paywall_gallery","https://www.paywallpro.app/apps/Planes-Live---Flight-Tracker-us?id=838&utm_source=github&utm_medium=open_dataset&utm_campaign=paywall_gallery","2026-06-05"
"6472036852","Chibi Dolls - Games for Girls","JMH Developers OU","Education","65758","26","1.0.3","2025-06-09","1","5","3","Free Trial - Soft Paywall","2 offer sets across week, month, year","2","apps/chibi-dolls-games-for-girls-6472036852.md","screenshots/chibi-dolls-games-for-girls-6472036852/cover.webp","screenshots/chibi-dolls-games-for-girls-6472036852/cover.webp","screenshots/chibi-dolls-games-for-girls-6472036852/paywall-weekly-9-99.webp|screenshots/chibi-dolls-games-for-girls-6472036852/paywall-weekly-9-99-2.webp","https://www.paywallpro.app/apps/Chibi-Dolls---Games-for-Girls-us?id=1952024&utm_source=github&utm_medium=open_dataset&utm_campaign=paywall_gallery","https://www.paywallpro.app/apps/Chibi-Dolls---Games-for-Girls-us?id=1952024&utm_source=github&utm_medium=open_dataset&utm_campaign=paywall_gallery","2026-06-05"
"1503128132","GoodNovel - Booktok, Stories","SINGAPORE NEW READING TECHNOLOGY PTE. LTD.","Books","65603","10","3.5.2","2025-12-29","2","0","11","Currency Paywall, Free Trial - Soft Paywall","1 offer set across week, month, year","1","apps/goodnovel-booktok-stories-1503128132.md","screenshots/goodnovel-booktok-stories-1503128132/cover.webp","screenshots/goodnovel-booktok-stories-1503128132/cover.webp","screenshots/goodnovel-booktok-stories-1503128132/paywall-weekly-9-99.webp|screenshots/goodnovel-booktok-stories-1503128132/paywall-screen-3.webp","https://www.paywallpro.app/apps/GoodNovel---Booktok%2C-Stories-us?id=42&utm_source=github&utm_medium=open_dataset&utm_campaign=paywall_gallery","https://www.paywallpro.app/apps/GoodNovel---Booktok%2C-Stories-us?id=42&utm_source=github&utm_medium=open_dataset&utm_campaign=paywall_gallery","2026-06-05"
"1476380919","Cleaner Guru: Clean Up Storage","GM UniverseApps Limited","Utilities","65157","30","3.3.8","2026-03-13","5","7","2","Free Trial - Soft Paywall","1 offer set across week","1","apps/cleaner-guru-clean-up-storage-1476380919.md","screenshots/cleaner-guru-clean-up-storage-1476380919/cover.webp","screenshots/cleaner-guru-clean-up-storage-1476380919/cover.webp","screenshots/cleaner-guru-clean-up-storage-1476380919/paywall-screen-2.webp|screenshots/cleaner-guru-clean-up-storage-1476380919/paywall-screen-3.webp","https://www.paywallpro.app/apps/Cleaner-Guru:-Clean-Up-Storage-us?id=193&utm_source=github&utm_medium=open_dataset&utm_campaign=paywall_gallery","https://www.paywallpro.app/apps/Cleaner-Guru:-Clean-Up-Storage-us?id=193&utm_source=github&utm_medium=open_dataset&utm_campaign=paywall_gallery","2026-06-05"
"1036141497","Ringtones for iphone: Ringtune","Ringtones LP","Music","64725","59","8.54","2025-09-22","2","7","3","Free Trial - Soft Paywall","2 offer sets across week, year, one-time purchase","2","apps/ringtones-for-iphone-ringtune-1036141497.md","screenshots/ringtones-for-iphone-ringtune-1036141497/cover.webp","screenshots/ringtones-for-iphone-ringtune-1036141497/cover.webp","screenshots/ringtones-for-iphone-ringtune-1036141497/paywall-weekly-4-99.webp|screenshots/ringtones-for-iphone-ringtune-1036141497/paywall-screen-3.webp","https://www.paywallpro.app/apps/Ringtones-for-iphone:-Ringtune-us?id=242&utm_source=github&utm_medium=open_dataset&utm_campaign=paywall_gallery","https://www.paywallpro.app/apps/Ringtones-for-iphone:-Ringtune-us?id=242&utm_source=github&utm_medium=open_dataset&utm_campaign=paywall_gallery","2026-06-05"
"1618902724","Powerful Cleaner-Clean Storage","WEBEYE MOBILE HK LIMITED","Lifestyle","64407","28","1.5.3","2024-04-10","1","8","0","Free Trial - Soft Paywall","1 offer set across year","1","apps/powerful-cleaner-clean-storage-1618902724.md","screenshots/powerful-cleaner-clean-storage-1618902724/cover.webp","screenshots/powerful-cleaner-clean-storage-1618902724/cover.webp","screenshots/powerful-cleaner-clean-storage-1618902724/paywall-screen-2.webp|screenshots/powerful-cleaner-clean-storage-1618902724/paywall-screen-3.webp","https://www.paywallpro.app/apps/Powerful-Cleaner-Clean-Storage-us?id=703&utm_source=github&utm_medium=open_dataset&utm_campaign=paywall_gallery","https://www.paywallpro.app/apps/Powerful-Cleaner-Clean-Storage-us?id=703&utm_source=github&utm_medium=open_dataset&utm_campaign=paywall_gallery","2026-06-05"
"1054271011","Letterboxd","Letterboxd","Social Networking","64168","24","4.7.2","2025-10-31","2","6","11","No Free Trial - Soft Paywall","1 offer set across year","1","apps/letterboxd-1054271011.md","screenshots/letterboxd-1054271011/cover.webp","screenshots/letterboxd-1054271011/cover.webp","screenshots/letterboxd-1054271011/paywall-screen-2.webp|screenshots/letterboxd-1054271011/paywall-screen-3.webp","https://www.paywallpro.app/apps/Letterboxd-us?id=2973&utm_source=github&utm_medium=open_dataset&utm_campaign=paywall_gallery","https://www.paywallpro.app/apps/Letterboxd-us?id=2973&utm_source=github&utm_medium=open_dataset&utm_campaign=paywall_gallery","2026-06-05"
"902026228","Call Santa Claus with PNP","UGroupMedia inc","Entertainment","63955","0","11.9.1","2025-09-15","2","0","0","No Free Trial - Soft Paywall","1 offer set across year","1","apps/call-santa-claus-with-pnp-902026228.md","screenshots/call-santa-claus-with-pnp-902026228/cover.webp","screenshots/call-santa-claus-with-pnp-902026228/cover.webp","screenshots/call-santa-claus-with-pnp-902026228/paywall-screen-2.webp|screenshots/call-santa-claus-with-pnp-902026228/paywall-screen-3.webp","https://www.paywallpro.app/apps/Call-Santa-Claus-with-PNP-us?id=1070323&utm_source=github&utm_medium=open_dataset&utm_campaign=paywall_gallery","https://www.paywallpro.app/apps/Call-Santa-Claus-with-PNP-us?id=1070323&utm_source=github&utm_medium=open_dataset&utm_campaign=paywall_gallery","2026-06-05"
"587366035","Picsart AI Photo Editor, Video","PicsArt, Inc.","Photo & Video","63849","11","29.6.2","2026-03-25","5","8","10","Free Trial - Soft Paywall","2 offer sets across week, year","2","apps/picsart-ai-photo-editor-video-587366035.md","screenshots/picsart-ai-photo-editor-video-587366035/cover.webp","screenshots/picsart-ai-photo-editor-video-587366035/cover.webp","screenshots/picsart-ai-photo-editor-video-587366035/paywall-weekly-11-99-9-99.webp|screenshots/picsart-ai-photo-editor-video-587366035/paywall-screen-3.webp","https://www.paywallpro.app/apps/Picsart-AI-Photo-Editor%2C-Video-us?id=77&utm_source=github&utm_medium=open_dataset&utm_campaign=paywall_gallery","https://www.paywallpro.app/apps/Picsart-AI-Photo-Editor%2C-Video-us?id=77&utm_source=github&utm_medium=open_dataset&utm_campaign=paywall_gallery","2026-06-05"
"6478287397","Speak & Learn English: Learna","DEEP FLOW SOFTWARE SERVICES","Education","63704","3","3.1.6","2026-03-17","8","24","6","Free Trial - Soft Paywall","1 offer set across week, year","1","apps/speak-and-learn-english-learna-6478287397.md","screenshots/speak-and-learn-english-learna-6478287397/cover.webp","screenshots/speak-and-learn-english-learna-6478287397/cover.webp","screenshots/speak-and-learn-english-learna-6478287397/paywall-screen-2.webp|screenshots/speak-and-learn-english-learna-6478287397/paywall-screen-3.webp","https://www.paywallpro.app/apps/Speak-&-Learn-English:-Learna-us?id=1128935&utm_source=github&utm_medium=open_dataset&utm_campaign=paywall_gallery","https://www.paywallpro.app/apps/Speak-&-Learn-English:-Learna-us?id=1128935&utm_source=github&utm_medium=open_dataset&utm_campaign=paywall_gallery","2026-06-05"
"6471394316","invideo AI: AI Video Generator","Invideo Inc","Photo & Video","63468","51","4.4.19","2025-12-28","5","0","9","No Free Trial - Soft Paywall","1 offer set across month, year","1","apps/invideo-ai-ai-video-generator-6471394316.md","screenshots/invideo-ai-ai-video-generator-6471394316/cover.webp","screenshots/invideo-ai-ai-video-generator-6471394316/cover.webp","screenshots/invideo-ai-ai-video-generator-6471394316/paywall-screen-2.webp|screenshots/invideo-ai-ai-video-generator-6471394316/paywall-screen-3.webp","https://www.paywallpro.app/apps/invideo-AI:-AI-Video-Generator-us?id=705&utm_source=github&utm_medium=open_dataset&utm_campaign=paywall_gallery","https://www.paywallpro.app/apps/invideo-AI:-AI-Video-Generator-us?id=705&utm_source=github&utm_medium=open_dataset&utm_campaign=paywall_gallery","2026-06-05"
"6477382010","Universal TV Remote Control＊","VISARGERD, S.L.","Utilities","63163","124","2.1.6","2026-01-07","2","8","3","Free Trial - Soft Paywall","1 offer set across week, year","1","apps/universal-tv-remote-control-6477382010.md","screenshots/universal-tv-remote-control-6477382010/cover.webp","screenshots/universal-tv-remote-control-6477382010/cover.webp","screenshots/universal-tv-remote-control-6477382010/paywall-screen-2.webp|screenshots/universal-tv-remote-control-6477382010/paywall-screen-3.webp","https://www.paywallpro.app/apps/Universal-TV-Remote-Control%EF%BC%8A-us?id=1563238&utm_source=github&utm_medium=open_dataset&utm_campaign=paywall_gallery","https://www.paywallpro.app/apps/Universal-TV-Remote-Control%EF%BC%8A-us?id=1563238&utm_source=github&utm_medium=open_dataset&utm_campaign=paywall_gallery","2026-06-05"
"438596432","Video Star","Frontier Design Group","Photo & Video","63128","200","15.0.1","2025-12-22","3","0","9","Free Trial - Soft Paywall","1 offer set across month, year","1","apps/video-star-438596432.md","screenshots/video-star-438596432/cover.webp","screenshots/video-star-438596432/cover.webp","screenshots/video-star-438596432/paywall-screen-2.webp|screenshots/video-star-438596432/paywall-screen-3.webp","https://www.paywallpro.app/apps/Video-Star-us?id=411&utm_source=github&utm_medium=open_dataset&utm_campaign=paywall_gallery","https://www.paywallpro.app/apps/Video-Star-us?id=411&utm_source=github&utm_medium=open_dataset&utm_campaign=paywall_gallery","2026-06-05"
"1262985592","Clip Studio Paint","CELSYS,Inc.","Graphics & Design","63067","0","3.0.2","2017-11-07","1","7","0","No Free Trial - Soft Paywall, Free Trial - Soft Paywall","2 offer sets across month, year, one-time purchase","2","apps/clip-studio-paint-1262985592.md","screenshots/clip-studio-paint-1262985592/cover.webp","screenshots/clip-studio-paint-1262985592/cover.webp","screenshots/clip-studio-paint-1262985592/paywall-one-time-purchase-0-99.webp|screenshots/clip-studio-paint-1262985592/paywall-screen-3.webp","https://www.paywallpro.app/apps/Clip-Studio-Paint-us?id=928&utm_source=github&utm_medium=open_dataset&utm_campaign=paywall_gallery","https://www.paywallpro.app/apps/Clip-Studio-Paint-us?id=928&utm_source=github&utm_medium=open_dataset&utm_campaign=paywall_gallery","2026-06-05"
"1506912979","Minichat – video chat, texting","Crescentaxis Inc.","Social Networking","63050","28","2.0","2025-07-16","1","0","7","Free Trial - Soft Paywall","1 offer set across month","1","apps/minichat-video-chat-texting-1506912979.md","screenshots/minichat-video-chat-texting-1506912979/cover.webp","screenshots/minichat-video-chat-texting-1506912979/cover.webp","screenshots/minichat-video-chat-texting-1506912979/paywall-screen-2.webp|screenshots/minichat-video-chat-texting-1506912979/paywall-screen-3.webp","https://www.paywallpro.app/apps/Minichat-%E2%80%93-video-chat%2C-texting-us?id=233389&utm_source=github&utm_medium=open_dataset&utm_campaign=paywall_gallery","https://www.paywallpro.app/apps/Minichat-%E2%80%93-video-chat%2C-texting-us?id=233389&utm_source=github&utm_medium=open_dataset&utm_campaign=paywall_gallery","2026-06-05"
"1643862208","iRomance-Step Into Stories","银新 从","Games","62831","0","1.1.1","2024-03-27","1","0","11","Currency Paywall, No Free Trial - Soft Paywall","1 offer set across week, month","1","apps/iromance-step-into-stories-1643862208.md","screenshots/iromance-step-into-stories-1643862208/cover.webp","screenshots/iromance-step-into-stories-1643862208/cover.webp","screenshots/iromance-step-into-stories-1643862208/paywall-weekly-14-99.webp|screenshots/iromance-step-into-stories-1643862208/paywall-screen-3.webp","https://www.paywallpro.app/apps/iRomance-Step-Into-Stories-us?id=2483559&utm_source=github&utm_medium=open_dataset&utm_campaign=paywall_gallery","https://www.paywallpro.app/apps/iRomance-Step-Into-Stories-us?id=2483559&utm_source=github&utm_medium=open_dataset&utm_campaign=paywall_gallery","2026-06-05"
"1219890480","Coverstar - Positive Social","Norae Inc.","Social Networking","62620","79","10.3.2","2025-10-24","3","0","17","Currency Paywall","Not available in preview","0","apps/coverstar-positive-social-1219890480.md","screenshots/coverstar-positive-social-1219890480/cover.webp","screenshots/coverstar-positive-social-1219890480/cover.webp","screenshots/coverstar-positive-social-1219890480/paywall-screen-2.webp|screenshots/coverstar-positive-social-1219890480/paywall-screen-3.webp","https://www.paywallpro.app/apps/Coverstar---Positive-Social-us?id=1224654&utm_source=github&utm_medium=open_dataset&utm_campaign=paywall_gallery","https://www.paywallpro.app/apps/Coverstar---Positive-Social-us?id=1224654&utm_source=github&utm_medium=open_dataset&utm_campaign=paywall_gallery","2026-06-05"
"286906691","Lifesum: AI Calorie Counter","Lifesum AB","Health & Fitness","61884","195","22.1.0","2025-10-08","2","51","5","No Free Trial - Soft Paywall","2 offer sets across month, year, quarter","2","apps/lifesum-ai-calorie-counter-286906691.md","screenshots/lifesum-ai-calorie-counter-286906691/cover.webp","screenshots/lifesum-ai-calorie-counter-286906691/cover.webp","screenshots/lifesum-ai-calorie-counter-286906691/paywall-quarterly-14-99.webp|screenshots/lifesum-ai-calorie-counter-286906691/paywall-screen-3.webp","https://www.paywallpro.app/apps/Lifesum:-AI-Calorie-Counter-us?id=368&utm_source=github&utm_medium=open_dataset&utm_campaign=paywall_gallery","https://www.paywallpro.app/apps/Lifesum:-AI-Calorie-Counter-us?id=368&utm_source=github&utm_medium=open_dataset&utm_campaign=paywall_gallery","2026-06-05"
"1494157233","Cowboy+","The Cowboy Channel LLC","Sports","61832","183","2.9.6","2025-12-03","2","0","9","No Free Trial - Soft Paywall","1 offer set across month, year","1","apps/cowboy-1494157233.md","screenshots/cowboy-1494157233/cover.webp","screenshots/cowboy-1494157233/cover.webp","screenshots/cowboy-1494157233/paywall-screen-2.webp|screenshots/cowboy-1494157233/paywall-screen-3.webp","https://www.paywallpro.app/apps/Cowboy%2B-us?id=5774&utm_source=github&utm_medium=open_dataset&utm_campaign=paywall_gallery","https://www.paywallpro.app/apps/Cowboy%2B-us?id=5774&utm_source=github&utm_medium=open_dataset&utm_campaign=paywall_gallery","2026-06-05"
"1639516366","Voice Recorder — Audio Memos","PrimeForm OU","Business","61552","85","3.3.4","2025-10-01","1","9","0","Free Trial - Hard Paywall","1 offer set across week, year","1","apps/voice-recorder-audio-memos-1639516366.md","screenshots/voice-recorder-audio-memos-1639516366/cover.webp","screenshots/voice-recorder-audio-memos-1639516366/cover.webp","screenshots/voice-recorder-audio-memos-1639516366/paywall-screen-2.webp|screenshots/voice-recorder-audio-memos-1639516366/paywall-screen-3.webp","https://www.paywallpro.app/apps/Voice-Recorder-%E2%80%94-Audio-Memos-us?id=1952271&utm_source=github&utm_medium=open_dataset&utm_campaign=paywall_gallery","https://www.paywallpro.app/apps/Voice-Recorder-%E2%80%94-Audio-Memos-us?id=1952271&utm_source=github&utm_medium=open_dataset&utm_campaign=paywall_gallery","2026-06-05"
"1360309966","Piano - Keyboard Lesson & Game","MWM","Music","61348","17","3.50.00","2025-09-10","2","31","0","Free Trial - Soft Paywall","2 offer sets across week, year","2","apps/piano-keyboard-lesson-and-game-1360309966.md","screenshots/piano-keyboard-lesson-and-game-1360309966/cover.webp","screenshots/piano-keyboard-lesson-and-game-1360309966/cover.webp","screenshots/piano-keyboard-lesson-and-game-1360309966/paywall-weekly-7-99.webp|screenshots/piano-keyboard-lesson-and-game-1360309966/paywall-screen-3.webp","https://www.paywallpro.app/apps/Piano---Keyboard-Lesson-&-Game-us?id=3903&utm_source=github&utm_medium=open_dataset&utm_campaign=paywall_gallery","https://www.paywallpro.app/apps/Piano---Keyboard-Lesson-&-Game-us?id=3903&utm_source=github&utm_medium=open_dataset&utm_campaign=paywall_gallery","2026-06-05"
"985378916","Mileage Tracker by Everlance","Everlance Inc.","Finance","61266","193","5.0.7","2024-06-12","3","13","0","Free Trial - Soft Paywall","1 offer set across month, year","1","apps/mileage-tracker-by-everlance-985378916.md","screenshots/mileage-tracker-by-everlance-985378916/cover.webp","screenshots/mileage-tracker-by-everlance-985378916/cover.webp","screenshots/mileage-tracker-by-everlance-985378916/paywall-screen-2.webp|screenshots/mileage-tracker-by-everlance-985378916/paywall-screen-3.webp","https://www.paywallpro.app/apps/Mileage-Tracker-by-Everlance-us?id=679&utm_source=github&utm_medium=open_dataset&utm_campaign=paywall_gallery","https://www.paywallpro.app/apps/Mileage-Tracker-by-Everlance-us?id=679&utm_source=github&utm_medium=open_dataset&utm_campaign=paywall_gallery","2026-06-05"
"498405045","Police Scanner Radio & Fire","GordonEdwards.net LLC","News","61215","7","2.2.24","2024-05-25","1","3","0","Free Trial - Soft Paywall","1 offer set across month, year","1","apps/police-scanner-radio-and-fire-498405045.md","screenshots/police-scanner-radio-and-fire-498405045/cover.webp","screenshots/police-scanner-radio-and-fire-498405045/cover.webp","screenshots/police-scanner-radio-and-fire-498405045/paywall-screen-2.webp|screenshots/police-scanner-radio-and-fire-498405045/paywall-screen-3.webp","https://www.paywallpro.app/apps/Police-Scanner-Radio-&-Fire-us?id=700&utm_source=github&utm_medium=open_dataset&utm_campaign=paywall_gallery","https://www.paywallpro.app/apps/Police-Scanner-Radio-&-Fire-us?id=700&utm_source=github&utm_medium=open_dataset&utm_campaign=paywall_gallery","2026-06-05"
"1226650677","QR Code Reader，Barcode Scanner","Air Apps Systems","Utilities","60610","176","2025.11.2","2025-12-01","3","3","3","Free Trial - Soft Paywall, No Free Trial - Soft Paywall","3 offer sets across week, month, year","3","apps/qr-code-reader-barcode-scanner-1226650677.md","screenshots/qr-code-reader-barcode-scanner-1226650677/cover.webp","screenshots/qr-code-reader-barcode-scanner-1226650677/cover.webp","screenshots/qr-code-reader-barcode-scanner-1226650677/paywall-weekly-4-99-9-99.webp|screenshots/qr-code-reader-barcode-scanner-1226650677/paywall-weekly-9-99.webp","https://www.paywallpro.app/apps/QR-Code-Reader%EF%BC%8CBarcode-Scanner-us?id=588&utm_source=github&utm_medium=open_dataset&utm_campaign=paywall_gallery","https://www.paywallpro.app/apps/QR-Code-Reader%EF%BC%8CBarcode-Scanner-us?id=588&utm_source=github&utm_medium=open_dataset&utm_campaign=paywall_gallery","2026-06-05"
"1668000334","Perplexity - AI Search & Chat","Perplexity AI, Inc.","Productivity","60383","13","2.260123.0","2026-01-30","3","4","7","No Free Trial - Soft Paywall","1 offer set across month, year","1","apps/perplexity-ai-search-and-chat-1668000334.md","screenshots/perplexity-ai-search-and-chat-1668000334/cover.webp","screenshots/perplexity-ai-search-and-chat-1668000334/cover.webp","screenshots/perplexity-ai-search-and-chat-1668000334/paywall-screen-2.webp|screenshots/perplexity-ai-search-and-chat-1668000334/paywall-screen-3.webp","https://www.paywallpro.app/apps/Perplexity---AI-Search-&-Chat-us?id=452&utm_source=github&utm_medium=open_dataset&utm_campaign=paywall_gallery","https://www.paywallpro.app/apps/Perplexity---AI-Search-&-Chat-us?id=452&utm_source=github&utm_medium=open_dataset&utm_campaign=paywall_gallery","2026-06-05"
"1436732536","Lensa AI: Photo Editor","Prisma labs, inc.","Photo & Video","60370","182","7.1.1","2025-09-23","3","11","4","Free Trial - Soft Paywall","1 offer set across week, month, year","1","apps/lensa-ai-photo-editor-1436732536.md","screenshots/lensa-ai-photo-editor-1436732536/cover.webp","screenshots/lensa-ai-photo-editor-1436732536/cover.webp","screenshots/lensa-ai-photo-editor-1436732536/paywall-screen-2.webp|screenshots/lensa-ai-photo-editor-1436732536/paywall-screen-3.webp","https://www.paywallpro.app/apps/Lensa-AI:-Photo-Editor-us?id=414&utm_source=github&utm_medium=open_dataset&utm_campaign=paywall_gallery","https://www.paywallpro.app/apps/Lensa-AI:-Photo-Editor-us?id=414&utm_source=github&utm_medium=open_dataset&utm_campaign=paywall_gallery","2026-06-05"
"364901807","Documents: File Manager & Docs","Readdle Technologies Limited","Productivity","60269","83","8.11.1","2024-05-13","1","9","0","Free Trial - Soft Paywall","1 offer set across month","1","apps/documents-file-manager-and-docs-364901807.md","screenshots/documents-file-manager-and-docs-364901807/cover.webp","screenshots/documents-file-manager-and-docs-364901807/cover.webp","screenshots/documents-file-manager-and-docs-364901807/paywall-screen-2.webp|screenshots/documents-file-manager-and-docs-364901807/paywall-screen-3.webp","https://www.paywallpro.app/apps/Documents:-File-Manager-&-Docs-us?id=650&utm_source=github&utm_medium=open_dataset&utm_campaign=paywall_gallery","https://www.paywallpro.app/apps/Documents:-File-Manager-&-Docs-us?id=650&utm_source=github&utm_medium=open_dataset&utm_campaign=paywall_gallery","2026-06-05"
"1667996582","Quizard AI: Homework Helper","Quizard AI, Inc.","Education","60022","93","1.17.0","2025-08-27","4","7","2","Free Trial - Soft Paywall","1 offer set across week, year","1","apps/quizard-ai-homework-helper-1667996582.md","screenshots/quizard-ai-homework-helper-1667996582/cover.webp","screenshots/quizard-ai-homework-helper-1667996582/cover.webp","screenshots/quizard-ai-homework-helper-1667996582/paywall-screen-2.webp|screenshots/quizard-ai-homework-helper-1667996582/paywall-screen-3.webp","https://www.paywallpro.app/apps/Quizard-AI:-Homework-Helper-us?id=870&utm_source=github&utm_medium=open_dataset&utm_campaign=paywall_gallery","https://www.paywallpro.app/apps/Quizard-AI:-Homework-Helper-us?id=870&utm_source=github&utm_medium=open_dataset&utm_campaign=paywall_gallery","2026-06-05"
"1641010681","Rithmm: AI Sports Betting","Rithmm Inc.","Sports","59887","65","3.3.14","2025-10-23","2","5","8","Free Trial - Soft Paywall","1 offer set across month, year","1","apps/rithmm-ai-sports-betting-1641010681.md","screenshots/rithmm-ai-sports-betting-1641010681/cover.webp","screenshots/rithmm-ai-sports-betting-1641010681/cover.webp","screenshots/rithmm-ai-sports-betting-1641010681/paywall-screen-2.webp|screenshots/rithmm-ai-sports-betting-1641010681/paywall-screen-3.webp","https://www.paywallpro.app/apps/Rithmm:-AI-Sports-Betting-us?id=1292219&utm_source=github&utm_medium=open_dataset&utm_campaign=paywall_gallery","https://www.paywallpro.app/apps/Rithmm:-AI-Sports-Betting-us?id=1292219&utm_source=github&utm_medium=open_dataset&utm_campaign=paywall_gallery","2026-06-05"
"983693694","Yoga | Down Dog","Yoga Buddhi Co.","Health & Fitness","59830","200","7.3.18","2024-09-20","1","9","4","No Free Trial - Soft Paywall","1 offer set across month, year","1","apps/yoga-down-dog-983693694.md","screenshots/yoga-down-dog-983693694/cover.webp","screenshots/yoga-down-dog-983693694/cover.webp","screenshots/yoga-down-dog-983693694/paywall-screen-2.webp|screenshots/yoga-down-dog-983693694/paywall-screen-3.webp","https://www.paywallpro.app/apps/Yoga-%7C-Down-Dog-us?id=514&utm_source=github&utm_medium=open_dataset&utm_campaign=paywall_gallery","https://www.paywallpro.app/apps/Yoga-%7C-Down-Dog-us?id=514&utm_source=github&utm_medium=open_dataset&utm_campaign=paywall_gallery","2026-06-05"
"726696040","Reading Eggs - Learn to Read","Blake eLearning","Education","59416","112","4.3.0","2024-03-31","1","16","0","Free Trial - Soft Paywall","2 offer sets across month, year","2","apps/reading-eggs-learn-to-read-726696040.md","screenshots/reading-eggs-learn-to-read-726696040/cover.webp","screenshots/reading-eggs-learn-to-read-726696040/cover.webp","screenshots/reading-eggs-learn-to-read-726696040/paywall-monthly-13-99.webp|screenshots/reading-eggs-learn-to-read-726696040/paywall-screen-3.webp","https://www.paywallpro.app/apps/Reading-Eggs---Learn-to-Read-us?id=750&utm_source=github&utm_medium=open_dataset&utm_campaign=paywall_gallery","https://www.paywallpro.app/apps/Reading-Eggs---Learn-to-Read-us?id=750&utm_source=github&utm_medium=open_dataset&utm_campaign=paywall_gallery","2026-06-05"
"519076558","Blood Pressure Tracker SmartBP","Evolve Medical Systems, LLC","Medical","58782","79","9.7","2025-10-17","4","18","17","No Free Trial - Soft Paywall","3 offer sets across year, quarter, one-time purchase","3","apps/blood-pressure-tracker-smartbp-519076558.md","screenshots/blood-pressure-tracker-smartbp-519076558/cover.webp","screenshots/blood-pressure-tracker-smartbp-519076558/cover.webp","screenshots/blood-pressure-tracker-smartbp-519076558/paywall-annual-27-99.webp|screenshots/blood-pressure-tracker-smartbp-519076558/paywall-annual-19-99.webp","https://www.paywallpro.app/apps/Blood-Pressure-Tracker-SmartBP-us?id=1228316&utm_source=github&utm_medium=open_dataset&utm_campaign=paywall_gallery","https://www.paywallpro.app/apps/Blood-Pressure-Tracker-SmartBP-us?id=1228316&utm_source=github&utm_medium=open_dataset&utm_campaign=paywall_gallery","2026-06-05"
"1547735089","Aura: Security & Protection","Get Aura Inc.","Finance","58762","143","3.47.1","2025-10-14","2","6","0","Free Trial - Soft Paywall","1 offer set across month, year","1","apps/aura-security-and-protection-1547735089.md","screenshots/aura-security-and-protection-1547735089/cover.webp","screenshots/aura-security-and-protection-1547735089/cover.webp","screenshots/aura-security-and-protection-1547735089/paywall-screen-2.webp|screenshots/aura-security-and-protection-1547735089/paywall-screen-3.webp","https://www.paywallpro.app/apps/Aura:-Security-&-Protection-us?id=30279&utm_source=github&utm_medium=open_dataset&utm_campaign=paywall_gallery","https://www.paywallpro.app/apps/Aura:-Security-&-Protection-us?id=30279&utm_source=github&utm_medium=open_dataset&utm_campaign=paywall_gallery","2026-06-05"
"6471674773","Health Planner & Tracker","Goldwright","Health & Fitness","58752","72","1.6","2024-05-15","1","3","0","Free Trial - Soft Paywall","2 offer sets across week, month, year","2","apps/health-planner-and-tracker-6471674773.md","screenshots/health-planner-and-tracker-6471674773/cover.webp","screenshots/health-planner-and-tracker-6471674773/cover.webp","screenshots/health-planner-and-tracker-6471674773/paywall-weekly-6-99.webp|screenshots/health-planner-and-tracker-6471674773/paywall-screen-3.webp","https://www.paywallpro.app/apps/Health-Planner-&-Tracker-us?id=34043&utm_source=github&utm_medium=open_dataset&utm_campaign=paywall_gallery","https://www.paywallpro.app/apps/Health-Planner-&-Tracker-us?id=34043&utm_source=github&utm_medium=open_dataset&utm_campaign=paywall_gallery","2026-06-05"
"924005506","MobiOffice・Word Docs・Excel・PDF","MobiSystems, Inc.","Business","58454","73","13.1","2025-12-15","2","6","4","Free Trial - Soft Paywall","1 offer set across week, month","1","apps/mobioffice-word-docs-excel-pdf-924005506.md","screenshots/mobioffice-word-docs-excel-pdf-924005506/cover.webp","screenshots/mobioffice-word-docs-excel-pdf-924005506/cover.webp","screenshots/mobioffice-word-docs-excel-pdf-924005506/paywall-screen-2.webp|screenshots/mobioffice-word-docs-excel-pdf-924005506/paywall-screen-3.webp","https://www.paywallpro.app/apps/MobiOffice%E3%83%BBWord-Docs%E3%83%BBExcel%E3%83%BBPDF-us?id=758&utm_source=github&utm_medium=open_dataset&utm_campaign=paywall_gallery","https://www.paywallpro.app/apps/MobiOffice%E3%83%BBWord-Docs%E3%83%BBExcel%E3%83%BBPDF-us?id=758&utm_source=github&utm_medium=open_dataset&utm_campaign=paywall_gallery","2026-06-05"
"6743614509","AI Photo Video Generator: AURA","Superapp Labs","Photo & Video","58001","123","2.3.0","2025-06-18","1","7","0","No Free Trial - Soft Paywall","1 offer set across week, year","1","apps/ai-photo-video-generator-aura-6743614509.md","screenshots/ai-photo-video-generator-aura-6743614509/cover.webp","screenshots/ai-photo-video-generator-aura-6743614509/cover.webp","screenshots/ai-photo-video-generator-aura-6743614509/paywall-screen-2.webp|screenshots/ai-photo-video-generator-aura-6743614509/paywall-screen-3.webp","https://www.paywallpro.app/apps/AI-Photo-Video-Generator:-AURA-us?id=1986225&utm_source=github&utm_medium=open_dataset&utm_campaign=paywall_gallery","https://www.paywallpro.app/apps/AI-Photo-Video-Generator:-AURA-us?id=1986225&utm_source=github&utm_medium=open_dataset&utm_campaign=paywall_gallery","2026-06-05"
"1507677341","Boards.com","Boards.com Ltd","Business","57769","159","3.0.5","2025-10-05","4","0","5","Free Trial - Soft Paywall","1 offer set across year","1","apps/boards-com-1507677341.md","screenshots/boards-com-1507677341/cover.webp","screenshots/boards-com-1507677341/cover.webp","screenshots/boards-com-1507677341/paywall-screen-2.webp|screenshots/boards-com-1507677341/paywall-screen-3.webp","https://www.paywallpro.app/apps/Boards.com-us?id=552&utm_source=github&utm_medium=open_dataset&utm_campaign=paywall_gallery","https://www.paywallpro.app/apps/Boards.com-us?id=552&utm_source=github&utm_medium=open_dataset&utm_campaign=paywall_gallery","2026-06-05"
"1482780647","Imprint: Visual Micro Learning","Polywise, Inc.","Education","57394","42","4.9.17","2025-11-05","6","25","4","Free Trial - Soft Paywall","2 offer sets across month, year","2","apps/imprint-visual-micro-learning-1482780647.md","screenshots/imprint-visual-micro-learning-1482780647/cover.webp","screenshots/imprint-visual-micro-learning-1482780647/cover.webp","screenshots/imprint-visual-micro-learning-1482780647/paywall-monthly-15-99.webp|screenshots/imprint-visual-micro-learning-1482780647/paywall-screen-3.webp","https://www.paywallpro.app/apps/Imprint:-Visual-Micro-Learning-us?id=530&utm_source=github&utm_medium=open_dataset&utm_campaign=paywall_gallery","https://www.paywallpro.app/apps/Imprint:-Visual-Micro-Learning-us?id=530&utm_source=github&utm_medium=open_dataset&utm_campaign=paywall_gallery","2026-06-05"
"1503665233","Call Recorder for iPhone.","JatApp LLC","Business","57284","186","2.8.2","2025-11-25","3","5","0","Free Trial - Soft Paywall","1 offer set across week, year","1","apps/call-recorder-for-iphone-1503665233.md","screenshots/call-recorder-for-iphone-1503665233/cover.webp","screenshots/call-recorder-for-iphone-1503665233/cover.webp","screenshots/call-recorder-for-iphone-1503665233/paywall-screen-2.webp|screenshots/call-recorder-for-iphone-1503665233/paywall-screen-3.webp","https://www.paywallpro.app/apps/Call-Recorder-for-iPhone.-us?id=383&utm_source=github&utm_medium=open_dataset&utm_campaign=paywall_gallery","https://www.paywallpro.app/apps/Call-Recorder-for-iPhone.-us?id=383&utm_source=github&utm_medium=open_dataset&utm_campaign=paywall_gallery","2026-06-05"
"905953485","NordVPN: VPN Fast & Secure","Nordvpn S.A.","Utilities","56954","14","9.2.0","2026-03-23","10","8","6","No Free Trial - Soft Paywall","2 offer sets across month, year","2","apps/nordvpn-vpn-fast-and-secure-905953485.md","screenshots/nordvpn-vpn-fast-and-secure-905953485/cover.webp","screenshots/nordvpn-vpn-fast-and-secure-905953485/cover.webp","screenshots/nordvpn-vpn-fast-and-secure-905953485/paywall-monthly-13-99.webp|screenshots/nordvpn-vpn-fast-and-secure-905953485/paywall-screen-3.webp","https://www.paywallpro.app/apps/NordVPN:-VPN-Fast-&-Secure-us?id=73&utm_source=github&utm_medium=open_dataset&utm_campaign=paywall_gallery","https://www.paywallpro.app/apps/NordVPN:-VPN-Fast-&-Secure-us?id=73&utm_source=github&utm_medium=open_dataset&utm_campaign=paywall_gallery","2026-06-05"
"6746929680","CardiaLink-Heart rate&Health","APPINNOVA TECHNOLOGY PTE. LTD.","Health & Fitness","56905","71","1.0.5","2025-10-22","1","6","11","No Free Trial - Soft Paywall","1 offer set across month","1","apps/cardialink-heart-rate-and-health-6746929680.md","screenshots/cardialink-heart-rate-and-health-6746929680/cover.webp","screenshots/cardialink-heart-rate-and-health-6746929680/cover.webp","screenshots/cardialink-heart-rate-and-health-6746929680/paywall-screen-2.webp|screenshots/cardialink-heart-rate-and-health-6746929680/paywall-screen-3.webp","https://www.paywallpro.app/apps/CardiaLink-Heart-rate&Health-us?id=2152118&utm_source=github&utm_medium=open_dataset&utm_campaign=paywall_gallery","https://www.paywallpro.app/apps/CardiaLink-Heart-rate&Health-us?id=2152118&utm_source=github&utm_medium=open_dataset&utm_campaign=paywall_gallery","2026-06-05"
"1638320348","Muse: Reels Video Editor","Bigrowth","Photo & Video","56805","126","8.5","2025-06-24","1","5","0","Free Trial - Soft Paywall","1 offer set across week, year","1","apps/muse-reels-video-editor-1638320348.md","screenshots/muse-reels-video-editor-1638320348/cover.webp","screenshots/muse-reels-video-editor-1638320348/cover.webp","screenshots/muse-reels-video-editor-1638320348/paywall-screen-2.webp|screenshots/muse-reels-video-editor-1638320348/paywall-screen-3.webp","https://www.paywallpro.app/apps/Muse:-Reels-Video-Editor-us?id=1625014&utm_source=github&utm_medium=open_dataset&utm_campaign=paywall_gallery","https://www.paywallpro.app/apps/Muse:-Reels-Video-Editor-us?id=1625014&utm_source=github&utm_medium=open_dataset&utm_campaign=paywall_gallery","2026-06-05"
"1456102145","Phomemo","PHOMEMO PTE. LTD.","Education","56772","116","3.10.0","2025-10-31","4","0","6","No Free Trial - Soft Paywall","1 offer set across month, year","1","apps/phomemo-1456102145.md","screenshots/phomemo-1456102145/cover.webp","screenshots/phomemo-1456102145/cover.webp","screenshots/phomemo-1456102145/paywall-screen-2.webp|screenshots/phomemo-1456102145/paywall-screen-3.webp","https://www.paywallpro.app/apps/Phomemo-us?id=1199473&utm_source=github&utm_medium=open_dataset&utm_campaign=paywall_gallery","https://www.paywallpro.app/apps/Phomemo-us?id=1199473&utm_source=github&utm_medium=open_dataset&utm_campaign=paywall_gallery","2026-06-05"
"6751491972","Glowify - AI Hairstyle Try On","Flarial Interactive","Photo & Video","56420","109","1.6.1","2025-12-03","1","2","6","Free Trial - Soft Paywall","1 offer set across week","1","apps/glowify-ai-hairstyle-try-on-6751491972.md","screenshots/glowify-ai-hairstyle-try-on-6751491972/cover.webp","screenshots/glowify-ai-hairstyle-try-on-6751491972/cover.webp","screenshots/glowify-ai-hairstyle-try-on-6751491972/paywall-screen-2.webp|screenshots/glowify-ai-hairstyle-try-on-6751491972/paywall-screen-3.webp","https://www.paywallpro.app/apps/Glowify---AI-Hairstyle-Try-On-us?id=2439992&utm_source=github&utm_medium=open_dataset&utm_campaign=paywall_gallery","https://www.paywallpro.app/apps/Glowify---AI-Hairstyle-Try-On-us?id=2439992&utm_source=github&utm_medium=open_dataset&utm_campaign=paywall_gallery","2026-06-05"
"6663574866","StudyFetch: Make Learning Easy","Study Fetch","Education","56296","158","1.9.999995","2025-06-16","1","9","7","No Free Trial - Soft Paywall","1 offer set across month, year, quarter","1","apps/studyfetch-make-learning-easy-6663574866.md","screenshots/studyfetch-make-learning-easy-6663574866/cover.webp","screenshots/studyfetch-make-learning-easy-6663574866/cover.webp","screenshots/studyfetch-make-learning-easy-6663574866/paywall-screen-2.webp|screenshots/studyfetch-make-learning-easy-6663574866/paywall-screen-3.webp","https://www.paywallpro.app/apps/StudyFetch:-Make-Learning-Easy-us?id=1951959&utm_source=github&utm_medium=open_dataset&utm_campaign=paywall_gallery","https://www.paywallpro.app/apps/StudyFetch:-Make-Learning-Easy-us?id=1951959&utm_source=github&utm_medium=open_dataset&utm_campaign=paywall_gallery","2026-06-05"
"6444201819","Quiz AI: AI Homework Helper","INTSIG PTE. LTD.","Education","56023","86","4.16.0","2025-10-20","1","5","5","Free Trial - Soft Paywall","1 offer set across week, year","1","apps/quiz-ai-ai-homework-helper-6444201819.md","screenshots/quiz-ai-ai-homework-helper-6444201819/cover.webp","screenshots/quiz-ai-ai-homework-helper-6444201819/cover.webp","screenshots/quiz-ai-ai-homework-helper-6444201819/paywall-screen-2.webp|screenshots/quiz-ai-ai-homework-helper-6444201819/paywall-screen-3.webp","https://www.paywallpro.app/apps/Quiz-AI:-AI-Homework-Helper-us?id=1951932&utm_source=github&utm_medium=open_dataset&utm_campaign=paywall_gallery","https://www.paywallpro.app/apps/Quiz-AI:-AI-Homework-Helper-us?id=1951932&utm_source=github&utm_medium=open_dataset&utm_campaign=paywall_gallery","2026-06-05"
"1173937731","Land id®","MapRight, LLC","Productivity","55949","195","5.5.9","2024-08-28","1","5","0","Free Trial - Soft Paywall","1 offer set across month, year","1","apps/land-id-1173937731.md","screenshots/land-id-1173937731/cover.webp","screenshots/land-id-1173937731/cover.webp","screenshots/land-id-1173937731/paywall-screen-2.webp|screenshots/land-id-1173937731/paywall-screen-3.webp","https://www.paywallpro.app/apps/Land-id%C2%AE-us?id=681&utm_source=github&utm_medium=open_dataset&utm_campaign=paywall_gallery","https://www.paywallpro.app/apps/Land-id%C2%AE-us?id=681&utm_source=github&utm_medium=open_dataset&utm_campaign=paywall_gallery","2026-06-05"
"1622015258","Aveola: 1-on-1 Live Video Chat","Pepitama Limited","Entertainment","55289","79","2.2.8","2025-12-18","2","6","9","Currency Paywall","Not available in preview","0","apps/aveola-1-on-1-live-video-chat-1622015258.md","screenshots/aveola-1-on-1-live-video-chat-1622015258/cover.webp","screenshots/aveola-1-on-1-live-video-chat-1622015258/cover.webp","screenshots/aveola-1-on-1-live-video-chat-1622015258/paywall-currency-paywall.webp|screenshots/aveola-1-on-1-live-video-chat-1622015258/paywall-currency-paywall-2.webp","https://www.paywallpro.app/apps/Aveola:-1-on-1-Live-Video-Chat-us?id=232&utm_source=github&utm_medium=open_dataset&utm_campaign=paywall_gallery","https://www.paywallpro.app/apps/Aveola:-1-on-1-Live-Video-Chat-us?id=232&utm_source=github&utm_medium=open_dataset&utm_campaign=paywall_gallery","2026-06-05"
"6443580320","GrowIt: Garden Planner","Glority Global Group Ltd.","Lifestyle","54442","181","1.36","2026-01-07","2","24","6","Free Trial - Soft Paywall, No Free Trial - Soft Paywall","1 offer set across year","1","apps/growit-garden-planner-6443580320.md","screenshots/growit-garden-planner-6443580320/cover.webp","screenshots/growit-garden-planner-6443580320/cover.webp","screenshots/growit-garden-planner-6443580320/paywall-screen-2.webp|screenshots/growit-garden-planner-6443580320/paywall-screen-3.webp","https://www.paywallpro.app/apps/GrowIt:-Garden-Planner-us?id=1273987&utm_source=github&utm_medium=open_dataset&utm_campaign=paywall_gallery","https://www.paywallpro.app/apps/GrowIt:-Garden-Planner-us?id=1273987&utm_source=github&utm_medium=open_dataset&utm_campaign=paywall_gallery","2026-06-05"
"1473663873","Angel: Stream TV & Movies","Angel Studios, Inc.","Entertainment","54335","57","26.3.6","2026-03-12","6","6","6","No Free Trial - Soft Paywall","1 offer set across month, year","1","apps/angel-stream-tv-and-movies-1473663873.md","screenshots/angel-stream-tv-and-movies-1473663873/cover.webp","screenshots/angel-stream-tv-and-movies-1473663873/cover.webp","screenshots/angel-stream-tv-and-movies-1473663873/paywall-screen-2.webp|screenshots/angel-stream-tv-and-movies-1473663873/paywall-screen-3.webp","https://www.paywallpro.app/apps/Angel:-Stream-TV-&-Movies-us?id=323&utm_source=github&utm_medium=open_dataset&utm_campaign=paywall_gallery","https://www.paywallpro.app/apps/Angel:-Stream-TV-&-Movies-us?id=323&utm_source=github&utm_medium=open_dataset&utm_campaign=paywall_gallery","2026-06-05"
"938845147","WeMoms - Pregnancy & Baby App","Globalia","Medical","54207","41","4.89.00","2025-11-03","3","22","0","Free Trial - Soft Paywall","1 offer set across month, year","1","apps/wemoms-pregnancy-and-baby-app-938845147.md","screenshots/wemoms-pregnancy-and-baby-app-938845147/cover.webp","screenshots/wemoms-pregnancy-and-baby-app-938845147/cover.webp","screenshots/wemoms-pregnancy-and-baby-app-938845147/paywall-screen-2.webp|screenshots/wemoms-pregnancy-and-baby-app-938845147/paywall-screen-3.webp","https://www.paywallpro.app/apps/WeMoms---Pregnancy-&-Baby-App-us?id=717&utm_source=github&utm_medium=open_dataset&utm_campaign=paywall_gallery","https://www.paywallpro.app/apps/WeMoms---Pregnancy-&-Baby-App-us?id=717&utm_source=github&utm_medium=open_dataset&utm_campaign=paywall_gallery","2026-06-05"
"6502794561","Turbo AI - Notetaker","TurboLearn AI","Education","53951","21","1.2.7","2025-10-28","4","12","4","Free Trial - Soft Paywall","2 offer sets across month, year","2","apps/turbo-ai-notetaker-6502794561.md","screenshots/turbo-ai-notetaker-6502794561/cover.webp","screenshots/turbo-ai-notetaker-6502794561/cover.webp","screenshots/turbo-ai-notetaker-6502794561/paywall-monthly-19-99.webp|screenshots/turbo-ai-notetaker-6502794561/paywall-screen-3.webp","https://www.paywallpro.app/apps/Turbo-AI---Notetaker-us?id=734811&utm_source=github&utm_medium=open_dataset&utm_campaign=paywall_gallery","https://www.paywallpro.app/apps/Turbo-AI---Notetaker-us?id=734811&utm_source=github&utm_medium=open_dataset&utm_campaign=paywall_gallery","2026-06-05"
"489262811","SignNow: e-Signature app","airSlate, Inc.","Productivity","53828","176","14.9.2","2024-08-27","1","0","3","Free Trial - Soft Paywall","1 offer set across month, year","1","apps/signnow-e-signature-app-489262811.md","screenshots/signnow-e-signature-app-489262811/cover.webp","screenshots/signnow-e-signature-app-489262811/cover.webp","screenshots/signnow-e-signature-app-489262811/paywall-screen-2.webp|screenshots/signnow-e-signature-app-489262811/paywall-screen-3.webp","https://www.paywallpro.app/apps/SignNow:-e-Signature-app-us?id=600&utm_source=github&utm_medium=open_dataset&utm_campaign=paywall_gallery","https://www.paywallpro.app/apps/SignNow:-e-Signature-app-us?id=600&utm_source=github&utm_medium=open_dataset&utm_campaign=paywall_gallery","2026-06-05"
"1470065487","Dr. Kegel: For Men’s Health","ApperCut","Health & Fitness","53672","138","2.47.2","2024-08-07","1","9","0","Free Trial - Soft Paywall, No Free Trial - Soft Paywall","2 offer sets across month, year, quarter","2","apps/dr-kegel-for-men-s-health-1470065487.md","screenshots/dr-kegel-for-men-s-health-1470065487/cover.webp","screenshots/dr-kegel-for-men-s-health-1470065487/cover.webp","screenshots/dr-kegel-for-men-s-health-1470065487/paywall-monthly-19-99.webp|screenshots/dr-kegel-for-men-s-health-1470065487/paywall-screen-3.webp","https://www.paywallpro.app/apps/Dr.-Kegel:-For-Men%E2%80%99s-Health-us?id=823&utm_source=github&utm_medium=open_dataset&utm_campaign=paywall_gallery","https://www.paywallpro.app/apps/Dr.-Kegel:-For-Men%E2%80%99s-Health-us?id=823&utm_source=github&utm_medium=open_dataset&utm_campaign=paywall_gallery","2026-06-05"
"536321738","Globoplay: Novelas, séries e +","GLOBO COM. E PART. S/A","Entertainment","53406","135","4.141.0","2024-08-05","1","4","0","No Free Trial - Soft Paywall","1 offer set across month","1","apps/globoplay-novelas-s-ries-e-536321738.md","screenshots/globoplay-novelas-s-ries-e-536321738/cover.webp","screenshots/globoplay-novelas-s-ries-e-536321738/cover.webp","screenshots/globoplay-novelas-s-ries-e-536321738/paywall-screen-2.webp|screenshots/globoplay-novelas-s-ries-e-536321738/paywall-screen-3.webp","https://www.paywallpro.app/apps/Globoplay:-Novelas%2C-s%C3%A9ries-e-%2B-us?id=10910&utm_source=github&utm_medium=open_dataset&utm_campaign=paywall_gallery","https://www.paywallpro.app/apps/Globoplay:-Novelas%2C-s%C3%A9ries-e-%2B-us?id=10910&utm_source=github&utm_medium=open_dataset&utm_campaign=paywall_gallery","2026-06-05"
"6738990592","AI Video Photo Generator Videa","Pure Apps","Photo & Video","53376","183","1.7.0","2025-09-07","2","6","4","No Free Trial - Soft Paywall","2 offer sets across week, year","2","apps/ai-video-photo-generator-videa-6738990592.md","screenshots/ai-video-photo-generator-videa-6738990592/cover.webp","screenshots/ai-video-photo-generator-videa-6738990592/cover.webp","screenshots/ai-video-photo-generator-videa-6738990592/paywall-weekly-7-99.webp|screenshots/ai-video-photo-generator-videa-6738990592/paywall-screen-3.webp","https://www.paywallpro.app/apps/AI-Video-Photo-Generator-Videa-us?id=1951947&utm_source=github&utm_medium=open_dataset&utm_campaign=paywall_gallery","https://www.paywallpro.app/apps/AI-Video-Photo-Generator-Videa-us?id=1951947&utm_source=github&utm_medium=open_dataset&utm_campaign=paywall_gallery","2026-06-05"
"528388477","iMemories","iMemories","Photo & Video","53000","96","3.1","2022-03-05","1","8","0","No Free Trial - Soft Paywall","1 offer set across month, year","1","apps/imemories-528388477.md","screenshots/imemories-528388477/cover.webp","screenshots/imemories-528388477/cover.webp","screenshots/imemories-528388477/paywall-screen-2.webp|screenshots/imemories-528388477/paywall-screen-3.webp","https://www.paywallpro.app/apps/iMemories-us?id=288283&utm_source=github&utm_medium=open_dataset&utm_campaign=paywall_gallery","https://www.paywallpro.app/apps/iMemories-us?id=288283&utm_source=github&utm_medium=open_dataset&utm_campaign=paywall_gallery","2026-06-05"
"1503939262","Popl: AI Lead Capture","Popl Co","Business","52923","180","6.9.10","2024-08-17","1","10","0","Free Trial - Soft Paywall","1 offer set across month, year","1","apps/popl-ai-lead-capture-1503939262.md","screenshots/popl-ai-lead-capture-1503939262/cover.webp","screenshots/popl-ai-lead-capture-1503939262/cover.webp","screenshots/popl-ai-lead-capture-1503939262/paywall-screen-2.webp|screenshots/popl-ai-lead-capture-1503939262/paywall-screen-3.webp","https://www.paywallpro.app/apps/Popl:-AI-Lead-Capture-us?id=367&utm_source=github&utm_medium=open_dataset&utm_campaign=paywall_gallery","https://www.paywallpro.app/apps/Popl:-AI-Lead-Capture-us?id=367&utm_source=github&utm_medium=open_dataset&utm_campaign=paywall_gallery","2026-06-05"
"6447290444","AI ChatBot Assistant: AskEasy","Zilingial Limited","Productivity","52760","58","2.14","2024-10-02","2","6","0","Free Trial - Soft Paywall","1 offer set across week, year","1","apps/ai-chatbot-assistant-askeasy-6447290444.md","screenshots/ai-chatbot-assistant-askeasy-6447290444/cover.webp","screenshots/ai-chatbot-assistant-askeasy-6447290444/cover.webp","screenshots/ai-chatbot-assistant-askeasy-6447290444/paywall-screen-2.webp|screenshots/ai-chatbot-assistant-askeasy-6447290444/paywall-screen-3.webp","https://www.paywallpro.app/apps/AI-ChatBot-Assistant:-AskEasy-us?id=210&utm_source=github&utm_medium=open_dataset&utm_campaign=paywall_gallery","https://www.paywallpro.app/apps/AI-ChatBot-Assistant:-AskEasy-us?id=210&utm_source=github&utm_medium=open_dataset&utm_campaign=paywall_gallery","2026-06-05"
"1365223384","America's Test Kitchen","America's Test Kitchen LP","Food & Drink","52723","180","6.5.1","2026-01-26","4","6","0","Free Trial - Soft Paywall","1 offer set across month, year","1","apps/america-s-test-kitchen-1365223384.md","screenshots/america-s-test-kitchen-1365223384/cover.webp","screenshots/america-s-test-kitchen-1365223384/cover.webp","screenshots/america-s-test-kitchen-1365223384/paywall-screen-2.webp|screenshots/america-s-test-kitchen-1365223384/paywall-screen-3.webp","https://www.paywallpro.app/apps/America's-Test-Kitchen-us?id=760984&utm_source=github&utm_medium=open_dataset&utm_campaign=paywall_gallery","https://www.paywallpro.app/apps/America's-Test-Kitchen-us?id=760984&utm_source=github&utm_medium=open_dataset&utm_campaign=paywall_gallery","2026-06-05"
"6447049042","Mooze - Relaxing & Antistress","Calm & Relax Zone","Lifestyle","52371","166","1.3.8","2023-12-27","1","8","0","Free Trial - Soft Paywall","1 offer set across week, month, year","1","apps/mooze-relaxing-and-antistress-6447049042.md","screenshots/mooze-relaxing-and-antistress-6447049042/cover.webp","screenshots/mooze-relaxing-and-antistress-6447049042/cover.webp","screenshots/mooze-relaxing-and-antistress-6447049042/paywall-screen-2.webp|screenshots/mooze-relaxing-and-antistress-6447049042/paywall-screen-3.webp","https://www.paywallpro.app/apps/Mooze---Relaxing-&-Antistress-us?id=2950&utm_source=github&utm_medium=open_dataset&utm_campaign=paywall_gallery","https://www.paywallpro.app/apps/Mooze---Relaxing-&-Antistress-us?id=2950&utm_source=github&utm_medium=open_dataset&utm_campaign=paywall_gallery","2026-06-05"
"1076159017","Home Planner AI：Room Design 3D","Room Planner Ltd","Lifestyle","52197","28","12.72","2025-09-11","2","14","8","No Free Trial - Soft Paywall","1 offer set across week, month, half year","1","apps/home-planner-ai-room-design-3d-1076159017.md","screenshots/home-planner-ai-room-design-3d-1076159017/cover.webp","screenshots/home-planner-ai-room-design-3d-1076159017/cover.webp","screenshots/home-planner-ai-room-design-3d-1076159017/paywall-screen-2.webp|screenshots/home-planner-ai-room-design-3d-1076159017/paywall-screen-3.webp","https://www.paywallpro.app/apps/Home-Planner-AI%EF%BC%9ARoom-Design-3D-us?id=564&utm_source=github&utm_medium=open_dataset&utm_campaign=paywall_gallery","https://www.paywallpro.app/apps/Home-Planner-AI%EF%BC%9ARoom-Design-3D-us?id=564&utm_source=github&utm_medium=open_dataset&utm_campaign=paywall_gallery","2026-06-05"
"341232718","MyFitnessPal: Calorie Counter","MyFitnessPal, Inc.","Health & Fitness","52154","8","26.4.1","2026-01-29","4","20","8","Free Trial - Soft Paywall","1 offer set across month, year","1","apps/myfitnesspal-calorie-counter-341232718.md","screenshots/myfitnesspal-calorie-counter-341232718/cover.webp","screenshots/myfitnesspal-calorie-counter-341232718/cover.webp","screenshots/myfitnesspal-calorie-counter-341232718/paywall-screen-2.webp|screenshots/myfitnesspal-calorie-counter-341232718/paywall-screen-3.webp","https://www.paywallpro.app/apps/MyFitnessPal:-Calorie-Counter-us?id=20&utm_source=github&utm_medium=open_dataset&utm_campaign=paywall_gallery","https://www.paywallpro.app/apps/MyFitnessPal:-Calorie-Counter-us?id=20&utm_source=github&utm_medium=open_dataset&utm_campaign=paywall_gallery","2026-06-05"
"1403783779","Language Learning - Ling","SIMYA LABS COMPANY LIMITED","Education","52004","169","7.8.1","2025-10-23","3","20","10","Free Trial - Soft Paywall","2 offer sets across month, half year, year, one-time purchase","2","apps/language-learning-ling-1403783779.md","screenshots/language-learning-ling-1403783779/cover.webp","screenshots/language-learning-ling-1403783779/cover.webp","screenshots/language-learning-ling-1403783779/paywall-monthly-14-99.webp|screenshots/language-learning-ling-1403783779/paywall-screen-3.webp","https://www.paywallpro.app/apps/Language-Learning---Ling-us?id=14257&utm_source=github&utm_medium=open_dataset&utm_campaign=paywall_gallery","https://www.paywallpro.app/apps/Language-Learning---Ling-us?id=14257&utm_source=github&utm_medium=open_dataset&utm_campaign=paywall_gallery","2026-06-05"
"1422875903","LifeLock Identity","Gen Digital Inc.","Finance","51971","200","2.4.2","2025-09-12","1","0","0","No Free Trial - Soft Paywall","4 offer sets across month, year","4","apps/lifelock-identity-1422875903.md","screenshots/lifelock-identity-1422875903/cover.webp","screenshots/lifelock-identity-1422875903/cover.webp","screenshots/lifelock-identity-1422875903/paywall-monthly-17-99.webp|screenshots/lifelock-identity-1422875903/paywall-monthly-9-99.webp","https://www.paywallpro.app/apps/LifeLock-Identity-us?id=842&utm_source=github&utm_medium=open_dataset&utm_campaign=paywall_gallery","https://www.paywallpro.app/apps/LifeLock-Identity-us?id=842&utm_source=github&utm_medium=open_dataset&utm_campaign=paywall_gallery","2026-06-05"
"6445969623","Flipped:Chat with AI Character","SINGAPORE DESERT OASIS TECHNICAL PTE. LIMITED","Entertainment","51858","177","1.7.5","2025-10-01","1","11","11","No Free Trial - Soft Paywall, Currency Paywall","6 offer sets across week, month, year","6","apps/flipped-chat-with-ai-character-6445969623.md","screenshots/flipped-chat-with-ai-character-6445969623/cover.webp","screenshots/flipped-chat-with-ai-character-6445969623/cover.webp","screenshots/flipped-chat-with-ai-character-6445969623/paywall-weekly-4-99.webp|screenshots/flipped-chat-with-ai-character-6445969623/paywall-annual-69-99.webp","https://www.paywallpro.app/apps/Flipped:Chat-with-AI-Character-us?id=1950666&utm_source=github&utm_medium=open_dataset&utm_campaign=paywall_gallery","https://www.paywallpro.app/apps/Flipped:Chat-with-AI-Character-us?id=1950666&utm_source=github&utm_medium=open_dataset&utm_campaign=paywall_gallery","2026-06-05"
"1291962681","Scanner – Scan PDF & Document","Luni","Business","51762","196","2.10.6","2025-08-28","2","9","4","Free Trial - Soft Paywall, No Free Trial - Soft Paywall","3 offer sets across month, year","3","apps/scanner-scan-pdf-and-document-1291962681.md","screenshots/scanner-scan-pdf-and-document-1291962681/cover.webp","screenshots/scanner-scan-pdf-and-document-1291962681/cover.webp","screenshots/scanner-scan-pdf-and-document-1291962681/paywall-annual-69-99.webp|screenshots/scanner-scan-pdf-and-document-1291962681/paywall-monthly-12-99.webp","https://www.paywallpro.app/apps/Scanner-%E2%80%93-Scan-PDF-&-Document-us?id=440&utm_source=github&utm_medium=open_dataset&utm_campaign=paywall_gallery","https://www.paywallpro.app/apps/Scanner-%E2%80%93-Scan-PDF-&-Document-us?id=440&utm_source=github&utm_medium=open_dataset&utm_campaign=paywall_gallery","2026-06-05"
"1373844471","VPN Lumos: Open & Connect USA","LUMOS, OOO","Utilities","51709","18","2.17","2025-03-18","3","10","3","Free Trial - Soft Paywall","3 offer sets across week, month, year, one-time purchase","3","apps/vpn-lumos-open-and-connect-usa-1373844471.md","screenshots/vpn-lumos-open-and-connect-usa-1373844471/cover.webp","screenshots/vpn-lumos-open-and-connect-usa-1373844471/cover.webp","screenshots/vpn-lumos-open-and-connect-usa-1373844471/paywall-weekly-4-99.webp|screenshots/vpn-lumos-open-and-connect-usa-1373844471/paywall-monthly-19-99.webp","https://www.paywallpro.app/apps/VPN-Lumos:-Open-&-Connect-USA-us?id=235269&utm_source=github&utm_medium=open_dataset&utm_campaign=paywall_gallery","https://www.paywallpro.app/apps/VPN-Lumos:-Open-&-Connect-USA-us?id=235269&utm_source=github&utm_medium=open_dataset&utm_campaign=paywall_gallery","2026-06-05"
"1553283646","memoryOS: Memory Games","Encoder Inc.","Education","51644","179","1.4.2","2025-10-24","2","2","11","No Free Trial - Soft Paywall","1 offer set across month, year","1","apps/memoryos-memory-games-1553283646.md","screenshots/memoryos-memory-games-1553283646/cover.webp","screenshots/memoryos-memory-games-1553283646/cover.webp","screenshots/memoryos-memory-games-1553283646/paywall-screen-2.webp|screenshots/memoryos-memory-games-1553283646/paywall-screen-3.webp","https://www.paywallpro.app/apps/memoryOS:-Memory-Games-us?id=1238373&utm_source=github&utm_medium=open_dataset&utm_campaign=paywall_gallery","https://www.paywallpro.app/apps/memoryOS:-Memory-Games-us?id=1238373&utm_source=github&utm_medium=open_dataset&utm_campaign=paywall_gallery","2026-06-05"
"1481275761","The Sculpt Society","THE SCULPT SOCIETY LLC","Health & Fitness","51388","99","8.360.20","2025-09-08","2","6","4","Free Trial - Soft Paywall","1 offer set across month, year","1","apps/the-sculpt-society-1481275761.md","screenshots/the-sculpt-society-1481275761/cover.webp","screenshots/the-sculpt-society-1481275761/cover.webp","screenshots/the-sculpt-society-1481275761/paywall-screen-2.webp|screenshots/the-sculpt-society-1481275761/paywall-screen-3.webp","https://www.paywallpro.app/apps/The-Sculpt-Society-us?id=747&utm_source=github&utm_medium=open_dataset&utm_campaign=paywall_gallery","https://www.paywallpro.app/apps/The-Sculpt-Society-us?id=747&utm_source=github&utm_medium=open_dataset&utm_campaign=paywall_gallery","2026-06-05"
"1567841142","BoldVoice: Accent Training","Wellocution Inc.","Education","51336","47","2.6.8","2024-08-24","1","35","0","Free Trial - Soft Paywall","3 offer sets across month, year","3","apps/boldvoice-accent-training-1567841142.md","screenshots/boldvoice-accent-training-1567841142/cover.webp","screenshots/boldvoice-accent-training-1567841142/cover.webp","screenshots/boldvoice-accent-training-1567841142/paywall-annual-149-99-199-99.webp|screenshots/boldvoice-accent-training-1567841142/paywall-annual-149-99.webp","https://www.paywallpro.app/apps/BoldVoice:-Accent-Training-us?id=905&utm_source=github&utm_medium=open_dataset&utm_campaign=paywall_gallery","https://www.paywallpro.app/apps/BoldVoice:-Accent-Training-us?id=905&utm_source=github&utm_medium=open_dataset&utm_campaign=paywall_gallery","2026-06-05"
"1051902027","Budge World: Learning & Fun","Budge Studios","Education","51122","198","2025.5.0","2025-09-02","2","5","3","No Free Trial - Soft Paywall","1 offer set across month, year","1","apps/budge-world-learning-and-fun-1051902027.md","screenshots/budge-world-learning-and-fun-1051902027/cover.webp","screenshots/budge-world-learning-and-fun-1051902027/cover.webp","screenshots/budge-world-learning-and-fun-1051902027/paywall-screen-2.webp|screenshots/budge-world-learning-and-fun-1051902027/paywall-screen-3.webp","https://www.paywallpro.app/apps/Budge-World:-Learning-&-Fun-us?id=15202&utm_source=github&utm_medium=open_dataset&utm_campaign=paywall_gallery","https://www.paywallpro.app/apps/Budge-World:-Learning-&-Fun-us?id=15202&utm_source=github&utm_medium=open_dataset&utm_campaign=paywall_gallery","2026-06-05"
"6456411698","AllConvert Kit - Image & Video","赞 田","Utilities","51092","114","3.3","2024-12-11","1","6","0","Free Trial - Soft Paywall","2 offer sets across week, year","2","apps/allconvert-kit-image-and-video-6456411698.md","screenshots/allconvert-kit-image-and-video-6456411698/cover.webp","screenshots/allconvert-kit-image-and-video-6456411698/cover.webp","screenshots/allconvert-kit-image-and-video-6456411698/paywall-weekly-19-99.webp|screenshots/allconvert-kit-image-and-video-6456411698/paywall-screen-3.webp","https://www.paywallpro.app/apps/AllConvert-Kit---Image-&-Video-us?id=1221033&utm_source=github&utm_medium=open_dataset&utm_campaign=paywall_gallery","https://www.paywallpro.app/apps/AllConvert-Kit---Image-&-Video-us?id=1221033&utm_source=github&utm_medium=open_dataset&utm_campaign=paywall_gallery","2026-06-05"
"1584764976","QR Code Reader＊Barcode Scanner","VISARGERD, S.L.","Utilities","50791","87","4.4.0","2025-08-27","3","0","9","No Free Trial - Soft Paywall","1 offer set across week, month","1","apps/qr-code-reader-barcode-scanner-1584764976.md","screenshots/qr-code-reader-barcode-scanner-1584764976/cover.webp","screenshots/qr-code-reader-barcode-scanner-1584764976/cover.webp","screenshots/qr-code-reader-barcode-scanner-1584764976/paywall-screen-2.webp|screenshots/qr-code-reader-barcode-scanner-1584764976/paywall-screen-3.webp","https://www.paywallpro.app/apps/QR-Code-Reader%EF%BC%8ABarcode-Scanner-us?id=199779&utm_source=github&utm_medium=open_dataset&utm_campaign=paywall_gallery","https://www.paywallpro.app/apps/QR-Code-Reader%EF%BC%8ABarcode-Scanner-us?id=199779&utm_source=github&utm_medium=open_dataset&utm_campaign=paywall_gallery","2026-06-05"
"1458640095","Super Simple - Kids Songs","Skyship Entertainment","Education","50751","187","2.4.1","2025-12-11","5","3","4","Free Trial - Soft Paywall","1 offer set across month, half year, year","1","apps/super-simple-kids-songs-1458640095.md","screenshots/super-simple-kids-songs-1458640095/cover.webp","screenshots/super-simple-kids-songs-1458640095/cover.webp","screenshots/super-simple-kids-songs-1458640095/paywall-screen-2.webp|screenshots/super-simple-kids-songs-1458640095/paywall-screen-3.webp","https://www.paywallpro.app/apps/Super-Simple---Kids-Songs-us?id=760987&utm_source=github&utm_medium=open_dataset&utm_campaign=paywall_gallery","https://www.paywallpro.app/apps/Super-Simple---Kids-Songs-us?id=760987&utm_source=github&utm_medium=open_dataset&utm_campaign=paywall_gallery","2026-06-05"
"1164423781","Gronda: Recipes for Chefs","Gronda GmbH","Food & Drink","50659","195","8.3.1","2026-01-13","3","21","9","Free Trial - Soft Paywall, No Free Trial - Soft Paywall","3 offer sets across month, year","3","apps/gronda-recipes-for-chefs-1164423781.md","screenshots/gronda-recipes-for-chefs-1164423781/cover.webp","screenshots/gronda-recipes-for-chefs-1164423781/cover.webp","screenshots/gronda-recipes-for-chefs-1164423781/paywall-monthly-9-99.webp|screenshots/gronda-recipes-for-chefs-1164423781/paywall-monthly-9-99-2.webp","https://www.paywallpro.app/apps/Gronda:-Recipes-for-Chefs-us?id=235267&utm_source=github&utm_medium=open_dataset&utm_campaign=paywall_gallery","https://www.paywallpro.app/apps/Gronda:-Recipes-for-Chefs-us?id=235267&utm_source=github&utm_medium=open_dataset&utm_campaign=paywall_gallery","2026-06-05"
"782746890","Trucker Path: Truck GPS & Fuel","Trucker Path Inc.","Navigation","50575","45","6.8.2","2025-11-08","4","9","5","Free Trial - Soft Paywall","1 offer set across month, half year, year","1","apps/trucker-path-truck-gps-and-fuel-782746890.md","screenshots/trucker-path-truck-gps-and-fuel-782746890/cover.webp","screenshots/trucker-path-truck-gps-and-fuel-782746890/cover.webp","screenshots/trucker-path-truck-gps-and-fuel-782746890/paywall-screen-2.webp|screenshots/trucker-path-truck-gps-and-fuel-782746890/paywall-screen-3.webp","https://www.paywallpro.app/apps/Trucker-Path:-Truck-GPS-&-Fuel-us?id=120&utm_source=github&utm_medium=open_dataset&utm_campaign=paywall_gallery","https://www.paywallpro.app/apps/Trucker-Path:-Truck-GPS-&-Fuel-us?id=120&utm_source=github&utm_medium=open_dataset&utm_campaign=paywall_gallery","2026-06-05"
"839285684","Workout for Women: Home & Gym","Fast Builder Limited","Health & Fitness","50529","185","7.3.1","2024-06-17","2","47","0","Free Trial - Soft Paywall, No Free Trial - Soft Paywall","3 offer sets across month, year","3","apps/workout-for-women-home-and-gym-839285684.md","screenshots/workout-for-women-home-and-gym-839285684/cover.webp","screenshots/workout-for-women-home-and-gym-839285684/cover.webp","screenshots/workout-for-women-home-and-gym-839285684/paywall-monthly-19-99.webp|screenshots/workout-for-women-home-and-gym-839285684/paywall-annual-29-99.webp","https://www.paywallpro.app/apps/Workout-for-Women:-Home-&-Gym-us?id=603&utm_source=github&utm_medium=open_dataset&utm_campaign=paywall_gallery","https://www.paywallpro.app/apps/Workout-for-Women:-Home-&-Gym-us?id=603&utm_source=github&utm_medium=open_dataset&utm_campaign=paywall_gallery","2026-06-05"
"6478076952","Eato®: Calorie Tracker","Enerjoy Pte. Ltd.","Health & Fitness","49934","156","1.6.7","2025-09-28","3","68","8","Free Trial - Soft Paywall, No Free Trial - Soft Paywall","2 offer sets across month, year, quarter","2","apps/eato-calorie-tracker-6478076952.md","screenshots/eato-calorie-tracker-6478076952/cover.webp","screenshots/eato-calorie-tracker-6478076952/cover.webp","screenshots/eato-calorie-tracker-6478076952/paywall-monthly-19-99.webp|screenshots/eato-calorie-tracker-6478076952/paywall-screen-3.webp","https://www.paywallpro.app/apps/Eato%C2%AE:-Calorie-Tracker-us?id=763&utm_source=github&utm_medium=open_dataset&utm_campaign=paywall_gallery","https://www.paywallpro.app/apps/Eato%C2%AE:-Calorie-Tracker-us?id=763&utm_source=github&utm_medium=open_dataset&utm_campaign=paywall_gallery","2026-06-05"
"1596550932","NGL: ask me anything","NGL Labs, LLC","Lifestyle","49908","37","6.2.79","2025-10-07","2","6","5","No Free Trial - Soft Paywall","1 offer set across week","1","apps/ngl-ask-me-anything-1596550932.md","screenshots/ngl-ask-me-anything-1596550932/cover.webp","screenshots/ngl-ask-me-anything-1596550932/cover.webp","screenshots/ngl-ask-me-anything-1596550932/paywall-screen-2.webp|screenshots/ngl-ask-me-anything-1596550932/paywall-screen-3.webp","https://www.paywallpro.app/apps/NGL:-ask-me-anything-us?id=334&utm_source=github&utm_medium=open_dataset&utm_campaign=paywall_gallery","https://www.paywallpro.app/apps/NGL:-ask-me-anything-us?id=334&utm_source=github&utm_medium=open_dataset&utm_campaign=paywall_gallery","2026-06-05"
"1488127870","Celebs - Celebrity Look Alike","Sociaaal LLC","Photo & Video","49783","190","1.3.55","2025-01-06","1","7","0","Free Trial - Soft Paywall","1 offer set across week","1","apps/celebs-celebrity-look-alike-1488127870.md","screenshots/celebs-celebrity-look-alike-1488127870/cover.webp","screenshots/celebs-celebrity-look-alike-1488127870/cover.webp","screenshots/celebs-celebrity-look-alike-1488127870/paywall-screen-2.webp|screenshots/celebs-celebrity-look-alike-1488127870/paywall-screen-3.webp","https://www.paywallpro.app/apps/Celebs---Celebrity-Look-Alike-us?id=1255746&utm_source=github&utm_medium=open_dataset&utm_campaign=paywall_gallery","https://www.paywallpro.app/apps/Celebs---Celebrity-Look-Alike-us?id=1255746&utm_source=github&utm_medium=open_dataset&utm_campaign=paywall_gallery","2026-06-05"
"1445023295","Deepstash: Smarter Every Day!","Brainstash, Inc","Education","49656","13","20.0.4","2025-10-23","4","29","8","No Free Trial - Soft Paywall","4 offer sets across month, year, quarter, one-time purchase","4","apps/deepstash-smarter-every-day-1445023295.md","screenshots/deepstash-smarter-every-day-1445023295/cover.webp","screenshots/deepstash-smarter-every-day-1445023295/cover.webp","screenshots/deepstash-smarter-every-day-1445023295/paywall-monthly-11-07.webp|screenshots/deepstash-smarter-every-day-1445023295/paywall-annual-39-99.webp","https://www.paywallpro.app/apps/Deepstash:-Smarter-Every-Day!-us?id=232448&utm_source=github&utm_medium=open_dataset&utm_campaign=paywall_gallery","https://www.paywallpro.app/apps/Deepstash:-Smarter-Every-Day!-us?id=232448&utm_source=github&utm_medium=open_dataset&utm_campaign=paywall_gallery","2026-06-05"
"6739276631","AI Catch: AI Video Generator","Prominent Fortune PTE. LTD","Photo & Video","49538","128","1.3.6","2025-12-17","1","2","6","No Free Trial - Soft Paywall, Currency Paywall","2 offer sets across week, year","2","apps/ai-catch-ai-video-generator-6739276631.md","screenshots/ai-catch-ai-video-generator-6739276631/cover.webp","screenshots/ai-catch-ai-video-generator-6739276631/cover.webp","screenshots/ai-catch-ai-video-generator-6739276631/paywall-weekly-4-99.webp|screenshots/ai-catch-ai-video-generator-6739276631/paywall-currency-paywall.webp","https://www.paywallpro.app/apps/AI-Catch:-AI-Video-Generator-us?id=2317625&utm_source=github&utm_medium=open_dataset&utm_campaign=paywall_gallery","https://www.paywallpro.app/apps/AI-Catch:-AI-Video-Generator-us?id=2317625&utm_source=github&utm_medium=open_dataset&utm_campaign=paywall_gallery","2026-06-05"
"399355755","Text Free: Second Phone Number","Pinger, Inc.","Social Networking","49300","14","v12.74","2024-08-13","1","7","0","No Free Trial - Soft Paywall","1 offer set across month","1","apps/text-free-second-phone-number-399355755.md","screenshots/text-free-second-phone-number-399355755/cover.webp","screenshots/text-free-second-phone-number-399355755/cover.webp","screenshots/text-free-second-phone-number-399355755/paywall-screen-2.webp|screenshots/text-free-second-phone-number-399355755/paywall-screen-3.webp","https://www.paywallpro.app/apps/Text-Free:-Second-Phone-Number-us?id=252&utm_source=github&utm_medium=open_dataset&utm_campaign=paywall_gallery","https://www.paywallpro.app/apps/Text-Free:-Second-Phone-Number-us?id=252&utm_source=github&utm_medium=open_dataset&utm_campaign=paywall_gallery","2026-06-05"
"364387007","The Wall Street Journal. News","Dow Jones & Company, Inc., publisher of The Wall Street Journal.","News","49243","11","14.61.1","2026-03-16","7","0","5","No Free Trial - Soft Paywall","1 offer set across month","1","apps/the-wall-street-journal-news-364387007.md","screenshots/the-wall-street-journal-news-364387007/cover.webp","screenshots/the-wall-street-journal-news-364387007/cover.webp","screenshots/the-wall-street-journal-news-364387007/paywall-screen-2.webp|screenshots/the-wall-street-journal-news-364387007/paywall-screen-3.webp","https://www.paywallpro.app/apps/The-Wall-Street-Journal.-News-us?id=114&utm_source=github&utm_medium=open_dataset&utm_campaign=paywall_gallery","https://www.paywallpro.app/apps/The-Wall-Street-Journal.-News-us?id=114&utm_source=github&utm_medium=open_dataset&utm_campaign=paywall_gallery","2026-06-05"
"1663430725","RIZZ","TREND IT LLC","Lifestyle","49112","66","4.3.4","2025-10-11","3","17","3","Free Trial - Soft Paywall","1 offer set across week","1","apps/rizz-1663430725.md","screenshots/rizz-1663430725/cover.webp","screenshots/rizz-1663430725/cover.webp","screenshots/rizz-1663430725/paywall-screen-2.webp|screenshots/rizz-1663430725/paywall-screen-3.webp","https://www.paywallpro.app/apps/RIZZ-us?id=587&utm_source=github&utm_medium=open_dataset&utm_campaign=paywall_gallery","https://www.paywallpro.app/apps/RIZZ-us?id=587&utm_source=github&utm_medium=open_dataset&utm_campaign=paywall_gallery","2026-06-05"
"1630366866","DaVinci - Image Generator AI","HUBX","Photo & Video","49056","95","4.1.1","2025-08-23","2","7","7","Free Trial - Soft Paywall, No Free Trial - Soft Paywall","3 offer sets across week, year","3","apps/davinci-image-generator-ai-1630366866.md","screenshots/davinci-image-generator-ai-1630366866/cover.webp","screenshots/davinci-image-generator-ai-1630366866/cover.webp","screenshots/davinci-image-generator-ai-1630366866/paywall-weekly-0-38.webp|screenshots/davinci-image-generator-ai-1630366866/paywall-weekly-4-99.webp","https://www.paywallpro.app/apps/DaVinci---Image-Generator-AI-us?id=159&utm_source=github&utm_medium=open_dataset&utm_campaign=paywall_gallery","https://www.paywallpro.app/apps/DaVinci---Image-Generator-AI-us?id=159&utm_source=github&utm_medium=open_dataset&utm_campaign=paywall_gallery","2026-06-05"
"469337564","Adobe Acrobat Reader: Edit PDF","Adobe Inc.","Business","48982","12","26.01.10","2026-01-28","7","4","0","Free Trial - Soft Paywall","1 offer set across month, year","1","apps/adobe-acrobat-reader-edit-pdf-469337564.md","screenshots/adobe-acrobat-reader-edit-pdf-469337564/cover.webp","screenshots/adobe-acrobat-reader-edit-pdf-469337564/cover.webp","screenshots/adobe-acrobat-reader-edit-pdf-469337564/paywall-screen-2.webp|screenshots/adobe-acrobat-reader-edit-pdf-469337564/paywall-screen-3.webp","https://www.paywallpro.app/apps/Adobe-Acrobat-Reader:-Edit-PDF-us?id=53&utm_source=github&utm_medium=open_dataset&utm_campaign=paywall_gallery","https://www.paywallpro.app/apps/Adobe-Acrobat-Reader:-Edit-PDF-us?id=53&utm_source=github&utm_medium=open_dataset&utm_campaign=paywall_gallery","2026-06-05"
"398129933","Calculator₊","Impala Studios","Utilities","48796","99","9.24.0","2025-12-29","2","7","4","Free Trial - Soft Paywall","1 offer set across week, year","1","apps/calculator-398129933.md","screenshots/calculator-398129933/cover.webp","screenshots/calculator-398129933/cover.webp","screenshots/calculator-398129933/paywall-screen-2.webp|screenshots/calculator-398129933/paywall-screen-3.webp","https://www.paywallpro.app/apps/Calculator%E2%82%8A-us?id=699&utm_source=github&utm_medium=open_dataset&utm_campaign=paywall_gallery","https://www.paywallpro.app/apps/Calculator%E2%82%8A-us?id=699&utm_source=github&utm_medium=open_dataset&utm_campaign=paywall_gallery","2026-06-05"
"6450329545","AI Calorie Counter - Appediet","Appediet Information PTE. LTD","Health & Fitness","48773","46","1.35.0","2025-03-04","1","28","3","Free Trial - Soft Paywall, No Free Trial - Soft Paywall","4 offer sets across week, month, year","4","apps/ai-calorie-counter-appediet-6450329545.md","screenshots/ai-calorie-counter-appediet-6450329545/cover.webp","screenshots/ai-calorie-counter-appediet-6450329545/cover.webp","screenshots/ai-calorie-counter-appediet-6450329545/paywall-annual-39-99.webp|screenshots/ai-calorie-counter-appediet-6450329545/paywall-monthly-1-67.webp","https://www.paywallpro.app/apps/AI-Calorie-Counter---Appediet-us?id=1520531&utm_source=github&utm_medium=open_dataset&utm_campaign=paywall_gallery","https://www.paywallpro.app/apps/AI-Calorie-Counter---Appediet-us?id=1520531&utm_source=github&utm_medium=open_dataset&utm_campaign=paywall_gallery","2026-06-05"
"1476399789","Rap Fame - Rap Music Studio","Rap Tech Studios","Music","48417","104","2.9.83","2025-10-20","2","10","6","Free Trial - Soft Paywall","2 offer sets across week, month, year","2","apps/rap-fame-rap-music-studio-1476399789.md","screenshots/rap-fame-rap-music-studio-1476399789/cover.webp","screenshots/rap-fame-rap-music-studio-1476399789/cover.webp","screenshots/rap-fame-rap-music-studio-1476399789/paywall-weekly-7-99.webp|screenshots/rap-fame-rap-music-studio-1476399789/paywall-screen-3.webp","https://www.paywallpro.app/apps/Rap-Fame---Rap-Music-Studio-us?id=746&utm_source=github&utm_medium=open_dataset&utm_campaign=paywall_gallery","https://www.paywallpro.app/apps/Rap-Fame---Rap-Music-Studio-us?id=746&utm_source=github&utm_medium=open_dataset&utm_campaign=paywall_gallery","2026-06-05"
"1207424206","Full Code Medical Simulation","Full Code Medical Inc.","Medical","48066","42","3.5.1","2025-08-13","1","0","9","No Free Trial - Soft Paywall","1 offer set across month, year","1","apps/full-code-medical-simulation-1207424206.md","screenshots/full-code-medical-simulation-1207424206/cover.webp","screenshots/full-code-medical-simulation-1207424206/cover.webp","screenshots/full-code-medical-simulation-1207424206/paywall-screen-2.webp|screenshots/full-code-medical-simulation-1207424206/paywall-screen-3.webp","https://www.paywallpro.app/apps/Full-Code-Medical-Simulation-us?id=1428746&utm_source=github&utm_medium=open_dataset&utm_campaign=paywall_gallery","https://www.paywallpro.app/apps/Full-Code-Medical-Simulation-us?id=1428746&utm_source=github&utm_medium=open_dataset&utm_campaign=paywall_gallery","2026-06-05"
"533412119","KidloLand Kids Toddler Games","KidloLand Kids & Toddler Games","Education","48033","175","35.8","2025-11-03","2","8","7","Free Trial - Soft Paywall, No Free Trial - Soft Paywall","3 offer sets across month, year","3","apps/kidloland-kids-toddler-games-533412119.md","screenshots/kidloland-kids-toddler-games-533412119/cover.webp","screenshots/kidloland-kids-toddler-games-533412119/cover.webp","screenshots/kidloland-kids-toddler-games-533412119/paywall-annual-49-99-59-99.webp|screenshots/kidloland-kids-toddler-games-533412119/paywall-monthly-11-99.webp","https://www.paywallpro.app/apps/KidloLand-Kids-Toddler-Games-us?id=917&utm_source=github&utm_medium=open_dataset&utm_campaign=paywall_gallery","https://www.paywallpro.app/apps/KidloLand-Kids-Toddler-Games-us?id=917&utm_source=github&utm_medium=open_dataset&utm_campaign=paywall_gallery","2026-06-05"
"1475875470","Fachat: Chat & Community","静雯 关","Social Networking","47953","115","6.1.1","2025-09-28","1","0","9","Currency Paywall","Not available in preview","0","apps/fachat-chat-and-community-1475875470.md","screenshots/fachat-chat-and-community-1475875470/cover.webp","screenshots/fachat-chat-and-community-1475875470/cover.webp","screenshots/fachat-chat-and-community-1475875470/paywall-screen-2.webp|screenshots/fachat-chat-and-community-1475875470/paywall-screen-3.webp","https://www.paywallpro.app/apps/Fachat:-Chat-&-Community-us?id=21828&utm_source=github&utm_medium=open_dataset&utm_campaign=paywall_gallery","https://www.paywallpro.app/apps/Fachat:-Chat-&-Community-us?id=21828&utm_source=github&utm_medium=open_dataset&utm_campaign=paywall_gallery","2026-06-05"
"1446224156","Fitness AI Gym Workout Planner","FitnessAI Inc.","Health & Fitness","47792","199","15.1","2025-12-31","2","20","4","No Free Trial - Soft Paywall","1 offer set across month, year, quarter","1","apps/fitness-ai-gym-workout-planner-1446224156.md","screenshots/fitness-ai-gym-workout-planner-1446224156/cover.webp","screenshots/fitness-ai-gym-workout-planner-1446224156/cover.webp","screenshots/fitness-ai-gym-workout-planner-1446224156/paywall-screen-2.webp|screenshots/fitness-ai-gym-workout-planner-1446224156/paywall-screen-3.webp","https://www.paywallpro.app/apps/Fitness-AI-Gym-Workout-Planner-us?id=439&utm_source=github&utm_medium=open_dataset&utm_campaign=paywall_gallery","https://www.paywallpro.app/apps/Fitness-AI-Gym-Workout-Planner-us?id=439&utm_source=github&utm_medium=open_dataset&utm_campaign=paywall_gallery","2026-06-05"
"1247275033","Unfold: Reels & Story Maker","Squarespace, Inc.","Photo & Video","47605","162","8.145.0","2025-09-09","3","2","8","No Free Trial - Soft Paywall, Free Trial - Soft Paywall","2 offer sets across month, year","2","apps/unfold-reels-and-story-maker-1247275033.md","screenshots/unfold-reels-and-story-maker-1247275033/cover.webp","screenshots/unfold-reels-and-story-maker-1247275033/cover.webp","screenshots/unfold-reels-and-story-maker-1247275033/paywall-monthly-4-99-12-99.webp|screenshots/unfold-reels-and-story-maker-1247275033/paywall-monthly-4-99-12-99-2.webp","https://www.paywallpro.app/apps/Unfold:-Reels-&-Story-Maker-us?id=605&utm_source=github&utm_medium=open_dataset&utm_campaign=paywall_gallery","https://www.paywallpro.app/apps/Unfold:-Reels-&-Story-Maker-us?id=605&utm_source=github&utm_medium=open_dataset&utm_campaign=paywall_gallery","2026-06-05"
"1176125504","Justin Guitar Lessons & Songs","Musopia","Education","47553","189","3.20.3","2025-05-28","4","3","0","Free Trial - Soft Paywall","1 offer set across month, year, one-time purchase","1","apps/justin-guitar-lessons-and-songs-1176125504.md","screenshots/justin-guitar-lessons-and-songs-1176125504/cover.webp","screenshots/justin-guitar-lessons-and-songs-1176125504/cover.webp","screenshots/justin-guitar-lessons-and-songs-1176125504/paywall-screen-2.webp|screenshots/justin-guitar-lessons-and-songs-1176125504/paywall-screen-3.webp","https://www.paywallpro.app/apps/Justin-Guitar-Lessons-&-Songs-us?id=744&utm_source=github&utm_medium=open_dataset&utm_campaign=paywall_gallery","https://www.paywallpro.app/apps/Justin-Guitar-Lessons-&-Songs-us?id=744&utm_source=github&utm_medium=open_dataset&utm_campaign=paywall_gallery","2026-06-05"
"475976577","Perfect365: Face Makeup Editor","Perfect365, Inc.","Lifestyle","47501","200","10.6.18","2025-10-10","4","6","6","Free Trial - Soft Paywall","1 offer set across month, year","1","apps/perfect365-face-makeup-editor-475976577.md","screenshots/perfect365-face-makeup-editor-475976577/cover.webp","screenshots/perfect365-face-makeup-editor-475976577/cover.webp","screenshots/perfect365-face-makeup-editor-475976577/paywall-screen-2.webp|screenshots/perfect365-face-makeup-editor-475976577/paywall-screen-3.webp","https://www.paywallpro.app/apps/Perfect365:-Face-Makeup-Editor-us?id=936&utm_source=github&utm_medium=open_dataset&utm_campaign=paywall_gallery","https://www.paywallpro.app/apps/Perfect365:-Face-Makeup-Editor-us?id=936&utm_source=github&utm_medium=open_dataset&utm_campaign=paywall_gallery","2026-06-05"
"1103530261","Precious - Baby Photo Art","Curious Creators Co.","Lifestyle","47241","191","3.37.0","2024-05-20","1","10","0","Free Trial - Soft Paywall","1 offer set across week, year","1","apps/precious-baby-photo-art-1103530261.md","screenshots/precious-baby-photo-art-1103530261/cover.webp","screenshots/precious-baby-photo-art-1103530261/cover.webp","screenshots/precious-baby-photo-art-1103530261/paywall-screen-2.webp|screenshots/precious-baby-photo-art-1103530261/paywall-screen-3.webp","https://www.paywallpro.app/apps/Precious---Baby-Photo-Art-us?id=38757&utm_source=github&utm_medium=open_dataset&utm_campaign=paywall_gallery","https://www.paywallpro.app/apps/Precious---Baby-Photo-Art-us?id=38757&utm_source=github&utm_medium=open_dataset&utm_campaign=paywall_gallery","2026-06-05"
"879915134","MBC Shahid","MBC Group","Entertainment","47172","193","7.104.1","2026-01-06","5","0","8","No Free Trial - Soft Paywall","1 offer set across month","1","apps/mbc-shahid-879915134.md","screenshots/mbc-shahid-879915134/cover.webp","screenshots/mbc-shahid-879915134/cover.webp","screenshots/mbc-shahid-879915134/paywall-screen-2.webp|screenshots/mbc-shahid-879915134/paywall-screen-3.webp","https://www.paywallpro.app/apps/MBC-Shahid-us?id=113&utm_source=github&utm_medium=open_dataset&utm_campaign=paywall_gallery","https://www.paywallpro.app/apps/MBC-Shahid-us?id=113&utm_source=github&utm_medium=open_dataset&utm_campaign=paywall_gallery","2026-06-05"
"1199070742","Podcast App","Evolve Global, Inc.","News","47029","24","6.134.0","2026-01-08","4","6","5","Free Trial - Soft Paywall, No Free Trial - Soft Paywall","2 offer sets across year","2","apps/podcast-app-1199070742.md","screenshots/podcast-app-1199070742/cover.webp","screenshots/podcast-app-1199070742/cover.webp","screenshots/podcast-app-1199070742/paywall-annual-17-49-36-99.webp|screenshots/podcast-app-1199070742/paywall-screen-3.webp","https://www.paywallpro.app/apps/Podcast-App-us?id=794&utm_source=github&utm_medium=open_dataset&utm_campaign=paywall_gallery","https://www.paywallpro.app/apps/Podcast-App-us?id=794&utm_source=github&utm_medium=open_dataset&utm_campaign=paywall_gallery","2026-06-05"
"1553045339","Livly Island - Adopt Cute Pets","cocone ONE corporation","Social Networking","46965","110","2.66.0","2025-09-29","1","30","14","No Free Trial - Soft Paywall","Not available in preview","0","apps/livly-island-adopt-cute-pets-1553045339.md","screenshots/livly-island-adopt-cute-pets-1553045339/cover.webp","screenshots/livly-island-adopt-cute-pets-1553045339/cover.webp","screenshots/livly-island-adopt-cute-pets-1553045339/paywall-no-free-trial-soft-paywall.webp|screenshots/livly-island-adopt-cute-pets-1553045339/paywall-no-free-trial-soft-paywall-2.webp","https://www.paywallpro.app/apps/Livly-Island---Adopt-Cute-Pets-us?id=234329&utm_source=github&utm_medium=open_dataset&utm_campaign=paywall_gallery","https://www.paywallpro.app/apps/Livly-Island---Adopt-Cute-Pets-us?id=234329&utm_source=github&utm_medium=open_dataset&utm_campaign=paywall_gallery","2026-06-05"
"571613512","pdfFiller: edit PDF documents","airSlate, Inc.","Business","46909","169","6.34.0","2025-11-17","3","10","4","Free Trial - Soft Paywall","2 offer sets across month, year","2","apps/pdffiller-edit-pdf-documents-571613512.md","screenshots/pdffiller-edit-pdf-documents-571613512/cover.webp","screenshots/pdffiller-edit-pdf-documents-571613512/cover.webp","screenshots/pdffiller-edit-pdf-documents-571613512/paywall-monthly-20-30-40.webp|screenshots/pdffiller-edit-pdf-documents-571613512/paywall-screen-3.webp","https://www.paywallpro.app/apps/pdfFiller:-edit-PDF-documents-us?id=676&utm_source=github&utm_medium=open_dataset&utm_campaign=paywall_gallery","https://www.paywallpro.app/apps/pdfFiller:-edit-PDF-documents-us?id=676&utm_source=github&utm_medium=open_dataset&utm_campaign=paywall_gallery","2026-06-05"
"397599894","The Atlantic Magazine","The Atlantic Monthly Group LLC","News","46890","17","7.6.13","2025-10-24","3","0","9","Free Trial - Soft Paywall","1 offer set across month, year","1","apps/the-atlantic-magazine-397599894.md","screenshots/the-atlantic-magazine-397599894/cover.webp","screenshots/the-atlantic-magazine-397599894/cover.webp","screenshots/the-atlantic-magazine-397599894/paywall-screen-2.webp|screenshots/the-atlantic-magazine-397599894/paywall-screen-3.webp","https://www.paywallpro.app/apps/The-Atlantic-Magazine-us?id=5783&utm_source=github&utm_medium=open_dataset&utm_campaign=paywall_gallery","https://www.paywallpro.app/apps/The-Atlantic-Magazine-us?id=5783&utm_source=github&utm_medium=open_dataset&utm_campaign=paywall_gallery","2026-06-05"
"670443321","Epoch Times: Live & Breaking","Epoch Usa Inc","News","46818","44","3.1.13","2026-01-03","6","5","8","No Free Trial - Soft Paywall","1 offer set across month, year","1","apps/epoch-times-live-and-breaking-670443321.md","screenshots/epoch-times-live-and-breaking-670443321/cover.webp","screenshots/epoch-times-live-and-breaking-670443321/cover.webp","screenshots/epoch-times-live-and-breaking-670443321/paywall-screen-2.webp|screenshots/epoch-times-live-and-breaking-670443321/paywall-screen-3.webp","https://www.paywallpro.app/apps/Epoch-Times:-Live-&-Breaking-us?id=707&utm_source=github&utm_medium=open_dataset&utm_campaign=paywall_gallery","https://www.paywallpro.app/apps/Epoch-Times:-Live-&-Breaking-us?id=707&utm_source=github&utm_medium=open_dataset&utm_campaign=paywall_gallery","2026-06-05"
"672904239","I Am Sober","I Am Sober LLC","Lifestyle","46780","46","8.4.4","2025-10-22","3","17","7","Free Trial - Soft Paywall, No Free Trial - Soft Paywall","3 offer sets across month, year","3","apps/i-am-sober-672904239.md","screenshots/i-am-sober-672904239/cover.webp","screenshots/i-am-sober-672904239/cover.webp","screenshots/i-am-sober-672904239/paywall-monthly-9-99.webp|screenshots/i-am-sober-672904239/paywall-annual-29-99.webp","https://www.paywallpro.app/apps/I-Am-Sober-us?id=34985&utm_source=github&utm_medium=open_dataset&utm_campaign=paywall_gallery","https://www.paywallpro.app/apps/I-Am-Sober-us?id=34985&utm_source=github&utm_medium=open_dataset&utm_campaign=paywall_gallery","2026-06-05"
"1459289784","Arlo Secure: Home Security","Arlo Technologies Inc.","Lifestyle","46750","119","6.6.0","2025-11-18","2","0","12","No Free Trial - Soft Paywall","1 offer set across month","1","apps/arlo-secure-home-security-1459289784.md","screenshots/arlo-secure-home-security-1459289784/cover.webp","screenshots/arlo-secure-home-security-1459289784/cover.webp","screenshots/arlo-secure-home-security-1459289784/paywall-screen-2.webp|screenshots/arlo-secure-home-security-1459289784/paywall-screen-3.webp","https://www.paywallpro.app/apps/Arlo-Secure:-Home-Security-us?id=756843&utm_source=github&utm_medium=open_dataset&utm_campaign=paywall_gallery","https://www.paywallpro.app/apps/Arlo-Secure:-Home-Security-us?id=756843&utm_source=github&utm_medium=open_dataset&utm_campaign=paywall_gallery","2026-06-05"
"409838725","Splice - Video Editor & Maker","Bending Spoons Apps ApS","Photo & Video","46713","96","4.28.47","2025-09-08","3","11","3","Free Trial - Soft Paywall","1 offer set across week, year","1","apps/splice-video-editor-and-maker-409838725.md","screenshots/splice-video-editor-and-maker-409838725/cover.webp","screenshots/splice-video-editor-and-maker-409838725/cover.webp","screenshots/splice-video-editor-and-maker-409838725/paywall-screen-2.webp|screenshots/splice-video-editor-and-maker-409838725/paywall-screen-3.webp","https://www.paywallpro.app/apps/Splice---Video-Editor-&-Maker-us?id=74&utm_source=github&utm_medium=open_dataset&utm_campaign=paywall_gallery","https://www.paywallpro.app/apps/Splice---Video-Editor-&-Maker-us?id=74&utm_source=github&utm_medium=open_dataset&utm_campaign=paywall_gallery","2026-06-05"
"830286763","Retouch Me: Face, Body Editor","Good Retouch LP","Photo & Video","46651","188","6.3.1","2025-09-05","2","0","12","Free Trial - Soft Paywall, No Free Trial - Soft Paywall","2 offer sets across week, month","2","apps/retouch-me-face-body-editor-830286763.md","screenshots/retouch-me-face-body-editor-830286763/cover.webp","screenshots/retouch-me-face-body-editor-830286763/cover.webp","screenshots/retouch-me-face-body-editor-830286763/paywall-monthly-9-99-29-99-49-99-99-99.webp|screenshots/retouch-me-face-body-editor-830286763/paywall-monthly-9-99-29-99-49-99-99-99-2.webp","https://www.paywallpro.app/apps/Retouch-Me:-Face%2C-Body-Editor-us?id=648&utm_source=github&utm_medium=open_dataset&utm_campaign=paywall_gallery","https://www.paywallpro.app/apps/Retouch-Me:-Face%2C-Body-Editor-us?id=648&utm_source=github&utm_medium=open_dataset&utm_campaign=paywall_gallery","2026-06-05"
"549750492","Dino Fun - Games for kids","Avocado Mobile Inc","Education","46602","121","26.5.8","2025-11-05","3","0","10","Free Trial - Soft Paywall","1 offer set across month, year","1","apps/dino-fun-games-for-kids-549750492.md","screenshots/dino-fun-games-for-kids-549750492/cover.webp","screenshots/dino-fun-games-for-kids-549750492/cover.webp","screenshots/dino-fun-games-for-kids-549750492/paywall-screen-2.webp|screenshots/dino-fun-games-for-kids-549750492/paywall-screen-3.webp","https://www.paywallpro.app/apps/Dino-Fun---Games-for-kids-us?id=13319&utm_source=github&utm_medium=open_dataset&utm_campaign=paywall_gallery","https://www.paywallpro.app/apps/Dino-Fun---Games-for-kids-us?id=13319&utm_source=github&utm_medium=open_dataset&utm_campaign=paywall_gallery","2026-06-05"
"745089947","Brainly: Your Personal Tutor","Brainly sp. z o o","Education","46397","80","4.190.0","2025-10-06","4","0","9","No Free Trial - Soft Paywall","1 offer set across month, year","1","apps/brainly-your-personal-tutor-745089947.md","screenshots/brainly-your-personal-tutor-745089947/cover.webp","screenshots/brainly-your-personal-tutor-745089947/cover.webp","screenshots/brainly-your-personal-tutor-745089947/paywall-screen-2.webp|screenshots/brainly-your-personal-tutor-745089947/paywall-screen-3.webp","https://www.paywallpro.app/apps/Brainly:-Your-Personal-Tutor-us?id=199&utm_source=github&utm_medium=open_dataset&utm_campaign=paywall_gallery","https://www.paywallpro.app/apps/Brainly:-Your-Personal-Tutor-us?id=199&utm_source=github&utm_medium=open_dataset&utm_campaign=paywall_gallery","2026-06-05"
"6462846884","DreameShort - Drama TV","CRATER PTE. LTD.","Entertainment","46220","198","1.28.20","2025-12-04","3","0","12","No Free Trial - Soft Paywall, Currency Paywall","1 offer set across week","1","apps/dreameshort-drama-tv-6462846884.md","screenshots/dreameshort-drama-tv-6462846884/cover.webp","screenshots/dreameshort-drama-tv-6462846884/cover.webp","screenshots/dreameshort-drama-tv-6462846884/paywall-currency-paywall.webp|screenshots/dreameshort-drama-tv-6462846884/paywall-screen-3.webp","https://www.paywallpro.app/apps/DreameShort---Drama-TV-us?id=218&utm_source=github&utm_medium=open_dataset&utm_campaign=paywall_gallery","https://www.paywallpro.app/apps/DreameShort---Drama-TV-us?id=218&utm_source=github&utm_medium=open_dataset&utm_campaign=paywall_gallery","2026-06-05"
"1616691213","LUDEX Sports Card Scanner +TCG","Ludex, LLC","Sports","45886","68","1.6.7","2024-07-17","1","0","0","No Free Trial - Soft Paywall","1 offer set across month, year","1","apps/ludex-sports-card-scanner-tcg-1616691213.md","screenshots/ludex-sports-card-scanner-tcg-1616691213/cover.webp","screenshots/ludex-sports-card-scanner-tcg-1616691213/cover.webp","screenshots/ludex-sports-card-scanner-tcg-1616691213/paywall-screen-2.webp|screenshots/ludex-sports-card-scanner-tcg-1616691213/paywall-screen-3.webp","https://www.paywallpro.app/apps/LUDEX-Sports-Card-Scanner-%2BTCG-us?id=393959&utm_source=github&utm_medium=open_dataset&utm_campaign=paywall_gallery","https://www.paywallpro.app/apps/LUDEX-Sports-Card-Scanner-%2BTCG-us?id=393959&utm_source=github&utm_medium=open_dataset&utm_campaign=paywall_gallery","2026-06-05"
"1575903244","CleanX: Clean Up Storage","TAPSUITE YAZILIM HIZMETLERI ANONIM SIRKETI","Utilities","45856","103","5.0.0","2025-09-11","1","9","6","Free Trial - Soft Paywall","1 offer set across week, year","1","apps/cleanx-clean-up-storage-1575903244.md","screenshots/cleanx-clean-up-storage-1575903244/cover.webp","screenshots/cleanx-clean-up-storage-1575903244/cover.webp","screenshots/cleanx-clean-up-storage-1575903244/paywall-screen-2.webp|screenshots/cleanx-clean-up-storage-1575903244/paywall-screen-3.webp","https://www.paywallpro.app/apps/CleanX:-Clean-Up-Storage-us?id=1950687&utm_source=github&utm_medium=open_dataset&utm_campaign=paywall_gallery","https://www.paywallpro.app/apps/CleanX:-Clean-Up-Storage-us?id=1950687&utm_source=github&utm_medium=open_dataset&utm_campaign=paywall_gallery","2026-06-05"
"1625553531","Remote for Firestick · Fire TV","Netsis Mobile FZCO","Utilities","45756","75","2.0.4","2025-12-15","3","6","4","No Free Trial - Soft Paywall","1 offer set across one-time purchase","1","apps/remote-for-firestick-fire-tv-1625553531.md","screenshots/remote-for-firestick-fire-tv-1625553531/cover.webp","screenshots/remote-for-firestick-fire-tv-1625553531/cover.webp","screenshots/remote-for-firestick-fire-tv-1625553531/paywall-screen-2.webp|screenshots/remote-for-firestick-fire-tv-1625553531/paywall-screen-3.webp","https://www.paywallpro.app/apps/Remote-for-Firestick-%C2%B7-Fire-TV-us?id=2974&utm_source=github&utm_medium=open_dataset&utm_campaign=paywall_gallery","https://www.paywallpro.app/apps/Remote-for-Firestick-%C2%B7-Fire-TV-us?id=2974&utm_source=github&utm_medium=open_dataset&utm_campaign=paywall_gallery","2026-06-05"
"1431955703","Crayola Create and Play: Kids","Crayola","Education","45745","193","2.45.0","2025-06-26","2","19","0","Free Trial - Soft Paywall","1 offer set across year","1","apps/crayola-create-and-play-kids-1431955703.md","screenshots/crayola-create-and-play-kids-1431955703/cover.webp","screenshots/crayola-create-and-play-kids-1431955703/cover.webp","screenshots/crayola-create-and-play-kids-1431955703/paywall-screen-2.webp|screenshots/crayola-create-and-play-kids-1431955703/paywall-screen-3.webp","https://www.paywallpro.app/apps/Crayola-Create-and-Play:-Kids-us?id=597&utm_source=github&utm_medium=open_dataset&utm_campaign=paywall_gallery","https://www.paywallpro.app/apps/Crayola-Create-and-Play:-Kids-us?id=597&utm_source=github&utm_medium=open_dataset&utm_campaign=paywall_gallery","2026-06-05"
"1002043426","Lingokids: Games & Shows","Monkimun Inc","Education","45720","22","26.12.0","2026-03-16","6","2","4","No Free Trial - Soft Paywall","1 offer set across month, year","1","apps/lingokids-games-and-shows-1002043426.md","screenshots/lingokids-games-and-shows-1002043426/cover.webp","screenshots/lingokids-games-and-shows-1002043426/cover.webp","screenshots/lingokids-games-and-shows-1002043426/paywall-screen-2.webp|screenshots/lingokids-games-and-shows-1002043426/paywall-screen-3.webp","https://www.paywallpro.app/apps/Lingokids:-Games-&-Shows-us?id=135&utm_source=github&utm_medium=open_dataset&utm_campaign=paywall_gallery","https://www.paywallpro.app/apps/Lingokids:-Games-&-Shows-us?id=135&utm_source=github&utm_medium=open_dataset&utm_campaign=paywall_gallery","2026-06-05"
"922208952","Course Hero: AI Homework Help","Learneo, Inc.","Education","45664","196","1.10.28","2026-01-08","2","3","7","No Free Trial - Soft Paywall","1 offer set across month, year, quarter","1","apps/course-hero-ai-homework-help-922208952.md","screenshots/course-hero-ai-homework-help-922208952/cover.webp","screenshots/course-hero-ai-homework-help-922208952/cover.webp","screenshots/course-hero-ai-homework-help-922208952/paywall-screen-2.webp|screenshots/course-hero-ai-homework-help-922208952/paywall-screen-3.webp","https://www.paywallpro.app/apps/Course-Hero:-AI-Homework-Help-us?id=297&utm_source=github&utm_medium=open_dataset&utm_campaign=paywall_gallery","https://www.paywallpro.app/apps/Course-Hero:-AI-Homework-Help-us?id=297&utm_source=github&utm_medium=open_dataset&utm_campaign=paywall_gallery","2026-06-05"
"1465934502","Photo Eraser - Remove Objects","AI Photo Editor Lab SRL","Photo & Video","45119","126","3.6","2025-11-13","4","10","3","Free Trial - Soft Paywall","1 offer set across week, year","1","apps/photo-eraser-remove-objects-1465934502.md","screenshots/photo-eraser-remove-objects-1465934502/cover.webp","screenshots/photo-eraser-remove-objects-1465934502/cover.webp","screenshots/photo-eraser-remove-objects-1465934502/paywall-screen-2.webp|screenshots/photo-eraser-remove-objects-1465934502/paywall-screen-3.webp","https://www.paywallpro.app/apps/Photo-Eraser---Remove-Objects-us?id=907&utm_source=github&utm_medium=open_dataset&utm_campaign=paywall_gallery","https://www.paywallpro.app/apps/Photo-Eraser---Remove-Objects-us?id=907&utm_source=github&utm_medium=open_dataset&utm_campaign=paywall_gallery","2026-06-05"
"1532638515","PDF Editor ®","SMM service, s.r.o.","Business","44944","115","3.3.17","2025-10-29","2","7","7","Free Trial - Soft Paywall","2 offer sets across week, year","2","apps/pdf-editor-1532638515.md","screenshots/pdf-editor-1532638515/cover.webp","screenshots/pdf-editor-1532638515/cover.webp","screenshots/pdf-editor-1532638515/paywall-weekly-6-99.webp|screenshots/pdf-editor-1532638515/paywall-weekly-6-99-2.webp","https://www.paywallpro.app/apps/PDF-Editor-%C2%AE-us?id=12362&utm_source=github&utm_medium=open_dataset&utm_campaign=paywall_gallery","https://www.paywallpro.app/apps/PDF-Editor-%C2%AE-us?id=12362&utm_source=github&utm_medium=open_dataset&utm_campaign=paywall_gallery","2026-06-05"
"1438248122","Tuner Pro: Guitar Tuner & Tab","MWM","Music","44822","70","3.19.00","2025-10-13","2","13","4","Free Trial - Soft Paywall","1 offer set across week, year","1","apps/tuner-pro-guitar-tuner-and-tab-1438248122.md","screenshots/tuner-pro-guitar-tuner-and-tab-1438248122/cover.webp","screenshots/tuner-pro-guitar-tuner-and-tab-1438248122/cover.webp","screenshots/tuner-pro-guitar-tuner-and-tab-1438248122/paywall-screen-2.webp|screenshots/tuner-pro-guitar-tuner-and-tab-1438248122/paywall-screen-3.webp","https://www.paywallpro.app/apps/Tuner-Pro:-Guitar-Tuner-&-Tab-us?id=4844&utm_source=github&utm_medium=open_dataset&utm_campaign=paywall_gallery","https://www.paywallpro.app/apps/Tuner-Pro:-Guitar-Tuner-&-Tab-us?id=4844&utm_source=github&utm_medium=open_dataset&utm_campaign=paywall_gallery","2026-06-05"
"913335252","Brilliant: Learn Math & Coding","Brilliant.org","Education","44538","160","8.10.0","2024-09-26","4","16","0","Free Trial - Soft Paywall","1 offer set across year","1","apps/brilliant-learn-math-and-coding-913335252.md","screenshots/brilliant-learn-math-and-coding-913335252/cover.webp","screenshots/brilliant-learn-math-and-coding-913335252/cover.webp","screenshots/brilliant-learn-math-and-coding-913335252/paywall-screen-2.webp|screenshots/brilliant-learn-math-and-coding-913335252/paywall-screen-3.webp","https://www.paywallpro.app/apps/Brilliant:-Learn-Math-&-Coding-us?id=719&utm_source=github&utm_medium=open_dataset&utm_campaign=paywall_gallery","https://www.paywallpro.app/apps/Brilliant:-Learn-Math-&-Coding-us?id=719&utm_source=github&utm_medium=open_dataset&utm_campaign=paywall_gallery","2026-06-05"
"6474288157","AI Skin Scanner - SkinGuru","Conlan Limited","Medical","44356","169","1.0.24","2025-03-14","1","13","2","Free Trial - Soft Paywall","1 offer set across week, year","1","apps/ai-skin-scanner-skinguru-6474288157.md","screenshots/ai-skin-scanner-skinguru-6474288157/cover.webp","screenshots/ai-skin-scanner-skinguru-6474288157/cover.webp","screenshots/ai-skin-scanner-skinguru-6474288157/paywall-screen-2.webp|screenshots/ai-skin-scanner-skinguru-6474288157/paywall-screen-3.webp","https://www.paywallpro.app/apps/AI-Skin-Scanner---SkinGuru-us?id=654087&utm_source=github&utm_medium=open_dataset&utm_campaign=paywall_gallery","https://www.paywallpro.app/apps/AI-Skin-Scanner---SkinGuru-us?id=654087&utm_source=github&utm_medium=open_dataset&utm_campaign=paywall_gallery","2026-06-05"
"6736693162","Virus Protection for Phone","VIRTUAL ADVISORS LIMITED","Utilities","44336","188","1.8","2025-02-12","1","5","0","Free Trial - Soft Paywall","1 offer set across week, year","1","apps/virus-protection-for-phone-6736693162.md","screenshots/virus-protection-for-phone-6736693162/cover.webp","screenshots/virus-protection-for-phone-6736693162/cover.webp","screenshots/virus-protection-for-phone-6736693162/paywall-screen-2.webp|screenshots/virus-protection-for-phone-6736693162/paywall-screen-3.webp","https://www.paywallpro.app/apps/Virus-Protection-for-Phone-us?id=1558655&utm_source=github&utm_medium=open_dataset&utm_campaign=paywall_gallery","https://www.paywallpro.app/apps/Virus-Protection-for-Phone-us?id=1558655&utm_source=github&utm_medium=open_dataset&utm_campaign=paywall_gallery","2026-06-05"
"998411110","Airbrush: Face Photo Editor","PIXOCIAL TECHNOLOGY (SINGAPORE) PTE. LTD.","Photo & Video","44301","34","8.2.0","2026-02-10","4","5","3","Free Trial - Soft Paywall","2 offer sets across week, year","2","apps/airbrush-face-photo-editor-998411110.md","screenshots/airbrush-face-photo-editor-998411110/cover.webp","screenshots/airbrush-face-photo-editor-998411110/cover.webp","screenshots/airbrush-face-photo-editor-998411110/paywall-weekly-7-99.webp|screenshots/airbrush-face-photo-editor-998411110/paywall-weekly-7-99-2.webp","https://www.paywallpro.app/apps/Airbrush:-Face-Photo-Editor-us?id=144&utm_source=github&utm_medium=open_dataset&utm_campaign=paywall_gallery","https://www.paywallpro.app/apps/Airbrush:-Face-Photo-Editor-us?id=144&utm_source=github&utm_medium=open_dataset&utm_campaign=paywall_gallery","2026-06-05"
"718043190","Fantastical Calendar","Flexibits Inc.","Productivity","44271","184","3.8.23","2024-08-14","1","8","0","Free Trial - Soft Paywall","2 offer sets across month, year","2","apps/fantastical-calendar-718043190.md","screenshots/fantastical-calendar-718043190/cover.webp","screenshots/fantastical-calendar-718043190/cover.webp","screenshots/fantastical-calendar-718043190/paywall-monthly-10-49.webp|screenshots/fantastical-calendar-718043190/paywall-screen-3.webp","https://www.paywallpro.app/apps/Fantastical-Calendar-us?id=12363&utm_source=github&utm_medium=open_dataset&utm_campaign=paywall_gallery","https://www.paywallpro.app/apps/Fantastical-Calendar-us?id=12363&utm_source=github&utm_medium=open_dataset&utm_campaign=paywall_gallery","2026-06-05"
"1581164444","CollX: Sports Card Scanner","CollX LLC","Sports","44228","53","2.2.52","2025-10-27","4","6","12","No Free Trial - Soft Paywall","1 offer set across month, year","1","apps/collx-sports-card-scanner-1581164444.md","screenshots/collx-sports-card-scanner-1581164444/cover.webp","screenshots/collx-sports-card-scanner-1581164444/cover.webp","screenshots/collx-sports-card-scanner-1581164444/paywall-screen-2.webp|screenshots/collx-sports-card-scanner-1581164444/paywall-screen-3.webp","https://www.paywallpro.app/apps/CollX:-Sports-Card-Scanner-us?id=1273990&utm_source=github&utm_medium=open_dataset&utm_campaign=paywall_gallery","https://www.paywallpro.app/apps/CollX:-Sports-Card-Scanner-us?id=1273990&utm_source=github&utm_medium=open_dataset&utm_campaign=paywall_gallery","2026-06-05"
"1230394683","Photo Retouch-Object Removal","Shenzhen Tushi Technology Co.,Ltd","Photo & Video","44005","58","5.16","2025-09-12","2","5","2","No Free Trial - Soft Paywall, Free Trial - Soft Paywall","2 offer sets across week, year, one-time purchase","2","apps/photo-retouch-object-removal-1230394683.md","screenshots/photo-retouch-object-removal-1230394683/cover.webp","screenshots/photo-retouch-object-removal-1230394683/cover.webp","screenshots/photo-retouch-object-removal-1230394683/paywall-weekly-4-99.webp|screenshots/photo-retouch-object-removal-1230394683/paywall-screen-3.webp","https://www.paywallpro.app/apps/Photo-Retouch-Object-Removal-us?id=932&utm_source=github&utm_medium=open_dataset&utm_campaign=paywall_gallery","https://www.paywallpro.app/apps/Photo-Retouch-Object-Removal-us?id=932&utm_source=github&utm_medium=open_dataset&utm_campaign=paywall_gallery","2026-06-05"
"1073624757","Chordify: Songs, Chords, Tuner","Chordify BV","Music","43734","156","8.17.0","2025-11-03","6","6","9","No Free Trial - Soft Paywall","1 offer set across month, year","1","apps/chordify-songs-chords-tuner-1073624757.md","screenshots/chordify-songs-chords-tuner-1073624757/cover.webp","screenshots/chordify-songs-chords-tuner-1073624757/cover.webp","screenshots/chordify-songs-chords-tuner-1073624757/paywall-screen-2.webp|screenshots/chordify-songs-chords-tuner-1073624757/paywall-screen-3.webp","https://www.paywallpro.app/apps/Chordify:-Songs%2C-Chords%2C-Tuner-us?id=860&utm_source=github&utm_medium=open_dataset&utm_campaign=paywall_gallery","https://www.paywallpro.app/apps/Chordify:-Songs%2C-Chords%2C-Tuner-us?id=860&utm_source=github&utm_medium=open_dataset&utm_campaign=paywall_gallery","2026-06-05"
"1458749093","LEGO® DUPLO® World","StoryToys Limited","Education","43723","147","26.2.0","2024-08-16","2","13","0","No Free Trial - Soft Paywall","1 offer set across month, year","1","apps/lego-duplo-world-1458749093.md","screenshots/lego-duplo-world-1458749093/cover.webp","screenshots/lego-duplo-world-1458749093/cover.webp","screenshots/lego-duplo-world-1458749093/paywall-screen-2.webp|screenshots/lego-duplo-world-1458749093/paywall-screen-3.webp","https://www.paywallpro.app/apps/LEGO%C2%AE-DUPLO%C2%AE-World-us?id=671&utm_source=github&utm_medium=open_dataset&utm_campaign=paywall_gallery","https://www.paywallpro.app/apps/LEGO%C2%AE-DUPLO%C2%AE-World-us?id=671&utm_source=github&utm_medium=open_dataset&utm_campaign=paywall_gallery","2026-06-05"
"328453619","Care.com: Hire Caregivers","Care.com, Inc.","Lifestyle","43615","199","22.13","2025-09-10","1","16","8","Currency Paywall","Not available in preview","0","apps/care-com-hire-caregivers-328453619.md","screenshots/care-com-hire-caregivers-328453619/cover.webp","screenshots/care-com-hire-caregivers-328453619/cover.webp","screenshots/care-com-hire-caregivers-328453619/paywall-screen-2.webp|screenshots/care-com-hire-caregivers-328453619/paywall-screen-3.webp","https://www.paywallpro.app/apps/Care.com:-Hire-Caregivers-us?id=216&utm_source=github&utm_medium=open_dataset&utm_campaign=paywall_gallery","https://www.paywallpro.app/apps/Care.com:-Hire-Caregivers-us?id=216&utm_source=github&utm_medium=open_dataset&utm_campaign=paywall_gallery","2026-06-05"
"946659216","Betternet VPN: Best VPN Proxy","Betternet LLC","Productivity","43409","102","6.19.0","2024-09-13","1","5","0","Free Trial - Soft Paywall","1 offer set across month, year","1","apps/betternet-vpn-best-vpn-proxy-946659216.md","screenshots/betternet-vpn-best-vpn-proxy-946659216/cover.webp","screenshots/betternet-vpn-best-vpn-proxy-946659216/cover.webp","screenshots/betternet-vpn-best-vpn-proxy-946659216/paywall-screen-2.webp|screenshots/betternet-vpn-best-vpn-proxy-946659216/paywall-screen-3.webp","https://www.paywallpro.app/apps/Betternet-VPN:-Best-VPN-Proxy-us?id=4828&utm_source=github&utm_medium=open_dataset&utm_campaign=paywall_gallery","https://www.paywallpro.app/apps/Betternet-VPN:-Best-VPN-Proxy-us?id=4828&utm_source=github&utm_medium=open_dataset&utm_campaign=paywall_gallery","2026-06-05"
"1480383173","Fonts Art: Keyboard for iPhone","AIBY","Utilities","43379","57","3.55","2024-06-14","2","7","0","Free Trial - Soft Paywall","1 offer set across week, year","1","apps/fonts-art-keyboard-for-iphone-1480383173.md","screenshots/fonts-art-keyboard-for-iphone-1480383173/cover.webp","screenshots/fonts-art-keyboard-for-iphone-1480383173/cover.webp","screenshots/fonts-art-keyboard-for-iphone-1480383173/paywall-screen-2.webp|screenshots/fonts-art-keyboard-for-iphone-1480383173/paywall-screen-3.webp","https://www.paywallpro.app/apps/Fonts-Art:-Keyboard-for-iPhone-us?id=450&utm_source=github&utm_medium=open_dataset&utm_campaign=paywall_gallery","https://www.paywallpro.app/apps/Fonts-Art:-Keyboard-for-iPhone-us?id=450&utm_source=github&utm_medium=open_dataset&utm_campaign=paywall_gallery","2026-06-05"
"1596089614","PhotoApp - AI Photo Enhancer","SCALEUP YAZILIM HIZMETLERI","Photo & Video","43282","78","2.8.0","2025-09-01","4","9","6","Free Trial - Soft Paywall, No Free Trial - Soft Paywall","2 offer sets across week, year","2","apps/photoapp-ai-photo-enhancer-1596089614.md","screenshots/photoapp-ai-photo-enhancer-1596089614/cover.webp","screenshots/photoapp-ai-photo-enhancer-1596089614/cover.webp","screenshots/photoapp-ai-photo-enhancer-1596089614/paywall-weekly-4-99-6-99.webp|screenshots/photoapp-ai-photo-enhancer-1596089614/paywall-screen-3.webp","https://www.paywallpro.app/apps/PhotoApp---AI-Photo-Enhancer-us?id=590&utm_source=github&utm_medium=open_dataset&utm_campaign=paywall_gallery","https://www.paywallpro.app/apps/PhotoApp---AI-Photo-Enhancer-us?id=590&utm_source=github&utm_medium=open_dataset&utm_campaign=paywall_gallery","2026-06-05"
"1064216828","Reddit","REDDIT, INC.","News","43207","2","2026.02.1","2026-01-14","3","5","15","No Free Trial - Soft Paywall","1 offer set across month, year","1","apps/reddit-1064216828.md","screenshots/reddit-1064216828/cover.webp","screenshots/reddit-1064216828/cover.webp","screenshots/reddit-1064216828/paywall-screen-2.webp|screenshots/reddit-1064216828/paywall-screen-3.webp","https://www.paywallpro.app/apps/Reddit-us?id=620&utm_source=github&utm_medium=open_dataset&utm_campaign=paywall_gallery","https://www.paywallpro.app/apps/Reddit-us?id=620&utm_source=github&utm_medium=open_dataset&utm_campaign=paywall_gallery","2026-06-05"
"448142450","Truecaller: Premium Caller ID","True Software Scandinavia AB","Utilities","43178","41","12.94","2024-05-20","1","2","0","Free Trial - Soft Paywall","2 offer sets across month, year","2","apps/truecaller-premium-caller-id-448142450.md","screenshots/truecaller-premium-caller-id-448142450/cover.webp","screenshots/truecaller-premium-caller-id-448142450/cover.webp","screenshots/truecaller-premium-caller-id-448142450/paywall-monthly-4-49.webp|screenshots/truecaller-premium-caller-id-448142450/paywall-screen-3.webp","https://www.paywallpro.app/apps/Truecaller:-Premium-Caller-ID-us?id=8588&utm_source=github&utm_medium=open_dataset&utm_campaign=paywall_gallery","https://www.paywallpro.app/apps/Truecaller:-Premium-Caller-ID-us?id=8588&utm_source=github&utm_medium=open_dataset&utm_campaign=paywall_gallery","2026-06-05"
"922744883","SmartGym: Gym & Home Workouts","Mateus Abras","Health & Fitness","43177","115","7.3.4","2024-05-08","1","10","0","No Free Trial - Soft Paywall","5 offer sets across month, year","5","apps/smartgym-gym-and-home-workouts-922744883.md","screenshots/smartgym-gym-and-home-workouts-922744883/cover.webp","screenshots/smartgym-gym-and-home-workouts-922744883/cover.webp","screenshots/smartgym-gym-and-home-workouts-922744883/paywall-monthly-24-99.webp|screenshots/smartgym-gym-and-home-workouts-922744883/paywall-monthly-44-99.webp","https://www.paywallpro.app/apps/SmartGym:-Gym-&-Home-Workouts-us?id=3912&utm_source=github&utm_medium=open_dataset&utm_campaign=paywall_gallery","https://www.paywallpro.app/apps/SmartGym:-Gym-&-Home-Workouts-us?id=3912&utm_source=github&utm_medium=open_dataset&utm_campaign=paywall_gallery","2026-06-05"
"6443834097","ChatSpace - Chat, Talk & Fun","Coshi","Social Networking","43084","197","0.1.14","2024-12-16","1","0","5","Currency Paywall","Not available in preview","0","apps/chatspace-chat-talk-and-fun-6443834097.md","screenshots/chatspace-chat-talk-and-fun-6443834097/cover.webp","screenshots/chatspace-chat-talk-and-fun-6443834097/cover.webp","screenshots/chatspace-chat-talk-and-fun-6443834097/paywall-screen-2.webp|screenshots/chatspace-chat-talk-and-fun-6443834097/paywall-screen-3.webp","https://www.paywallpro.app/apps/ChatSpace---Chat%2C-Talk-&-Fun-us?id=1962963&utm_source=github&utm_medium=open_dataset&utm_campaign=paywall_gallery","https://www.paywallpro.app/apps/ChatSpace---Chat%2C-Talk-&-Fun-us?id=1962963&utm_source=github&utm_medium=open_dataset&utm_campaign=paywall_gallery","2026-06-05"
"1064020872","Foodvisor - AI Calorie Counter","Foodvisor","Health & Fitness","43083","178","7.1.0","2024-08-19","2","63","0","No Free Trial - Soft Paywall, Free Trial - Soft Paywall","3 offer sets across month, year","3","apps/foodvisor-ai-calorie-counter-1064020872.md","screenshots/foodvisor-ai-calorie-counter-1064020872/cover.webp","screenshots/foodvisor-ai-calorie-counter-1064020872/cover.webp","screenshots/foodvisor-ai-calorie-counter-1064020872/paywall-annual-83-99.webp|screenshots/foodvisor-ai-calorie-counter-1064020872/paywall-annual-23-99.webp","https://www.paywallpro.app/apps/Foodvisor---AI-Calorie-Counter-us?id=635&utm_source=github&utm_medium=open_dataset&utm_campaign=paywall_gallery","https://www.paywallpro.app/apps/Foodvisor---AI-Calorie-Counter-us?id=635&utm_source=github&utm_medium=open_dataset&utm_campaign=paywall_gallery","2026-06-05"
"6445919810","‎Smart Printer App: iPrint","Rhythmix OU","Business","43071","183","1.3.8","2024-07-31","2","11","0","Free Trial - Soft Paywall","1 offer set across week, year","1","apps/smart-printer-app-iprint-6445919810.md","screenshots/smart-printer-app-iprint-6445919810/cover.webp","screenshots/smart-printer-app-iprint-6445919810/cover.webp","screenshots/smart-printer-app-iprint-6445919810/paywall-screen-2.webp|screenshots/smart-printer-app-iprint-6445919810/paywall-screen-3.webp","https://www.paywallpro.app/apps/%E2%80%8ESmart-Printer-App:-iPrint-us?id=774&utm_source=github&utm_medium=open_dataset&utm_campaign=paywall_gallery","https://www.paywallpro.app/apps/%E2%80%8ESmart-Printer-App:-iPrint-us?id=774&utm_source=github&utm_medium=open_dataset&utm_campaign=paywall_gallery","2026-06-05"
"1663862037","Lens AI & Identifier・EveryScan","Conlan Limited","Reference","42951","15","2.0.19","2025-02-07","2","6","0","Free Trial - Soft Paywall","1 offer set across week, year","1","apps/lens-ai-and-identifier-everyscan-1663862037.md","screenshots/lens-ai-and-identifier-everyscan-1663862037/cover.webp","screenshots/lens-ai-and-identifier-everyscan-1663862037/cover.webp","screenshots/lens-ai-and-identifier-everyscan-1663862037/paywall-screen-2.webp|screenshots/lens-ai-and-identifier-everyscan-1663862037/paywall-screen-3.webp","https://www.paywallpro.app/apps/Lens-AI-&-Identifier%E3%83%BBEveryScan-us?id=196953&utm_source=github&utm_medium=open_dataset&utm_campaign=paywall_gallery","https://www.paywallpro.app/apps/Lens-AI-&-Identifier%E3%83%BBEveryScan-us?id=196953&utm_source=github&utm_medium=open_dataset&utm_campaign=paywall_gallery","2026-06-05"
"1016562846","Rokie - Remote for Roku Player","KRAFTWERK 9 LTD","Utilities","42883","50","1.7.8","2025-12-02","2","3","0","Free Trial - Soft Paywall","1 offer set across week, year","1","apps/rokie-remote-for-roku-player-1016562846.md","screenshots/rokie-remote-for-roku-player-1016562846/cover.webp","screenshots/rokie-remote-for-roku-player-1016562846/cover.webp","screenshots/rokie-remote-for-roku-player-1016562846/paywall-screen-2.webp|screenshots/rokie-remote-for-roku-player-1016562846/paywall-screen-3.webp","https://www.paywallpro.app/apps/Rokie---Remote-for-Roku-Player-us?id=861&utm_source=github&utm_medium=open_dataset&utm_campaign=paywall_gallery","https://www.paywallpro.app/apps/Rokie---Remote-for-Roku-Player-us?id=861&utm_source=github&utm_medium=open_dataset&utm_campaign=paywall_gallery","2026-06-05"
"388627783","CamScanner - PDF Scanner App","INTSIG Information Co., Ltd","Productivity","42740","29","7.12.0","2026-02-09","3","6","8","Free Trial - Soft Paywall, No Free Trial - Soft Paywall","2 offer sets across year","2","apps/camscanner-pdf-scanner-app-388627783.md","screenshots/camscanner-pdf-scanner-app-388627783/cover.webp","screenshots/camscanner-pdf-scanner-app-388627783/cover.webp","screenshots/camscanner-pdf-scanner-app-388627783/paywall-annual-69-99.webp|screenshots/camscanner-pdf-scanner-app-388627783/paywall-screen-3.webp","https://www.paywallpro.app/apps/CamScanner---PDF-Scanner-App-us?id=196&utm_source=github&utm_medium=open_dataset&utm_campaign=paywall_gallery","https://www.paywallpro.app/apps/CamScanner---PDF-Scanner-App-us?id=196&utm_source=github&utm_medium=open_dataset&utm_campaign=paywall_gallery","2026-06-05"
"1554939382","Uplens: Photo & Video Editor","MPGames","Photo & Video","42700","173","3.1.4","2025-05-12","3","6","4","Free Trial - Soft Paywall","2 offer sets across week, month, year","2","apps/uplens-photo-and-video-editor-1554939382.md","screenshots/uplens-photo-and-video-editor-1554939382/cover.webp","screenshots/uplens-photo-and-video-editor-1554939382/cover.webp","screenshots/uplens-photo-and-video-editor-1554939382/paywall-monthly-5-99.webp|screenshots/uplens-photo-and-video-editor-1554939382/paywall-screen-3.webp","https://www.paywallpro.app/apps/Uplens:-Photo-&-Video-Editor-us?id=849&utm_source=github&utm_medium=open_dataset&utm_campaign=paywall_gallery","https://www.paywallpro.app/apps/Uplens:-Photo-&-Video-Editor-us?id=849&utm_source=github&utm_medium=open_dataset&utm_campaign=paywall_gallery","2026-06-05"
"1039845801","MyScreen - Live Wallpapers","Live Wallpapers","Lifestyle","42621","67","2.84","2025-02-28","1","7","0","Free Trial - Soft Paywall","1 offer set across week, year","1","apps/myscreen-live-wallpapers-1039845801.md","screenshots/myscreen-live-wallpapers-1039845801/cover.webp","screenshots/myscreen-live-wallpapers-1039845801/cover.webp","screenshots/myscreen-live-wallpapers-1039845801/paywall-screen-2.webp|screenshots/myscreen-live-wallpapers-1039845801/paywall-screen-3.webp","https://www.paywallpro.app/apps/MyScreen---Live-Wallpapers-us?id=4848&utm_source=github&utm_medium=open_dataset&utm_campaign=paywall_gallery","https://www.paywallpro.app/apps/MyScreen---Live-Wallpapers-us?id=4848&utm_source=github&utm_medium=open_dataset&utm_campaign=paywall_gallery","2026-06-05"
"1358823008","Flighty – Live Flight Tracker","Flighty LLC","Travel","42386","87","4.6.1","2025-09-22","4","0","10","No Free Trial - Soft Paywall","3 offer sets across week, year, one-time purchase","3","apps/flighty-live-flight-tracker-1358823008.md","screenshots/flighty-live-flight-tracker-1358823008/cover.webp","screenshots/flighty-live-flight-tracker-1358823008/cover.webp","screenshots/flighty-live-flight-tracker-1358823008/paywall-weekly-4-99.webp|screenshots/flighty-live-flight-tracker-1358823008/paywall-one-time-purchase-299.webp","https://www.paywallpro.app/apps/Flighty-%E2%80%93-Live-Flight-Tracker-us?id=325&utm_source=github&utm_medium=open_dataset&utm_campaign=paywall_gallery","https://www.paywallpro.app/apps/Flighty-%E2%80%93-Live-Flight-Tracker-us?id=325&utm_source=github&utm_medium=open_dataset&utm_campaign=paywall_gallery","2026-06-05"
"6472039857","Nail Salon Games for Kids 2-5","JMH Developers OU","Education","42331","0","1.0.1","2024-04-16","1","5","3","Free Trial - Soft Paywall","2 offer sets across week, month, year","2","apps/nail-salon-games-for-kids-2-5-6472039857.md","screenshots/nail-salon-games-for-kids-2-5-6472039857/cover.webp","screenshots/nail-salon-games-for-kids-2-5-6472039857/cover.webp","screenshots/nail-salon-games-for-kids-2-5-6472039857/paywall-weekly-9-99.webp|screenshots/nail-salon-games-for-kids-2-5-6472039857/paywall-screen-3.webp","https://www.paywallpro.app/apps/Nail-Salon-Games-for-Kids-2-5-us?id=1952054&utm_source=github&utm_medium=open_dataset&utm_campaign=paywall_gallery","https://www.paywallpro.app/apps/Nail-Salon-Games-for-Kids-2-5-us?id=1952054&utm_source=github&utm_medium=open_dataset&utm_campaign=paywall_gallery","2026-06-05"
"6480253221","Authenticator ® App","MatechMobile Software JSC","Productivity","42306","135","2.6.1","2025-11-18","3","7","7","Free Trial - Soft Paywall","2 offer sets across week, month, one-time purchase","2","apps/authenticator-app-6480253221.md","screenshots/authenticator-app-6480253221/cover.webp","screenshots/authenticator-app-6480253221/cover.webp","screenshots/authenticator-app-6480253221/paywall-weekly-9-99.webp|screenshots/authenticator-app-6480253221/paywall-screen-3.webp","https://www.paywallpro.app/apps/Authenticator-%C2%AE-App-us?id=1142474&utm_source=github&utm_medium=open_dataset&utm_campaign=paywall_gallery","https://www.paywallpro.app/apps/Authenticator-%C2%AE-App-us?id=1142474&utm_source=github&utm_medium=open_dataset&utm_campaign=paywall_gallery","2026-06-05"
"6599839203","PixVerse: AI Video Generator","MOTIVAI PRIVATE LIMITED","Photo & Video","42223","42","2.0.2","2025-04-25","3","0","0","No Free Trial - Soft Paywall","1 offer set across year","1","apps/pixverse-ai-video-generator-6599839203.md","screenshots/pixverse-ai-video-generator-6599839203/cover.webp","screenshots/pixverse-ai-video-generator-6599839203/cover.webp","screenshots/pixverse-ai-video-generator-6599839203/paywall-screen-2.webp|screenshots/pixverse-ai-video-generator-6599839203/paywall-screen-3.webp","https://www.paywallpro.app/apps/PixVerse:-AI-Video-Generator-us?id=1320340&utm_source=github&utm_medium=open_dataset&utm_campaign=paywall_gallery","https://www.paywallpro.app/apps/PixVerse:-AI-Video-Generator-us?id=1320340&utm_source=github&utm_medium=open_dataset&utm_campaign=paywall_gallery","2026-06-05"
"6449443337","HOF: Sports Stats & Data","Hall of Fame Bets Inc.","Sports","42088","25","3.6.0","2025-10-12","2","9","0","Free Trial - Soft Paywall","1 offer set across month, year","1","apps/hof-sports-stats-and-data-6449443337.md","screenshots/hof-sports-stats-and-data-6449443337/cover.webp","screenshots/hof-sports-stats-and-data-6449443337/cover.webp","screenshots/hof-sports-stats-and-data-6449443337/paywall-screen-2.webp|screenshots/hof-sports-stats-and-data-6449443337/paywall-screen-3.webp","https://www.paywallpro.app/apps/HOF:-Sports-Stats-&-Data-us?id=940427&utm_source=github&utm_medium=open_dataset&utm_campaign=paywall_gallery","https://www.paywallpro.app/apps/HOF:-Sports-Stats-&-Data-us?id=940427&utm_source=github&utm_medium=open_dataset&utm_campaign=paywall_gallery","2026-06-05"
"1671843069","BeautyUp－AI Face & Body Editor","EXITEK LTD","Photo & Video","41901","164","2.320.0","2025-02-01","2","7","0","Free Trial - Soft Paywall","2 offer sets across week, year","2","apps/beautyup-ai-face-and-body-editor-1671843069.md","screenshots/beautyup-ai-face-and-body-editor-1671843069/cover.webp","screenshots/beautyup-ai-face-and-body-editor-1671843069/cover.webp","screenshots/beautyup-ai-face-and-body-editor-1671843069/paywall-weekly-9-99.webp|screenshots/beautyup-ai-face-and-body-editor-1671843069/paywall-screen-3.webp","https://www.paywallpro.app/apps/BeautyUp%EF%BC%8DAI-Face-&-Body-Editor-us?id=326306&utm_source=github&utm_medium=open_dataset&utm_campaign=paywall_gallery","https://www.paywallpro.app/apps/BeautyUp%EF%BC%8DAI-Face-&-Body-Editor-us?id=326306&utm_source=github&utm_medium=open_dataset&utm_campaign=paywall_gallery","2026-06-05"
"1439623630","sendit - get it now","iconic hearts holdings, inc.","Social Networking","41562","161","27.1.2","2025-10-24","3","4","9","No Free Trial - Soft Paywall","1 offer set across week","1","apps/sendit-get-it-now-1439623630.md","screenshots/sendit-get-it-now-1439623630/cover.webp","screenshots/sendit-get-it-now-1439623630/cover.webp","screenshots/sendit-get-it-now-1439623630/paywall-screen-2.webp|screenshots/sendit-get-it-now-1439623630/paywall-screen-3.webp","https://www.paywallpro.app/apps/sendit---get-it-now-us?id=296&utm_source=github&utm_medium=open_dataset&utm_campaign=paywall_gallery","https://www.paywallpro.app/apps/sendit---get-it-now-us?id=296&utm_source=github&utm_medium=open_dataset&utm_campaign=paywall_gallery","2026-06-05"
"6743615403","OpusClip - AI video clipping","OpusClip","Photo & Video","41391","45","1.1.4","2025-12-17","1","6","3","No Free Trial - Soft Paywall","1 offer set across month, year","1","apps/opusclip-ai-video-clipping-6743615403.md","screenshots/opusclip-ai-video-clipping-6743615403/cover.webp","screenshots/opusclip-ai-video-clipping-6743615403/cover.webp","screenshots/opusclip-ai-video-clipping-6743615403/paywall-screen-2.webp|screenshots/opusclip-ai-video-clipping-6743615403/paywall-screen-3.webp","https://www.paywallpro.app/apps/OpusClip---AI-video-clipping-us?id=2439993&utm_source=github&utm_medium=open_dataset&utm_campaign=paywall_gallery","https://www.paywallpro.app/apps/OpusClip---AI-video-clipping-us?id=2439993&utm_source=github&utm_medium=open_dataset&utm_campaign=paywall_gallery","2026-06-05"
"1391524277","Jotform - Form, Sign & Survey","Jotform Inc","Business","41376","197","2.10.6","2024-10-04","2","0","0","No Free Trial - Soft Paywall","1 offer set across month, year","1","apps/jotform-form-sign-and-survey-1391524277.md","screenshots/jotform-form-sign-and-survey-1391524277/cover.webp","screenshots/jotform-form-sign-and-survey-1391524277/cover.webp","screenshots/jotform-form-sign-and-survey-1391524277/paywall-screen-2.webp|screenshots/jotform-form-sign-and-survey-1391524277/paywall-screen-3.webp","https://www.paywallpro.app/apps/Jotform---Form%2C-Sign-&-Survey-us?id=18982&utm_source=github&utm_medium=open_dataset&utm_campaign=paywall_gallery","https://www.paywallpro.app/apps/Jotform---Form%2C-Sign-&-Survey-us?id=18982&utm_source=github&utm_medium=open_dataset&utm_campaign=paywall_gallery","2026-06-05"
"600520752","Hushed: US Second Phone Number","AffinityClick Inc.","Utilities","41148","47","5.29.4","2025-09-15","2","0","9","Credit Paywall","Not available in preview","0","apps/hushed-us-second-phone-number-600520752.md","screenshots/hushed-us-second-phone-number-600520752/cover.webp","screenshots/hushed-us-second-phone-number-600520752/cover.webp","screenshots/hushed-us-second-phone-number-600520752/paywall-screen-2.webp|screenshots/hushed-us-second-phone-number-600520752/paywall-screen-3.webp","https://www.paywallpro.app/apps/Hushed:-US-Second-Phone-Number-us?id=582&utm_source=github&utm_medium=open_dataset&utm_campaign=paywall_gallery","https://www.paywallpro.app/apps/Hushed:-US-Second-Phone-Number-us?id=582&utm_source=github&utm_medium=open_dataset&utm_campaign=paywall_gallery","2026-06-05"
"923441570","codeSpark - Coding for Kids","Homer","Education","41114","149","4.25.00","2025-08-27","3","16","0","Free Trial - Hard Paywall","1 offer set across month, year","1","apps/codespark-coding-for-kids-923441570.md","screenshots/codespark-coding-for-kids-923441570/cover.webp","screenshots/codespark-coding-for-kids-923441570/cover.webp","screenshots/codespark-coding-for-kids-923441570/paywall-screen-2.webp|screenshots/codespark-coding-for-kids-923441570/paywall-screen-3.webp","https://www.paywallpro.app/apps/codeSpark---Coding-for-Kids-us?id=591&utm_source=github&utm_medium=open_dataset&utm_campaign=paywall_gallery","https://www.paywallpro.app/apps/codeSpark---Coding-for-Kids-us?id=591&utm_source=github&utm_medium=open_dataset&utm_campaign=paywall_gallery","2026-06-05"
"707189889","Starfall","Starfall Education Foundation","Education","41098","193","3.3.32","2025-10-21","1","0","9","No Free Trial - Soft Paywall","1 offer set across month","1","apps/starfall-707189889.md","screenshots/starfall-707189889/cover.webp","screenshots/starfall-707189889/cover.webp","screenshots/starfall-707189889/paywall-screen-2.webp|screenshots/starfall-707189889/paywall-screen-3.webp","https://www.paywallpro.app/apps/Starfall-us?id=7664&utm_source=github&utm_medium=open_dataset&utm_campaign=paywall_gallery","https://www.paywallpro.app/apps/Starfall-us?id=7664&utm_source=github&utm_medium=open_dataset&utm_campaign=paywall_gallery","2026-06-05"
"1459611740","CooMeet","Gartwell LTD","Social Networking","40700","60","1.1.63","2025-07-19","1","0","7","No Free Trial - Soft Paywall","1 offer set across month, half year, quarter","1","apps/coomeet-1459611740.md","screenshots/coomeet-1459611740/cover.webp","screenshots/coomeet-1459611740/cover.webp","screenshots/coomeet-1459611740/paywall-screen-2.webp|screenshots/coomeet-1459611740/paywall-screen-3.webp","https://www.paywallpro.app/apps/CooMeet-us?id=807&utm_source=github&utm_medium=open_dataset&utm_campaign=paywall_gallery","https://www.paywallpro.app/apps/CooMeet-us?id=807&utm_source=github&utm_medium=open_dataset&utm_campaign=paywall_gallery","2026-06-05"
"6754450703","HeyStar-AI Photo Editor","Chongqing Cuyi Technology Co., Ltd","Utilities","40596","0","1.5.3","2026-03-25","1","5","6","No Free Trial - Soft Paywall, Currency Paywall","1 offer set across week, year","1","apps/heystar-ai-photo-editor-6754450703.md","screenshots/heystar-ai-photo-editor-6754450703/cover.webp","screenshots/heystar-ai-photo-editor-6754450703/cover.webp","screenshots/heystar-ai-photo-editor-6754450703/paywall-currency-paywall.webp|screenshots/heystar-ai-photo-editor-6754450703/paywall-screen-3.webp","https://www.paywallpro.app/apps/HeyStar-AI-Photo-Editor-us?id=2643179&utm_source=github&utm_medium=open_dataset&utm_campaign=paywall_gallery","https://www.paywallpro.app/apps/HeyStar-AI-Photo-Editor-us?id=2643179&utm_source=github&utm_medium=open_dataset&utm_campaign=paywall_gallery","2026-06-05"
"1130411958","TotalAV","Total Security Limited","Utilities","40504","184","2.4.1","2025-12-04","2","7","4","No Free Trial - Soft Paywall","1 offer set across month, year","1","apps/totalav-1130411958.md","screenshots/totalav-1130411958/cover.webp","screenshots/totalav-1130411958/cover.webp","screenshots/totalav-1130411958/paywall-screen-2.webp|screenshots/totalav-1130411958/paywall-screen-3.webp","https://www.paywallpro.app/apps/TotalAV-us?id=915&utm_source=github&utm_medium=open_dataset&utm_campaign=paywall_gallery","https://www.paywallpro.app/apps/TotalAV-us?id=915&utm_source=github&utm_medium=open_dataset&utm_campaign=paywall_gallery","2026-06-05"
"6740024098","Pollo AI - AI Video Generator","COCOSOFT TECHNOLOGY PTE. LTD.","Photo & Video","40482","99","2.7.2","2025-12-15","1","0","10","No Free Trial - Soft Paywall","1 offer set across week, year","1","apps/pollo-ai-ai-video-generator-6740024098.md","screenshots/pollo-ai-ai-video-generator-6740024098/cover.webp","screenshots/pollo-ai-ai-video-generator-6740024098/cover.webp","screenshots/pollo-ai-ai-video-generator-6740024098/paywall-screen-2.webp|screenshots/pollo-ai-ai-video-generator-6740024098/paywall-screen-3.webp","https://www.paywallpro.app/apps/Pollo-AI---AI-Video-Generator-us?id=1955259&utm_source=github&utm_medium=open_dataset&utm_campaign=paywall_gallery","https://www.paywallpro.app/apps/Pollo-AI---AI-Video-Generator-us?id=1955259&utm_source=github&utm_medium=open_dataset&utm_campaign=paywall_gallery","2026-06-05"
"1658514439","Forma: PDF Document Editor","BPMobile","Productivity","40289","190","1.16","2024-08-02","2","9","0","Free Trial - Soft Paywall","1 offer set across week, year","1","apps/forma-pdf-document-editor-1658514439.md","screenshots/forma-pdf-document-editor-1658514439/cover.webp","screenshots/forma-pdf-document-editor-1658514439/cover.webp","screenshots/forma-pdf-document-editor-1658514439/paywall-screen-2.webp|screenshots/forma-pdf-document-editor-1658514439/paywall-screen-3.webp","https://www.paywallpro.app/apps/Forma:-PDF-Document-Editor-us?id=755&utm_source=github&utm_medium=open_dataset&utm_campaign=paywall_gallery","https://www.paywallpro.app/apps/Forma:-PDF-Document-Editor-us?id=755&utm_source=github&utm_medium=open_dataset&utm_campaign=paywall_gallery","2026-06-05"
"1484587490","MM: Elite Premium Dating App","MillionaireMatch Inc","Social Networking","40249","199","5.5.5","2024-09-26","1","3","0","No Free Trial - Soft Paywall","1 offer set across month, half year, quarter","1","apps/mm-elite-premium-dating-app-1484587490.md","screenshots/mm-elite-premium-dating-app-1484587490/cover.webp","screenshots/mm-elite-premium-dating-app-1484587490/cover.webp","screenshots/mm-elite-premium-dating-app-1484587490/paywall-screen-2.webp|screenshots/mm-elite-premium-dating-app-1484587490/paywall-screen-3.webp","https://www.paywallpro.app/apps/MM:-Elite-Premium-Dating-App-us?id=2990&utm_source=github&utm_medium=open_dataset&utm_campaign=paywall_gallery","https://www.paywallpro.app/apps/MM:-Elite-Premium-Dating-App-us?id=2990&utm_source=github&utm_medium=open_dataset&utm_campaign=paywall_gallery","2026-06-05"
"360466413","Cricbuzz Live Cricket Scores","Cricbuzz.com","Sports","40118","198","16.3","2025-10-20","2","0","6","No Free Trial - Soft Paywall","1 offer set across month, year","1","apps/cricbuzz-live-cricket-scores-360466413.md","screenshots/cricbuzz-live-cricket-scores-360466413/cover.webp","screenshots/cricbuzz-live-cricket-scores-360466413/cover.webp","screenshots/cricbuzz-live-cricket-scores-360466413/paywall-screen-2.webp|screenshots/cricbuzz-live-cricket-scores-360466413/paywall-screen-3.webp","https://www.paywallpro.app/apps/Cricbuzz-Live-Cricket-Scores-us?id=21327&utm_source=github&utm_medium=open_dataset&utm_campaign=paywall_gallery","https://www.paywallpro.app/apps/Cricbuzz-Live-Cricket-Scores-us?id=21327&utm_source=github&utm_medium=open_dataset&utm_campaign=paywall_gallery","2026-06-05"
"6754893687","Elf Alert: Elf & Santa Camera","Bolandia Creative Inc.","Photo & Video","39755","0","1.9","2025-12-14","1","5","7","Currency Paywall","Not available in preview","0","apps/elf-alert-elf-and-santa-camera-6754893687.md","screenshots/elf-alert-elf-and-santa-camera-6754893687/cover.webp","screenshots/elf-alert-elf-and-santa-camera-6754893687/cover.webp","screenshots/elf-alert-elf-and-santa-camera-6754893687/paywall-screen-2.webp|screenshots/elf-alert-elf-and-santa-camera-6754893687/paywall-screen-3.webp","https://www.paywallpro.app/apps/Elf-Alert:-Elf-&-Santa-Camera-us?id=2605607&utm_source=github&utm_medium=open_dataset&utm_campaign=paywall_gallery","https://www.paywallpro.app/apps/Elf-Alert:-Elf-&-Santa-Camera-us?id=2605607&utm_source=github&utm_medium=open_dataset&utm_campaign=paywall_gallery","2026-06-05"
"6471116525","Spicychat AI: Roleplay Chat","NextDay AI Incorporated","Entertainment","39746","169","1.0.43","2024-11-10","1","0","0","No Free Trial - Soft Paywall","1 offer set across month, year","1","apps/spicychat-ai-roleplay-chat-6471116525.md","screenshots/spicychat-ai-roleplay-chat-6471116525/cover.webp","screenshots/spicychat-ai-roleplay-chat-6471116525/cover.webp","screenshots/spicychat-ai-roleplay-chat-6471116525/paywall-screen-2.webp|screenshots/spicychat-ai-roleplay-chat-6471116525/paywall-screen-3.webp","https://www.paywallpro.app/apps/Spicychat-AI:-Roleplay-Chat-us?id=984462&utm_source=github&utm_medium=open_dataset&utm_campaign=paywall_gallery","https://www.paywallpro.app/apps/Spicychat-AI:-Roleplay-Chat-us?id=984462&utm_source=github&utm_medium=open_dataset&utm_campaign=paywall_gallery","2026-06-05"
"1135157609","Glucose | Blood Sugar Tracker","App Sub 1 LLC","Medical","39361","75","3.2.1","2024-10-02","1","10","0","No Free Trial - Soft Paywall","1 offer set across year","1","apps/glucose-blood-sugar-tracker-1135157609.md","screenshots/glucose-blood-sugar-tracker-1135157609/cover.webp","screenshots/glucose-blood-sugar-tracker-1135157609/cover.webp","screenshots/glucose-blood-sugar-tracker-1135157609/paywall-screen-2.webp|screenshots/glucose-blood-sugar-tracker-1135157609/paywall-screen-3.webp","https://www.paywallpro.app/apps/Glucose-%7C-Blood-Sugar-Tracker-us?id=676503&utm_source=github&utm_medium=open_dataset&utm_campaign=paywall_gallery","https://www.paywallpro.app/apps/Glucose-%7C-Blood-Sugar-Tracker-us?id=676503&utm_source=github&utm_medium=open_dataset&utm_campaign=paywall_gallery","2026-06-05"
"441457218","Photo Lab — AI Image Editor","Linerock Investments LTD","Photo & Video","39350","186","3.12.65","2025-06-23","2","14","0","Free Trial - Soft Paywall","2 offer sets across week, year","2","apps/photo-lab-ai-image-editor-441457218.md","screenshots/photo-lab-ai-image-editor-441457218/cover.webp","screenshots/photo-lab-ai-image-editor-441457218/cover.webp","screenshots/photo-lab-ai-image-editor-441457218/paywall-weekly-7-99.webp|screenshots/photo-lab-ai-image-editor-441457218/paywall-screen-3.webp","https://www.paywallpro.app/apps/Photo-Lab-%E2%80%94-AI-Image-Editor-us?id=667&utm_source=github&utm_medium=open_dataset&utm_campaign=paywall_gallery","https://www.paywallpro.app/apps/Photo-Lab-%E2%80%94-AI-Image-Editor-us?id=667&utm_source=github&utm_medium=open_dataset&utm_campaign=paywall_gallery","2026-06-05"
"1255783056","Buddy.ai: Kids Learning Games","MyBuddy.ai","Education","38944","170","","2026-04-16","1","8","1","Free Trial - Soft Paywall","1 offer set across month, half year","1","apps/buddy-ai-kids-learning-games-1255783056.md","screenshots/buddy-ai-kids-learning-games-1255783056/cover.webp","screenshots/buddy-ai-kids-learning-games-1255783056/cover.webp","screenshots/buddy-ai-kids-learning-games-1255783056/paywall-screen-2.webp|screenshots/buddy-ai-kids-learning-games-1255783056/paywall-screen-3.webp","https://www.paywallpro.app/apps/Buddy.ai:-Kids-Learning-Games-us?id=1951442&utm_source=github&utm_medium=open_dataset&utm_campaign=paywall_gallery","https://www.paywallpro.app/apps/Buddy.ai:-Kids-Learning-Games-us?id=1951442&utm_source=github&utm_medium=open_dataset&utm_campaign=paywall_gallery","2026-06-05"
"1623570895","Kids cooking games 2+ year old","JMH Developers OU","Education","38914","187","1.0.8","2024-02-08","1","4","0","Free Trial - Hard Paywall","1 offer set across week, year","1","apps/kids-cooking-games-2-year-old-1623570895.md","screenshots/kids-cooking-games-2-year-old-1623570895/cover.webp","screenshots/kids-cooking-games-2-year-old-1623570895/cover.webp","screenshots/kids-cooking-games-2-year-old-1623570895/paywall-screen-2.webp|screenshots/kids-cooking-games-2-year-old-1623570895/paywall-screen-3.webp","https://www.paywallpro.app/apps/Kids-cooking-games-2%2B-year-old-us?id=893&utm_source=github&utm_medium=open_dataset&utm_campaign=paywall_gallery","https://www.paywallpro.app/apps/Kids-cooking-games-2%2B-year-old-us?id=893&utm_source=github&utm_medium=open_dataset&utm_campaign=paywall_gallery","2026-06-05"
"893687399","Ride with GPS: Bike Navigation","Ride with GPS","Health & Fitness","38897","165","4.1.4","2026-01-01","2","9","5","Free Trial - Soft Paywall, No Free Trial - Soft Paywall","2 offer sets across month, year","2","apps/ride-with-gps-bike-navigation-893687399.md","screenshots/ride-with-gps-bike-navigation-893687399/cover.webp","screenshots/ride-with-gps-bike-navigation-893687399/cover.webp","screenshots/ride-with-gps-bike-navigation-893687399/paywall-monthly-7-99-9-99.webp|screenshots/ride-with-gps-bike-navigation-893687399/paywall-screen-3.webp","https://www.paywallpro.app/apps/Ride-with-GPS:-Bike-Navigation-us?id=678&utm_source=github&utm_medium=open_dataset&utm_campaign=paywall_gallery","https://www.paywallpro.app/apps/Ride-with-GPS:-Bike-Navigation-us?id=678&utm_source=github&utm_medium=open_dataset&utm_campaign=paywall_gallery","2026-06-05"
"1226057939","Fender Play: Learn Guitar","Fender Digital","Education","38803","80","6.5.1","2024-02-08","1","10","0","No Free Trial - Soft Paywall","1 offer set across month, year","1","apps/fender-play-learn-guitar-1226057939.md","screenshots/fender-play-learn-guitar-1226057939/cover.webp","screenshots/fender-play-learn-guitar-1226057939/cover.webp","screenshots/fender-play-learn-guitar-1226057939/paywall-screen-2.webp|screenshots/fender-play-learn-guitar-1226057939/paywall-screen-3.webp","https://www.paywallpro.app/apps/Fender-Play:-Learn-Guitar-us?id=686&utm_source=github&utm_medium=open_dataset&utm_campaign=paywall_gallery","https://www.paywallpro.app/apps/Fender-Play:-Learn-Guitar-us?id=686&utm_source=github&utm_medium=open_dataset&utm_campaign=paywall_gallery","2026-06-05"
"1114616696","SDC Adult Dating","SDC Media Inc.","Social Networking","38757","103","5.1.5","2025-10-15","1","5","7","No Free Trial - Soft Paywall","1 offer set across month, half year, year, quarter","1","apps/sdc-adult-dating-1114616696.md","screenshots/sdc-adult-dating-1114616696/cover.webp","screenshots/sdc-adult-dating-1114616696/cover.webp","screenshots/sdc-adult-dating-1114616696/paywall-screen-2.webp|screenshots/sdc-adult-dating-1114616696/paywall-screen-3.webp","https://www.paywallpro.app/apps/SDC-Adult-Dating-us?id=760986&utm_source=github&utm_medium=open_dataset&utm_campaign=paywall_gallery","https://www.paywallpro.app/apps/SDC-Adult-Dating-us?id=760986&utm_source=github&utm_medium=open_dataset&utm_campaign=paywall_gallery","2026-06-12"
"685310398","Voice Recorder & Audio Editor","TapMedia Ltd","Utilities","38741","0","6.0.7","2025-05-04","1","5","1","Free Trial - Soft Paywall","1 offer set across month","1","apps/voice-recorder-and-audio-editor-685310398.md","screenshots/voice-recorder-and-audio-editor-685310398/cover.webp","screenshots/voice-recorder-and-audio-editor-685310398/cover.webp","screenshots/voice-recorder-and-audio-editor-685310398/paywall-screen-2.webp|screenshots/voice-recorder-and-audio-editor-685310398/paywall-screen-3.webp","https://www.paywallpro.app/apps/Voice-Recorder-&-Audio-Editor-us?id=1950657&utm_source=github&utm_medium=open_dataset&utm_campaign=paywall_gallery","https://www.paywallpro.app/apps/Voice-Recorder-&-Audio-Editor-us?id=1950657&utm_source=github&utm_medium=open_dataset&utm_campaign=paywall_gallery","2026-06-12"
"300235330","ASICS Runkeeper—Run Tracker","ASICS Runner App, Inc.","Health & Fitness","38740","199","15.11","2024-08-28","1","18","0","No Free Trial - Soft Paywall, Free Trial - Soft Paywall","2 offer sets across month, year","2","apps/asics-runkeeper-run-tracker-300235330.md","screenshots/asics-runkeeper-run-tracker-300235330/cover.webp","screenshots/asics-runkeeper-run-tracker-300235330/cover.webp","screenshots/asics-runkeeper-run-tracker-300235330/paywall-monthly-11-99.webp|screenshots/asics-runkeeper-run-tracker-300235330/paywall-screen-3.webp","https://www.paywallpro.app/apps/ASICS-Runkeeper%E2%80%94Run-Tracker-us?id=748&utm_source=github&utm_medium=open_dataset&utm_campaign=paywall_gallery","https://www.paywallpro.app/apps/ASICS-Runkeeper%E2%80%94Run-Tracker-us?id=748&utm_source=github&utm_medium=open_dataset&utm_campaign=paywall_gallery","2026-06-12"
"876054082","NFL Fantasy Football","NFL Enterprises LLC","Sports","38727","122","3.60.18","2025-11-22","2","0","11","No Free Trial - Soft Paywall","1 offer set across month, year","1","apps/nfl-fantasy-football-876054082.md","screenshots/nfl-fantasy-football-876054082/cover.webp","screenshots/nfl-fantasy-football-876054082/cover.webp","screenshots/nfl-fantasy-football-876054082/paywall-screen-2.webp|screenshots/nfl-fantasy-football-876054082/paywall-screen-3.webp","https://www.paywallpro.app/apps/NFL-Fantasy-Football-us?id=11410&utm_source=github&utm_medium=open_dataset&utm_campaign=paywall_gallery","https://www.paywallpro.app/apps/NFL-Fantasy-Football-us?id=11410&utm_source=github&utm_medium=open_dataset&utm_campaign=paywall_gallery","2026-06-12"
"1485387513","Toca Boca Hair Salon 4","Piknik","Education","38702","90","3.1","2025-12-16","3","0","10","Free Trial - Soft Paywall","1 offer set across month","1","apps/toca-boca-hair-salon-4-1485387513.md","screenshots/toca-boca-hair-salon-4-1485387513/cover.webp","screenshots/toca-boca-hair-salon-4-1485387513/cover.webp","screenshots/toca-boca-hair-salon-4-1485387513/paywall-screen-2.webp|screenshots/toca-boca-hair-salon-4-1485387513/paywall-screen-3.webp","https://www.paywallpro.app/apps/Toca-Boca-Hair-Salon-4-us?id=2986&utm_source=github&utm_medium=open_dataset&utm_campaign=paywall_gallery","https://www.paywallpro.app/apps/Toca-Boca-Hair-Salon-4-us?id=2986&utm_source=github&utm_medium=open_dataset&utm_campaign=paywall_gallery","2026-06-12"
"1158877342","Grammarly: AI Keyboard & Notes","Superhuman Platform Inc","Productivity","38683","37","7.1.0","2025-10-08","2","10","0","Free Trial - Soft Paywall","1 offer set across month, year, quarter","1","apps/grammarly-ai-keyboard-and-notes-1158877342.md","screenshots/grammarly-ai-keyboard-and-notes-1158877342/cover.webp","screenshots/grammarly-ai-keyboard-and-notes-1158877342/cover.webp","screenshots/grammarly-ai-keyboard-and-notes-1158877342/paywall-screen-2.webp|screenshots/grammarly-ai-keyboard-and-notes-1158877342/paywall-screen-3.webp","https://www.paywallpro.app/apps/Grammarly:-AI-Keyboard-&-Notes-us?id=123&utm_source=github&utm_medium=open_dataset&utm_campaign=paywall_gallery","https://www.paywallpro.app/apps/Grammarly:-AI-Keyboard-&-Notes-us?id=123&utm_source=github&utm_medium=open_dataset&utm_campaign=paywall_gallery","2026-06-05"
"1343917374","Dwell: Audio Bible","Dwell App, LLC","Reference","38620","29","2025.10.3","2025-11-01","5","3","7","Free Trial - Soft Paywall","1 offer set across month, year","1","apps/dwell-audio-bible-1343917374.md","screenshots/dwell-audio-bible-1343917374/cover.webp","screenshots/dwell-audio-bible-1343917374/cover.webp","screenshots/dwell-audio-bible-1343917374/paywall-screen-2.webp|screenshots/dwell-audio-bible-1343917374/paywall-screen-3.webp","https://www.paywallpro.app/apps/Dwell:-Audio-Bible-us?id=3902&utm_source=github&utm_medium=open_dataset&utm_campaign=paywall_gallery","https://www.paywallpro.app/apps/Dwell:-Audio-Bible-us?id=3902&utm_source=github&utm_medium=open_dataset&utm_campaign=paywall_gallery","2026-06-12"
"965359176","Salams: Halal Muslim Marriage","Affinity Apps, LLC","Social Networking","38614","190","11.14.0","2025-11-06","3","26","7","No Free Trial - Soft Paywall","2 offer sets across week, month, year, quarter","2","apps/salams-halal-muslim-marriage-965359176.md","screenshots/salams-halal-muslim-marriage-965359176/cover.webp","screenshots/salams-halal-muslim-marriage-965359176/cover.webp","screenshots/salams-halal-muslim-marriage-965359176/paywall-weekly-24-99.webp|screenshots/salams-halal-muslim-marriage-965359176/paywall-screen-3.webp","https://www.paywallpro.app/apps/Salams:-Halal-Muslim-Marriage-us?id=473&utm_source=github&utm_medium=open_dataset&utm_campaign=paywall_gallery","https://www.paywallpro.app/apps/Salams:-Halal-Muslim-Marriage-us?id=473&utm_source=github&utm_medium=open_dataset&utm_campaign=paywall_gallery","2026-06-12"
"1630768985","OnSkin: Beauty Product Scanner","AIBY","Health & Fitness","38534","123","2.6","2024-07-18","2","8","13","Free Trial - Soft Paywall","1 offer set across week, year","1","apps/onskin-beauty-product-scanner-1630768985.md","screenshots/onskin-beauty-product-scanner-1630768985/cover.webp","screenshots/onskin-beauty-product-scanner-1630768985/cover.webp","screenshots/onskin-beauty-product-scanner-1630768985/paywall-screen-2.webp|screenshots/onskin-beauty-product-scanner-1630768985/paywall-screen-3.webp","https://www.paywallpro.app/apps/OnSkin:-Beauty-Product-Scanner-us?id=805&utm_source=github&utm_medium=open_dataset&utm_campaign=paywall_gallery","https://www.paywallpro.app/apps/OnSkin:-Beauty-Product-Scanner-us?id=805&utm_source=github&utm_medium=open_dataset&utm_campaign=paywall_gallery","2026-06-12"
"1635246793","Linemate: Find Your Next Bet","Linemate Inc.","Sports","38462","43","1.23.11","2025-10-05","1","7","8","Free Trial - Soft Paywall","1 offer set across month, year","1","apps/linemate-find-your-next-bet-1635246793.md","screenshots/linemate-find-your-next-bet-1635246793/cover.webp","screenshots/linemate-find-your-next-bet-1635246793/cover.webp","screenshots/linemate-find-your-next-bet-1635246793/paywall-screen-2.webp|screenshots/linemate-find-your-next-bet-1635246793/paywall-screen-3.webp","https://www.paywallpro.app/apps/Linemate:-Find-Your-Next-Bet-us?id=1414121&utm_source=github&utm_medium=open_dataset&utm_campaign=paywall_gallery","https://www.paywallpro.app/apps/Linemate:-Find-Your-Next-Bet-us?id=1414121&utm_source=github&utm_medium=open_dataset&utm_campaign=paywall_gallery","2026-06-12"
"601437586","HOMER: Fun Learning For Kids","Homer","Education","38403","130","11.1.0","2025-09-09","2","20","0","Free Trial - Hard Paywall","1 offer set across month, year","1","apps/homer-fun-learning-for-kids-601437586.md","screenshots/homer-fun-learning-for-kids-601437586/cover.webp","screenshots/homer-fun-learning-for-kids-601437586/cover.webp","screenshots/homer-fun-learning-for-kids-601437586/paywall-screen-2.webp|screenshots/homer-fun-learning-for-kids-601437586/paywall-screen-3.webp","https://www.paywallpro.app/apps/HOMER:-Fun-Learning-For-Kids-us?id=579&utm_source=github&utm_medium=open_dataset&utm_campaign=paywall_gallery","https://www.paywallpro.app/apps/HOMER:-Fun-Learning-For-Kids-us?id=579&utm_source=github&utm_medium=open_dataset&utm_campaign=paywall_gallery","2026-06-12"
"445553058","Viki: Asian Dramas, Movies, TV","ViKi Inc.","Entertainment","38376","130","25.12.0","2026-01-05","6","9","0","Free Trial - Soft Paywall","2 offer sets across month, year","2","apps/viki-asian-dramas-movies-tv-445553058.md","screenshots/viki-asian-dramas-movies-tv-445553058/cover.webp","screenshots/viki-asian-dramas-movies-tv-445553058/cover.webp","screenshots/viki-asian-dramas-movies-tv-445553058/paywall-monthly-7-99.webp|screenshots/viki-asian-dramas-movies-tv-445553058/paywall-screen-3.webp","https://www.paywallpro.app/apps/Viki:-Asian-Dramas%2C-Movies%2C-TV-us?id=132&utm_source=github&utm_medium=open_dataset&utm_campaign=paywall_gallery","https://www.paywallpro.app/apps/Viki:-Asian-Dramas%2C-Movies%2C-TV-us?id=132&utm_source=github&utm_medium=open_dataset&utm_campaign=paywall_gallery","2026-06-12"
"532430574","Happy Scale","Front Pocket Software LLC","Health & Fitness","38342","199","2024.12.3","2024-09-24","1","7","0","Free Trial - Soft Paywall","1 offer set across month, year, one-time purchase","1","apps/happy-scale-532430574.md","screenshots/happy-scale-532430574/cover.webp","screenshots/happy-scale-532430574/cover.webp","screenshots/happy-scale-532430574/paywall-screen-2.webp|screenshots/happy-scale-532430574/paywall-screen-3.webp","https://www.paywallpro.app/apps/Happy-Scale-us?id=613596&utm_source=github&utm_medium=open_dataset&utm_campaign=paywall_gallery","https://www.paywallpro.app/apps/Happy-Scale-us?id=613596&utm_source=github&utm_medium=open_dataset&utm_campaign=paywall_gallery","2026-06-12"
"1419085637","Positive Singles®: Herpes Date","PS Support, Inc","Social Networking","38256","58","5.7.3","2024-05-15","1","15","0","No Free Trial - Soft Paywall","1 offer set across month, half year, quarter","1","apps/positive-singles-herpes-date-1419085637.md","screenshots/positive-singles-herpes-date-1419085637/cover.webp","screenshots/positive-singles-herpes-date-1419085637/cover.webp","screenshots/positive-singles-herpes-date-1419085637/paywall-screen-2.webp|screenshots/positive-singles-herpes-date-1419085637/paywall-screen-3.webp","https://www.paywallpro.app/apps/Positive-Singles%C2%AE:-Herpes-Date-us?id=665&utm_source=github&utm_medium=open_dataset&utm_campaign=paywall_gallery","https://www.paywallpro.app/apps/Positive-Singles%C2%AE:-Herpes-Date-us?id=665&utm_source=github&utm_medium=open_dataset&utm_campaign=paywall_gallery","2026-06-12"
"1022267439","SNOW - AI Profile","SNOW Corporation","Photo & Video","38224","192","14.1.10","2025-04-24","3","0","6","Free Trial - Soft Paywall","2 offer sets across month, year","2","apps/snow-ai-profile-1022267439.md","screenshots/snow-ai-profile-1022267439/cover.webp","screenshots/snow-ai-profile-1022267439/cover.webp","screenshots/snow-ai-profile-1022267439/paywall-annual-35-99.webp|screenshots/snow-ai-profile-1022267439/paywall-screen-3.webp","https://www.paywallpro.app/apps/SNOW---AI-Profile-us?id=27466&utm_source=github&utm_medium=open_dataset&utm_campaign=paywall_gallery","https://www.paywallpro.app/apps/SNOW---AI-Profile-us?id=27466&utm_source=github&utm_medium=open_dataset&utm_campaign=paywall_gallery","2026-06-12"
"1454275199","The Criterion Channel","The Criterion Collection, Inc.","Entertainment","38209","80","9.200.1","2025-09-06","2","3","4","Free Trial - Soft Paywall","1 offer set across month, year","1","apps/the-criterion-channel-1454275199.md","screenshots/the-criterion-channel-1454275199/cover.webp","screenshots/the-criterion-channel-1454275199/cover.webp","screenshots/the-criterion-channel-1454275199/paywall-screen-2.webp|screenshots/the-criterion-channel-1454275199/paywall-screen-3.webp","https://www.paywallpro.app/apps/The-Criterion-Channel-us?id=647&utm_source=github&utm_medium=open_dataset&utm_campaign=paywall_gallery","https://www.paywallpro.app/apps/The-Criterion-Channel-us?id=647&utm_source=github&utm_medium=open_dataset&utm_campaign=paywall_gallery","2026-06-12"
"1591238748","Universal Remote TV Control","Desidari Holding Ltd.","Utilities","38126","71","1.32.3","2025-09-10","3","7","0","Free Trial - Hard Paywall","1 offer set across week, month, year","1","apps/universal-remote-tv-control-1591238748.md","screenshots/universal-remote-tv-control-1591238748/cover.webp","screenshots/universal-remote-tv-control-1591238748/cover.webp","screenshots/universal-remote-tv-control-1591238748/paywall-screen-2.webp|screenshots/universal-remote-tv-control-1591238748/paywall-screen-3.webp","https://www.paywallpro.app/apps/Universal-Remote-TV-Control-us?id=358&utm_source=github&utm_medium=open_dataset&utm_campaign=paywall_gallery","https://www.paywallpro.app/apps/Universal-Remote-TV-Control-us?id=358&utm_source=github&utm_medium=open_dataset&utm_campaign=paywall_gallery","2026-06-12"
"1501720596","Qustodio Parental Control App","Qustodio","Lifestyle","37921","81","182.32.0","2025-12-04","3","3","6","No Free Trial - Soft Paywall","3 offer sets across year","3","apps/qustodio-parental-control-app-1501720596.md","screenshots/qustodio-parental-control-app-1501720596/cover.webp","screenshots/qustodio-parental-control-app-1501720596/cover.webp","screenshots/qustodio-parental-control-app-1501720596/paywall-annual-99-95-54-95.webp|screenshots/qustodio-parental-control-app-1501720596/paywall-annual-59-99.webp","https://www.paywallpro.app/apps/Qustodio-Parental-Control-App-us?id=15201&utm_source=github&utm_medium=open_dataset&utm_campaign=paywall_gallery","https://www.paywallpro.app/apps/Qustodio-Parental-Control-App-us?id=15201&utm_source=github&utm_medium=open_dataset&utm_campaign=paywall_gallery","2026-06-12"
"6737531446","ClipTone: Ringtone & AI Cover","BUD Technologies","Music","37814","23","1.17.3","2025-12-09","3","8","5","No Free Trial - Soft Paywall","1 offer set across week, year","1","apps/cliptone-ringtone-and-ai-cover-6737531446.md","screenshots/cliptone-ringtone-and-ai-cover-6737531446/cover.webp","screenshots/cliptone-ringtone-and-ai-cover-6737531446/cover.webp","screenshots/cliptone-ringtone-and-ai-cover-6737531446/paywall-screen-2.webp|screenshots/cliptone-ringtone-and-ai-cover-6737531446/paywall-screen-3.webp","https://www.paywallpro.app/apps/ClipTone:-Ringtone-&-AI-Cover-us?id=1949938&utm_source=github&utm_medium=open_dataset&utm_campaign=paywall_gallery","https://www.paywallpro.app/apps/ClipTone:-Ringtone-&-AI-Cover-us?id=1949938&utm_source=github&utm_medium=open_dataset&utm_campaign=paywall_gallery","2026-06-12"
"6461419341","RemoTV: Universal TV Remote","EpicScale Inc","Utilities","37801","164","2.8","2024-05-28","2","5","0","Free Trial - Soft Paywall","1 offer set across week, year","1","apps/remotv-universal-tv-remote-6461419341.md","screenshots/remotv-universal-tv-remote-6461419341/cover.webp","screenshots/remotv-universal-tv-remote-6461419341/cover.webp","screenshots/remotv-universal-tv-remote-6461419341/paywall-screen-2.webp|screenshots/remotv-universal-tv-remote-6461419341/paywall-screen-3.webp","https://www.paywallpro.app/apps/RemoTV:-Universal-TV-Remote-us?id=16143&utm_source=github&utm_medium=open_dataset&utm_campaign=paywall_gallery","https://www.paywallpro.app/apps/RemoTV:-Universal-TV-Remote-us?id=16143&utm_source=github&utm_medium=open_dataset&utm_campaign=paywall_gallery","2026-06-12"
"530957474","Collage Maker - LiveCollage","VIDEO EDITOR PTE. LTD.","Photo & Video","37728","43","16.1.12","2024-05-21","2","0","6","Free Trial - Soft Paywall","1 offer set across month, year","1","apps/collage-maker-livecollage-530957474.md","screenshots/collage-maker-livecollage-530957474/cover.webp","screenshots/collage-maker-livecollage-530957474/cover.webp","screenshots/collage-maker-livecollage-530957474/paywall-screen-2.webp|screenshots/collage-maker-livecollage-530957474/paywall-screen-3.webp","https://www.paywallpro.app/apps/Collage-Maker---LiveCollage-us?id=777&utm_source=github&utm_medium=open_dataset&utm_campaign=paywall_gallery","https://www.paywallpro.app/apps/Collage-Maker---LiveCollage-us?id=777&utm_source=github&utm_medium=open_dataset&utm_campaign=paywall_gallery","2026-06-12"
"1183717726","Lake: Coloring Book for Adults","Lake Coloring","Lifestyle","37507","176","4.8.0","2024-12-01","1","3","0","Free Trial - Soft Paywall","2 offer sets across month, year","2","apps/lake-coloring-book-for-adults-1183717726.md","screenshots/lake-coloring-book-for-adults-1183717726/cover.webp","screenshots/lake-coloring-book-for-adults-1183717726/cover.webp","screenshots/lake-coloring-book-for-adults-1183717726/paywall-annual-39-99.webp|screenshots/lake-coloring-book-for-adults-1183717726/paywall-annual-39-99-2.webp","https://www.paywallpro.app/apps/Lake:-Coloring-Book-for-Adults-us?id=912&utm_source=github&utm_medium=open_dataset&utm_campaign=paywall_gallery","https://www.paywallpro.app/apps/Lake:-Coloring-Book-for-Adults-us?id=912&utm_source=github&utm_medium=open_dataset&utm_campaign=paywall_gallery","2026-06-12"
"440159265","Fotor AI Photo Editor & Video","Chengdu Everimaging Science and Technology Co., Ltd","Photo & Video","37479","108","10.6.1","2024-05-30","1","6","0","No Free Trial - Soft Paywall, Free Trial - Soft Paywall","4 offer sets across month, year","4","apps/fotor-ai-photo-editor-and-video-440159265.md","screenshots/fotor-ai-photo-editor-and-video-440159265/cover.webp","screenshots/fotor-ai-photo-editor-and-video-440159265/cover.webp","screenshots/fotor-ai-photo-editor-and-video-440159265/paywall-monthly-8-99.webp|screenshots/fotor-ai-photo-editor-and-video-440159265/paywall-monthly-19-99.webp","https://www.paywallpro.app/apps/Fotor-AI-Photo-Editor-&-Video-us?id=899&utm_source=github&utm_medium=open_dataset&utm_campaign=paywall_gallery","https://www.paywallpro.app/apps/Fotor-AI-Photo-Editor-&-Video-us?id=899&utm_source=github&utm_medium=open_dataset&utm_campaign=paywall_gallery","2026-06-12"
"1330041267","RP Diet Coach & Planner","RP Strength, LLC","Health & Fitness","37256","77","1.50.20","2025-10-13","2","12","0","No Free Trial - Soft Paywall","1 offer set across month, year","1","apps/rp-diet-coach-and-planner-1330041267.md","screenshots/rp-diet-coach-and-planner-1330041267/cover.webp","screenshots/rp-diet-coach-and-planner-1330041267/cover.webp","screenshots/rp-diet-coach-and-planner-1330041267/paywall-screen-2.webp|screenshots/rp-diet-coach-and-planner-1330041267/paywall-screen-3.webp","https://www.paywallpro.app/apps/RP-Diet-Coach-&-Planner-us?id=393&utm_source=github&utm_medium=open_dataset&utm_campaign=paywall_gallery","https://www.paywallpro.app/apps/RP-Diet-Coach-&-Planner-us?id=393&utm_source=github&utm_medium=open_dataset&utm_campaign=paywall_gallery","2026-06-12"
"588358613","Drawing Desk:Learn How to Draw","4Axis Technologies Pte Ltd","Education","36961","191","10.3.5","2025-10-15","2","15","4","Free Trial - Soft Paywall","1 offer set across month, year","1","apps/drawing-desk-learn-how-to-draw-588358613.md","screenshots/drawing-desk-learn-how-to-draw-588358613/cover.webp","screenshots/drawing-desk-learn-how-to-draw-588358613/cover.webp","screenshots/drawing-desk-learn-how-to-draw-588358613/paywall-screen-2.webp|screenshots/drawing-desk-learn-how-to-draw-588358613/paywall-screen-3.webp","https://www.paywallpro.app/apps/Drawing-Desk:Learn-How-to-Draw-us?id=478&utm_source=github&utm_medium=open_dataset&utm_campaign=paywall_gallery","https://www.paywallpro.app/apps/Drawing-Desk:Learn-How-to-Draw-us?id=478&utm_source=github&utm_medium=open_dataset&utm_campaign=paywall_gallery","2026-06-12"
"1631587710","ASL Bloom - Sign Language","SignLab AS","Education","36857","131","1.57","2025-06-18","1","17","6","Free Trial - Soft Paywall","2 offer sets across year, quarter","2","apps/asl-bloom-sign-language-1631587710.md","screenshots/asl-bloom-sign-language-1631587710/cover.webp","screenshots/asl-bloom-sign-language-1631587710/cover.webp","screenshots/asl-bloom-sign-language-1631587710/paywall-quarterly-48.webp|screenshots/asl-bloom-sign-language-1631587710/paywall-screen-3.webp","https://www.paywallpro.app/apps/ASL-Bloom---Sign-Language-us?id=1951439&utm_source=github&utm_medium=open_dataset&utm_campaign=paywall_gallery","https://www.paywallpro.app/apps/ASL-Bloom---Sign-Language-us?id=1951439&utm_source=github&utm_medium=open_dataset&utm_campaign=paywall_gallery","2026-06-12"
"6483293628","Voicenotes AI Notes & Meetings","Coping Hard Inc","Productivity","36706","102","1.6.92","2025-10-30","1","15","2","Free Trial - Soft Paywall","2 offer sets across week, year","2","apps/voicenotes-ai-notes-and-meetings-6483293628.md","screenshots/voicenotes-ai-notes-and-meetings-6483293628/cover.webp","screenshots/voicenotes-ai-notes-and-meetings-6483293628/cover.webp","screenshots/voicenotes-ai-notes-and-meetings-6483293628/paywall-weekly-8-99.webp|screenshots/voicenotes-ai-notes-and-meetings-6483293628/paywall-weekly-8-99-2.webp","https://www.paywallpro.app/apps/Voicenotes-AI-Notes-&-Meetings-us?id=1887587&utm_source=github&utm_medium=open_dataset&utm_campaign=paywall_gallery","https://www.paywallpro.app/apps/Voicenotes-AI-Notes-&-Meetings-us?id=1887587&utm_source=github&utm_medium=open_dataset&utm_campaign=paywall_gallery","2026-06-12"
"1483068197","Sago Mini School (Kids 2-5)","Piknik","Education","36698","191","3.7","2024-03-20","1","11","0","Free Trial - Soft Paywall","1 offer set across month","1","apps/sago-mini-school-kids-2-5-1483068197.md","screenshots/sago-mini-school-kids-2-5-1483068197/cover.webp","screenshots/sago-mini-school-kids-2-5-1483068197/cover.webp","screenshots/sago-mini-school-kids-2-5-1483068197/paywall-screen-2.webp|screenshots/sago-mini-school-kids-2-5-1483068197/paywall-screen-3.webp","https://www.paywallpro.app/apps/Sago-Mini-School-(Kids-2-5)-us?id=898&utm_source=github&utm_medium=open_dataset&utm_campaign=paywall_gallery","https://www.paywallpro.app/apps/Sago-Mini-School-(Kids-2-5)-us?id=898&utm_source=github&utm_medium=open_dataset&utm_campaign=paywall_gallery","2026-06-12"
"6444570129","Garage Ringtones for iPhone","APPFLOW SOFTWARE - FZCO","Music","36382","68","6.4","2025-12-17","3","6","5","Free Trial - Soft Paywall","2 offer sets across week, month, half year, year, quarter, one-time purchase","2","apps/garage-ringtones-for-iphone-6444570129.md","screenshots/garage-ringtones-for-iphone-6444570129/cover.webp","screenshots/garage-ringtones-for-iphone-6444570129/cover.webp","screenshots/garage-ringtones-for-iphone-6444570129/paywall-weekly-7-99.webp|screenshots/garage-ringtones-for-iphone-6444570129/paywall-screen-3.webp","https://www.paywallpro.app/apps/Garage-Ringtones-for-iPhone-us?id=3891&utm_source=github&utm_medium=open_dataset&utm_campaign=paywall_gallery","https://www.paywallpro.app/apps/Garage-Ringtones-for-iPhone-us?id=3891&utm_source=github&utm_medium=open_dataset&utm_campaign=paywall_gallery","2026-06-12"
"1052970183","Voloco: Vocal Recording Studio","Resonant Cavity, Inc","Music","36342","115","9.12.3","2025-12-02","2","13","10","Free Trial - Soft Paywall, No Free Trial - Soft Paywall","2 offer sets across month, year","2","apps/voloco-vocal-recording-studio-1052970183.md","screenshots/voloco-vocal-recording-studio-1052970183/cover.webp","screenshots/voloco-vocal-recording-studio-1052970183/cover.webp","screenshots/voloco-vocal-recording-studio-1052970183/paywall-monthly-6-99-9-99.webp|screenshots/voloco-vocal-recording-studio-1052970183/paywall-screen-3.webp","https://www.paywallpro.app/apps/Voloco:-Vocal-Recording-Studio-us?id=692&utm_source=github&utm_medium=open_dataset&utm_campaign=paywall_gallery","https://www.paywallpro.app/apps/Voloco:-Vocal-Recording-Studio-us?id=692&utm_source=github&utm_medium=open_dataset&utm_campaign=paywall_gallery","2026-06-12"
"6499191999","AI Photo Editor - BgMaster™","COOL SUMMER LIMITED","Photo & Video","36315","198","1.2.4","2025-08-26","1","8","4","No Free Trial - Soft Paywall","2 offer sets across week, year, one-time purchase","2","apps/ai-photo-editor-bgmaster-6499191999.md","screenshots/ai-photo-editor-bgmaster-6499191999/cover.webp","screenshots/ai-photo-editor-bgmaster-6499191999/cover.webp","screenshots/ai-photo-editor-bgmaster-6499191999/paywall-annual-29-99.webp|screenshots/ai-photo-editor-bgmaster-6499191999/paywall-screen-3.webp","https://www.paywallpro.app/apps/AI-Photo-Editor---BgMaster%E2%84%A2-us?id=1859547&utm_source=github&utm_medium=open_dataset&utm_campaign=paywall_gallery","https://www.paywallpro.app/apps/AI-Photo-Editor---BgMaster%E2%84%A2-us?id=1859547&utm_source=github&utm_medium=open_dataset&utm_campaign=paywall_gallery","2026-06-12"
"1200778841","EWA: Learn Languages","Lithium Lab Pte Ltd","Education","36254","96","7.33.0","2024-08-22","1","5","0","No Free Trial - Soft Paywall, Free Trial - Soft Paywall","2 offer sets across month, half year, year","2","apps/ewa-learn-languages-1200778841.md","screenshots/ewa-learn-languages-1200778841/cover.webp","screenshots/ewa-learn-languages-1200778841/cover.webp","screenshots/ewa-learn-languages-1200778841/paywall-monthly-15-99.webp|screenshots/ewa-learn-languages-1200778841/paywall-monthly-15-99-2.webp","https://www.paywallpro.app/apps/EWA:-Learn-Languages-us?id=770&utm_source=github&utm_medium=open_dataset&utm_campaign=paywall_gallery","https://www.paywallpro.app/apps/EWA:-Learn-Languages-us?id=770&utm_source=github&utm_medium=open_dataset&utm_campaign=paywall_gallery","2026-06-12"
"6670521987","Beautify - Hairstyle Try On","IdeaLabs","Photo & Video","36212","170","1.3.5","2025-07-20","1","10","9","No Free Trial - Soft Paywall","1 offer set across week, year","1","apps/beautify-hairstyle-try-on-6670521987.md","screenshots/beautify-hairstyle-try-on-6670521987/cover.webp","screenshots/beautify-hairstyle-try-on-6670521987/cover.webp","screenshots/beautify-hairstyle-try-on-6670521987/paywall-screen-2.webp|screenshots/beautify-hairstyle-try-on-6670521987/paywall-screen-3.webp","https://www.paywallpro.app/apps/Beautify---Hairstyle-Try-On-us?id=2009309&utm_source=github&utm_medium=open_dataset&utm_campaign=paywall_gallery","https://www.paywallpro.app/apps/Beautify---Hairstyle-Try-On-us?id=2009309&utm_source=github&utm_medium=open_dataset&utm_campaign=paywall_gallery","2026-06-12"
"6502530415","AI Song Music Generator: Muzio","Scale Dreams LLC","Music","35743","65","3.27","2026-01-02","2","5","5","No Free Trial - Soft Paywall","1 offer set across week, year","1","apps/ai-song-music-generator-muzio-6502530415.md","screenshots/ai-song-music-generator-muzio-6502530415/cover.webp","screenshots/ai-song-music-generator-muzio-6502530415/cover.webp","screenshots/ai-song-music-generator-muzio-6502530415/paywall-screen-2.webp|screenshots/ai-song-music-generator-muzio-6502530415/paywall-screen-3.webp","https://www.paywallpro.app/apps/AI-Song-Music-Generator:-Muzio-us?id=430027&utm_source=github&utm_medium=open_dataset&utm_campaign=paywall_gallery","https://www.paywallpro.app/apps/AI-Song-Music-Generator:-Muzio-us?id=430027&utm_source=github&utm_medium=open_dataset&utm_campaign=paywall_gallery","2026-06-12"
"6739807377","Wellthly-Feel Heart Rhythm","JUSTDO PTE. LTD.","Health & Fitness","35721","122","1.1.1","2025-09-02","1","6","6","No Free Trial - Soft Paywall","3 offer sets across week, month","3","apps/wellthly-feel-heart-rhythm-6739807377.md","screenshots/wellthly-feel-heart-rhythm-6739807377/cover.webp","screenshots/wellthly-feel-heart-rhythm-6739807377/cover.webp","screenshots/wellthly-feel-heart-rhythm-6739807377/paywall-weekly-0-38.webp|screenshots/wellthly-feel-heart-rhythm-6739807377/paywall-monthly-1-67.webp","https://www.paywallpro.app/apps/Wellthly-Feel-Heart-Rhythm-us?id=1910179&utm_source=github&utm_medium=open_dataset&utm_campaign=paywall_gallery","https://www.paywallpro.app/apps/Wellthly-Feel-Heart-Rhythm-us?id=1910179&utm_source=github&utm_medium=open_dataset&utm_campaign=paywall_gallery","2026-06-12"
"357828853","Ultimate Guitar: Chords & Tabs","Ultimate Guitar","Music","35623","36","7.2.13","2026-03-13","5","19","10","Free Trial - Soft Paywall, No Free Trial - Soft Paywall","4 offer sets across month, year","4","apps/ultimate-guitar-chords-and-tabs-357828853.md","screenshots/ultimate-guitar-chords-and-tabs-357828853/cover.webp","screenshots/ultimate-guitar-chords-and-tabs-357828853/cover.webp","screenshots/ultimate-guitar-chords-and-tabs-357828853/paywall-annual-59-99.webp|screenshots/ultimate-guitar-chords-and-tabs-357828853/paywall-monthly-9-99.webp","https://www.paywallpro.app/apps/Ultimate-Guitar:-Chords-&-Tabs-us?id=111&utm_source=github&utm_medium=open_dataset&utm_campaign=paywall_gallery","https://www.paywallpro.app/apps/Ultimate-Guitar:-Chords-&-Tabs-us?id=111&utm_source=github&utm_medium=open_dataset&utm_campaign=paywall_gallery","2026-06-05"
"564842283","TunnelBear: Secure VPN & Wifi","TunnelBear, LLC","Productivity","35561","120","4.6.0","2025-08-27","1","0","6","No Free Trial - Soft Paywall","1 offer set across month, year","1","apps/tunnelbear-secure-vpn-and-wifi-564842283.md","screenshots/tunnelbear-secure-vpn-and-wifi-564842283/cover.webp","screenshots/tunnelbear-secure-vpn-and-wifi-564842283/cover.webp","screenshots/tunnelbear-secure-vpn-and-wifi-564842283/paywall-screen-2.webp|screenshots/tunnelbear-secure-vpn-and-wifi-564842283/paywall-screen-3.webp","https://www.paywallpro.app/apps/TunnelBear:-Secure-VPN-&-Wifi-us?id=5784&utm_source=github&utm_medium=open_dataset&utm_campaign=paywall_gallery","https://www.paywallpro.app/apps/TunnelBear:-Secure-VPN-&-Wifi-us?id=5784&utm_source=github&utm_medium=open_dataset&utm_campaign=paywall_gallery","2026-06-12"
"1133960732","Mimo: Learn Coding/Programming","Mimo GmbH","Education","35409","166","7.4.0","2024-10-07","2","15","0","Free Trial - Soft Paywall","2 offer sets across month, year","2","apps/mimo-learn-coding-programming-1133960732.md","screenshots/mimo-learn-coding-programming-1133960732/cover.webp","screenshots/mimo-learn-coding-programming-1133960732/cover.webp","screenshots/mimo-learn-coding-programming-1133960732/paywall-annual-89-99.webp|screenshots/mimo-learn-coding-programming-1133960732/paywall-screen-3.webp","https://www.paywallpro.app/apps/Mimo:-Learn-Coding%2FProgramming-us?id=937&utm_source=github&utm_medium=open_dataset&utm_campaign=paywall_gallery","https://www.paywallpro.app/apps/Mimo:-Learn-Coding%2FProgramming-us?id=937&utm_source=github&utm_medium=open_dataset&utm_campaign=paywall_gallery","2026-06-12"
"626144601","TickTick:To-Do List & Calendar","Appest Limited","Productivity","35399","97","7.2.01","2024-05-22","1","0","9","Free Trial - Soft Paywall","1 offer set across year","1","apps/ticktick-to-do-list-and-calendar-626144601.md","screenshots/ticktick-to-do-list-and-calendar-626144601/cover.webp","screenshots/ticktick-to-do-list-and-calendar-626144601/cover.webp","screenshots/ticktick-to-do-list-and-calendar-626144601/paywall-screen-2.webp|screenshots/ticktick-to-do-list-and-calendar-626144601/paywall-screen-3.webp","https://www.paywallpro.app/apps/TickTick:To-Do-List-&-Calendar-us?id=2980&utm_source=github&utm_medium=open_dataset&utm_campaign=paywall_gallery","https://www.paywallpro.app/apps/TickTick:To-Do-List-&-Calendar-us?id=2980&utm_source=github&utm_medium=open_dataset&utm_campaign=paywall_gallery","2026-06-12"
"478687481","Rain Rain Sleep Sounds","Tim Gostony","Health & Fitness","35367","166","6.9.8","2024-06-29","1","7","0","Free Trial - Soft Paywall","2 offer sets across month, year","2","apps/rain-rain-sleep-sounds-478687481.md","screenshots/rain-rain-sleep-sounds-478687481/cover.webp","screenshots/rain-rain-sleep-sounds-478687481/cover.webp","screenshots/rain-rain-sleep-sounds-478687481/paywall-annual-35-99.webp|screenshots/rain-rain-sleep-sounds-478687481/paywall-screen-3.webp","https://www.paywallpro.app/apps/Rain-Rain-Sleep-Sounds-us?id=2975&utm_source=github&utm_medium=open_dataset&utm_campaign=paywall_gallery","https://www.paywallpro.app/apps/Rain-Rain-Sleep-Sounds-us?id=2975&utm_source=github&utm_medium=open_dataset&utm_campaign=paywall_gallery","2026-06-12"
"6502747597","AI Home Design: Interior DecAI","COOL SUMMER LIMITED","Graphics & Design","35347","2","1.3.7","2025-10-16","2","5","5","No Free Trial - Soft Paywall","2 offer sets across week, year, one-time purchase","2","apps/ai-home-design-interior-decai-6502747597.md","screenshots/ai-home-design-interior-decai-6502747597/cover.webp","screenshots/ai-home-design-interior-decai-6502747597/cover.webp","screenshots/ai-home-design-interior-decai-6502747597/paywall-annual-19-99.webp|screenshots/ai-home-design-interior-decai-6502747597/paywall-screen-3.webp","https://www.paywallpro.app/apps/AI-Home-Design:-Interior-DecAI-us?id=1643170&utm_source=github&utm_medium=open_dataset&utm_campaign=paywall_gallery","https://www.paywallpro.app/apps/AI-Home-Design:-Interior-DecAI-us?id=1643170&utm_source=github&utm_medium=open_dataset&utm_campaign=paywall_gallery","2026-06-12"
"1492560451","KeyConnect Digital Car Key","Kain Suite Pte. Ltd.","Utilities","35318","178","2.4.1","2025-12-22","1","13","3","No Free Trial - Soft Paywall","1 offer set across month, year","1","apps/keyconnect-digital-car-key-1492560451.md","screenshots/keyconnect-digital-car-key-1492560451/cover.webp","screenshots/keyconnect-digital-car-key-1492560451/cover.webp","screenshots/keyconnect-digital-car-key-1492560451/paywall-screen-2.webp|screenshots/keyconnect-digital-car-key-1492560451/paywall-screen-3.webp","https://www.paywallpro.app/apps/KeyConnect-Digital-Car-Key-us?id=2001720&utm_source=github&utm_medium=open_dataset&utm_campaign=paywall_gallery","https://www.paywallpro.app/apps/KeyConnect-Digital-Car-Key-us?id=2001720&utm_source=github&utm_medium=open_dataset&utm_campaign=paywall_gallery","2026-06-12"
"1559261145","Package tracker: Parcels Hub","Advensa Grupp OU","Shopping","35252","199","1.0.48","2024-01-24","1","5","0","Free Trial - Soft Paywall","1 offer set across week","1","apps/package-tracker-parcels-hub-1559261145.md","screenshots/package-tracker-parcels-hub-1559261145/cover.webp","screenshots/package-tracker-parcels-hub-1559261145/cover.webp","screenshots/package-tracker-parcels-hub-1559261145/paywall-screen-2.webp|screenshots/package-tracker-parcels-hub-1559261145/paywall-screen-3.webp","https://www.paywallpro.app/apps/Package-tracker:-Parcels-Hub-us?id=495&utm_source=github&utm_medium=open_dataset&utm_campaign=paywall_gallery","https://www.paywallpro.app/apps/Package-tracker:-Parcels-Hub-us?id=495&utm_source=github&utm_medium=open_dataset&utm_campaign=paywall_gallery","2026-06-12"
"1248646044","Philo: Shows, Movies & Live TV","Philo","Entertainment","35229","92","7.14.2","2025-10-01","2","6","0","Free Trial - Soft Paywall","1 offer set across month","1","apps/philo-shows-movies-and-live-tv-1248646044.md","screenshots/philo-shows-movies-and-live-tv-1248646044/cover.webp","screenshots/philo-shows-movies-and-live-tv-1248646044/cover.webp","screenshots/philo-shows-movies-and-live-tv-1248646044/paywall-screen-2.webp|screenshots/philo-shows-movies-and-live-tv-1248646044/paywall-screen-3.webp","https://www.paywallpro.app/apps/Philo:-Shows%2C-Movies-&-Live-TV-us?id=84&utm_source=github&utm_medium=open_dataset&utm_campaign=paywall_gallery","https://www.paywallpro.app/apps/Philo:-Shows%2C-Movies-&-Live-TV-us?id=84&utm_source=github&utm_medium=open_dataset&utm_campaign=paywall_gallery","2026-06-12"
"1057071179","Watch Faces by Facer","Little Labs, Inc.","Lifestyle","35005","173","6.2.36","2025-03-05","3","6","0","No Free Trial - Soft Paywall","1 offer set across month, year","1","apps/watch-faces-by-facer-1057071179.md","screenshots/watch-faces-by-facer-1057071179/cover.webp","screenshots/watch-faces-by-facer-1057071179/cover.webp","screenshots/watch-faces-by-facer-1057071179/paywall-screen-2.webp|screenshots/watch-faces-by-facer-1057071179/paywall-screen-3.webp","https://www.paywallpro.app/apps/Watch-Faces-by-Facer-us?id=17087&utm_source=github&utm_medium=open_dataset&utm_campaign=paywall_gallery","https://www.paywallpro.app/apps/Watch-Faces-by-Facer-us?id=17087&utm_source=github&utm_medium=open_dataset&utm_campaign=paywall_gallery","2026-06-12"
"6474233032","Harmoni - Health & Sleep","Heypex Digital","Lifestyle","34984","197","1.8","2024-02-04","1","2","0","Free Trial - Soft Paywall","2 offer sets across week, month, year","2","apps/harmoni-health-and-sleep-6474233032.md","screenshots/harmoni-health-and-sleep-6474233032/cover.webp","screenshots/harmoni-health-and-sleep-6474233032/cover.webp","screenshots/harmoni-health-and-sleep-6474233032/paywall-weekly-6-99.webp|screenshots/harmoni-health-and-sleep-6474233032/paywall-weekly-6-99-2.webp","https://www.paywallpro.app/apps/Harmoni---Health-&-Sleep-us?id=502658&utm_source=github&utm_medium=open_dataset&utm_campaign=paywall_gallery","https://www.paywallpro.app/apps/Harmoni---Health-&-Sleep-us?id=502658&utm_source=github&utm_medium=open_dataset&utm_campaign=paywall_gallery","2026-06-12"
"1382530817","Centr: Strength & Fitness App","CH Digital Pty Ltd","Health & Fitness","34896","90","7.2.1","2025-02-28","3","11","0","Free Trial - Soft Paywall","1 offer set across month, year","1","apps/centr-strength-and-fitness-app-1382530817.md","screenshots/centr-strength-and-fitness-app-1382530817/cover.webp","screenshots/centr-strength-and-fitness-app-1382530817/cover.webp","screenshots/centr-strength-and-fitness-app-1382530817/paywall-screen-2.webp|screenshots/centr-strength-and-fitness-app-1382530817/paywall-screen-3.webp","https://www.paywallpro.app/apps/Centr:-Strength-&-Fitness-App-us?id=841&utm_source=github&utm_medium=open_dataset&utm_campaign=paywall_gallery","https://www.paywallpro.app/apps/Centr:-Strength-&-Fitness-App-us?id=841&utm_source=github&utm_medium=open_dataset&utm_campaign=paywall_gallery","2026-06-12"
"1599756543","Clever: Brain Training Games","DPM APPS LP","Education","34658","136","2.24.0","2025-01-08","3","6","0","Free Trial - Soft Paywall","1 offer set across week, one-time purchase","1","apps/clever-brain-training-games-1599756543.md","screenshots/clever-brain-training-games-1599756543/cover.webp","screenshots/clever-brain-training-games-1599756543/cover.webp","screenshots/clever-brain-training-games-1599756543/paywall-screen-2.webp|screenshots/clever-brain-training-games-1599756543/paywall-screen-3.webp","https://www.paywallpro.app/apps/Clever:-Brain-Training-Games-us?id=594&utm_source=github&utm_medium=open_dataset&utm_campaign=paywall_gallery","https://www.paywallpro.app/apps/Clever:-Brain-Training-Games-us?id=594&utm_source=github&utm_medium=open_dataset&utm_campaign=paywall_gallery","2026-06-12"
"1536076386","YouCam Video: AI Video Editor","PERFECT MOBILE CORP.","Photo & Video","34514","163","1.55.0","2025-09-03","2","7","6","Free Trial - Soft Paywall","2 offer sets across month, year","2","apps/youcam-video-ai-video-editor-1536076386.md","screenshots/youcam-video-ai-video-editor-1536076386/cover.webp","screenshots/youcam-video-ai-video-editor-1536076386/cover.webp","screenshots/youcam-video-ai-video-editor-1536076386/paywall-monthly-12-99.webp|screenshots/youcam-video-ai-video-editor-1536076386/paywall-screen-3.webp","https://www.paywallpro.app/apps/YouCam-Video:-AI-Video-Editor-us?id=1224656&utm_source=github&utm_medium=open_dataset&utm_campaign=paywall_gallery","https://www.paywallpro.app/apps/YouCam-Video:-AI-Video-Editor-us?id=1224656&utm_source=github&utm_medium=open_dataset&utm_campaign=paywall_gallery","2026-06-12"
"6498713494","My Drama - Stream Short Dramas","Holy Water Limited","Entertainment","34425","141","1.55.0(1034)","2026-02-07","4","8","9","No Free Trial - Soft Paywall, Currency Paywall","1 offer set across week, month, year","1","apps/my-drama-stream-short-dramas-6498713494.md","screenshots/my-drama-stream-short-dramas-6498713494/cover.webp","screenshots/my-drama-stream-short-dramas-6498713494/cover.webp","screenshots/my-drama-stream-short-dramas-6498713494/paywall-currency-paywall.webp|screenshots/my-drama-stream-short-dramas-6498713494/paywall-screen-3.webp","https://www.paywallpro.app/apps/My-Drama---Stream-Short-Dramas-us?id=263402&utm_source=github&utm_medium=open_dataset&utm_campaign=paywall_gallery","https://www.paywallpro.app/apps/My-Drama---Stream-Short-Dramas-us?id=263402&utm_source=github&utm_medium=open_dataset&utm_campaign=paywall_gallery","2026-06-12"
"6673907297","Photica・Live Photo AI Animator","Comapps LLC","Photo & Video","33993","93","1.21","2025-05-21","3","3","5","No Free Trial - Soft Paywall","1 offer set across week, year","1","apps/photica-live-photo-ai-animator-6673907297.md","screenshots/photica-live-photo-ai-animator-6673907297/cover.webp","screenshots/photica-live-photo-ai-animator-6673907297/cover.webp","screenshots/photica-live-photo-ai-animator-6673907297/paywall-screen-2.webp|screenshots/photica-live-photo-ai-animator-6673907297/paywall-screen-3.webp","https://www.paywallpro.app/apps/Photica%E3%83%BBLive-Photo-AI-Animator-us?id=940428&utm_source=github&utm_medium=open_dataset&utm_campaign=paywall_gallery","https://www.paywallpro.app/apps/Photica%E3%83%BBLive-Photo-AI-Animator-us?id=940428&utm_source=github&utm_medium=open_dataset&utm_campaign=paywall_gallery","2026-06-12"
"6739602668","HeartFit - BP Health Tracker","Hopenebula Technology CO., Limited","Health & Fitness","33804","0","1.3.9","2025-11-17","1","10","6","No Free Trial - Soft Paywall","3 offer sets across week, year, quarter","3","apps/heartfit-bp-health-tracker-6739602668.md","screenshots/heartfit-bp-health-tracker-6739602668/cover.webp","screenshots/heartfit-bp-health-tracker-6739602668/cover.webp","screenshots/heartfit-bp-health-tracker-6739602668/paywall-quarterly-19-99.webp|screenshots/heartfit-bp-health-tracker-6739602668/paywall-weekly-6-99-9-99.webp","https://www.paywallpro.app/apps/HeartFit---BP-Health-Tracker-us?id=2504268&utm_source=github&utm_medium=open_dataset&utm_campaign=paywall_gallery","https://www.paywallpro.app/apps/HeartFit---BP-Health-Tracker-us?id=2504268&utm_source=github&utm_medium=open_dataset&utm_campaign=paywall_gallery","2026-06-12"
"6465173251","AI Phone:Call&Voice Translator","Second Phone Number Inc","Utilities","33785","200","3.5.0","2024-12-02","1","13","0","Free Trial - Soft Paywall","1 offer set across week, year","1","apps/ai-phone-call-and-voice-translator-6465173251.md","screenshots/ai-phone-call-and-voice-translator-6465173251/cover.webp","screenshots/ai-phone-call-and-voice-translator-6465173251/cover.webp","screenshots/ai-phone-call-and-voice-translator-6465173251/paywall-screen-2.webp|screenshots/ai-phone-call-and-voice-translator-6465173251/paywall-screen-3.webp","https://www.paywallpro.app/apps/AI-Phone:Call&Voice-Translator-us?id=654086&utm_source=github&utm_medium=open_dataset&utm_campaign=paywall_gallery","https://www.paywallpro.app/apps/AI-Phone:Call&Voice-Translator-us?id=654086&utm_source=github&utm_medium=open_dataset&utm_campaign=paywall_gallery","2026-06-17"
"449810000","JEFIT Workout Plan Gym Tracker","Jefit Inc.","Health & Fitness","33704","154","13.0.20","2025-02-08","3","19","3","No Free Trial - Soft Paywall","1 offer set across month, year","1","apps/jefit-workout-plan-gym-tracker-449810000.md","screenshots/jefit-workout-plan-gym-tracker-449810000/cover.webp","screenshots/jefit-workout-plan-gym-tracker-449810000/cover.webp","screenshots/jefit-workout-plan-gym-tracker-449810000/paywall-screen-2.webp|screenshots/jefit-workout-plan-gym-tracker-449810000/paywall-screen-3.webp","https://www.paywallpro.app/apps/JEFIT-Workout-Plan-Gym-Tracker-us?id=933&utm_source=github&utm_medium=open_dataset&utm_campaign=paywall_gallery","https://www.paywallpro.app/apps/JEFIT-Workout-Plan-Gym-Tracker-us?id=933&utm_source=github&utm_medium=open_dataset&utm_campaign=paywall_gallery","2026-06-17"
"891132290","Simple Radio - FM AM Stations","Streema, Inc.","Music","33668","30","8.3.2","2024-07-29","2","5","0","Free Trial - Soft Paywall","2 offer sets across week, year","2","apps/simple-radio-fm-am-stations-891132290.md","screenshots/simple-radio-fm-am-stations-891132290/cover.webp","screenshots/simple-radio-fm-am-stations-891132290/cover.webp","screenshots/simple-radio-fm-am-stations-891132290/paywall-weekly-5-99.webp|screenshots/simple-radio-fm-am-stations-891132290/paywall-screen-3.webp","https://www.paywallpro.app/apps/Simple-Radio---FM-AM-Stations-us?id=8585&utm_source=github&utm_medium=open_dataset&utm_campaign=paywall_gallery","https://www.paywallpro.app/apps/Simple-Radio---FM-AM-Stations-us?id=8585&utm_source=github&utm_medium=open_dataset&utm_campaign=paywall_gallery","2026-06-17"
"741277284","Kinedu: Baby Development","Kinedu, Inc","Education","33532","139","5.69.1","2025-12-18","3","18","0","Free Trial - Soft Paywall, No Free Trial - Soft Paywall","1 offer set across year","1","apps/kinedu-baby-development-741277284.md","screenshots/kinedu-baby-development-741277284/cover.webp","screenshots/kinedu-baby-development-741277284/cover.webp","screenshots/kinedu-baby-development-741277284/paywall-screen-2.webp|screenshots/kinedu-baby-development-741277284/paywall-screen-3.webp","https://www.paywallpro.app/apps/Kinedu:-Baby-Development-us?id=8582&utm_source=github&utm_medium=open_dataset&utm_campaign=paywall_gallery","https://www.paywallpro.app/apps/Kinedu:-Baby-Development-us?id=8582&utm_source=github&utm_medium=open_dataset&utm_campaign=paywall_gallery","2026-06-17"
"1487572960","NaturalReader - Text To Speech","NaturalSoft Limited","Productivity","33475","193","9.20","2025-08-26","3","3","6","No Free Trial - Soft Paywall","1 offer set across year","1","apps/naturalreader-text-to-speech-1487572960.md","screenshots/naturalreader-text-to-speech-1487572960/cover.webp","screenshots/naturalreader-text-to-speech-1487572960/cover.webp","screenshots/naturalreader-text-to-speech-1487572960/paywall-screen-2.webp|screenshots/naturalreader-text-to-speech-1487572960/paywall-screen-3.webp","https://www.paywallpro.app/apps/NaturalReader---Text-To-Speech-us?id=8583&utm_source=github&utm_medium=open_dataset&utm_campaign=paywall_gallery","https://www.paywallpro.app/apps/NaturalReader---Text-To-Speech-us?id=8583&utm_source=github&utm_medium=open_dataset&utm_campaign=paywall_gallery","2026-06-17"
"1450365119","Breeze: Start Self-Discovery","Basenji Apps","Lifestyle","33350","186","3.4.2","2025-12-22","3","12","9","Free Trial - Soft Paywall","1 offer set across week","1","apps/breeze-start-self-discovery-1450365119.md","screenshots/breeze-start-self-discovery-1450365119/cover.webp","screenshots/breeze-start-self-discovery-1450365119/cover.webp","screenshots/breeze-start-self-discovery-1450365119/paywall-screen-2.webp|screenshots/breeze-start-self-discovery-1450365119/paywall-screen-3.webp","https://www.paywallpro.app/apps/Breeze:-Start-Self-Discovery-us?id=187&utm_source=github&utm_medium=open_dataset&utm_campaign=paywall_gallery","https://www.paywallpro.app/apps/Breeze:-Start-Self-Discovery-us?id=187&utm_source=github&utm_medium=open_dataset&utm_campaign=paywall_gallery","2026-06-17"
"6463766369","Cozy Couples: Relationship App","Clarity Applications","Lifestyle","33265","100","1.45","2025-02-26","1","12","0","Free Trial - Soft Paywall","2 offer sets across month, year","2","apps/cozy-couples-relationship-app-6463766369.md","screenshots/cozy-couples-relationship-app-6463766369/cover.webp","screenshots/cozy-couples-relationship-app-6463766369/cover.webp","screenshots/cozy-couples-relationship-app-6463766369/paywall-monthly-4-99.webp|screenshots/cozy-couples-relationship-app-6463766369/paywall-screen-3.webp","https://www.paywallpro.app/apps/Cozy-Couples:-Relationship-App-us?id=1402198&utm_source=github&utm_medium=open_dataset&utm_campaign=paywall_gallery","https://www.paywallpro.app/apps/Cozy-Couples:-Relationship-App-us?id=1402198&utm_source=github&utm_medium=open_dataset&utm_campaign=paywall_gallery","2026-06-17"
"6751185513","WriteSwift AI - Note Taking","Stilwell Limited","Utilities","33239","0","2.2","2025-12-16","1","2","5","Free Trial - Soft Paywall","2 offer sets across week, month","2","apps/writeswift-ai-note-taking-6751185513.md","screenshots/writeswift-ai-note-taking-6751185513/cover.webp","screenshots/writeswift-ai-note-taking-6751185513/cover.webp","screenshots/writeswift-ai-note-taking-6751185513/paywall-weekly-19-99.webp|screenshots/writeswift-ai-note-taking-6751185513/paywall-screen-3.webp","https://www.paywallpro.app/apps/WriteSwift-AI---Note-Taking-us?id=2578638&utm_source=github&utm_medium=open_dataset&utm_campaign=paywall_gallery","https://www.paywallpro.app/apps/WriteSwift-AI---Note-Taking-us?id=2578638&utm_source=github&utm_medium=open_dataset&utm_campaign=paywall_gallery","2026-06-17"
"6468887595","Super AI Chat - AI Chatbot","Labhouse Mobile","Productivity","33236","199","1.5.0","2025-03-13","1","13","2","Free Trial - Soft Paywall","1 offer set across week, year","1","apps/super-ai-chat-ai-chatbot-6468887595.md","screenshots/super-ai-chat-ai-chatbot-6468887595/cover.webp","screenshots/super-ai-chat-ai-chatbot-6468887595/cover.webp","screenshots/super-ai-chat-ai-chatbot-6468887595/paywall-screen-2.webp|screenshots/super-ai-chat-ai-chatbot-6468887595/paywall-screen-3.webp","https://www.paywallpro.app/apps/Super-AI-Chat---AI-Chatbot-us?id=1480623&utm_source=github&utm_medium=open_dataset&utm_campaign=paywall_gallery","https://www.paywallpro.app/apps/Super-AI-Chat---AI-Chatbot-us?id=1480623&utm_source=github&utm_medium=open_dataset&utm_campaign=paywall_gallery","2026-06-17"
"986274256","ArcSite: Floor Plans and CAD","Arctuition LLC","Productivity","33166","200","5.13.0","2024-08-22","2","13","0","Free Trial - Soft Paywall","1 offer set across month","1","apps/arcsite-floor-plans-and-cad-986274256.md","screenshots/arcsite-floor-plans-and-cad-986274256/cover.webp","screenshots/arcsite-floor-plans-and-cad-986274256/cover.webp","screenshots/arcsite-floor-plans-and-cad-986274256/paywall-screen-2.webp|screenshots/arcsite-floor-plans-and-cad-986274256/paywall-screen-3.webp","https://www.paywallpro.app/apps/ArcSite:-Floor-Plans-and-CAD-us?id=646&utm_source=github&utm_medium=open_dataset&utm_campaign=paywall_gallery","https://www.paywallpro.app/apps/ArcSite:-Floor-Plans-and-CAD-us?id=646&utm_source=github&utm_medium=open_dataset&utm_campaign=paywall_gallery","2026-06-17"
"1485913772","Wondery: Must-Hear Podcasts","Wondery, LLC","News","33090","121","1.91.1","2025-09-08","3","5","6","Free Trial - Soft Paywall","1 offer set across month","1","apps/wondery-must-hear-podcasts-1485913772.md","screenshots/wondery-must-hear-podcasts-1485913772/cover.webp","screenshots/wondery-must-hear-podcasts-1485913772/cover.webp","screenshots/wondery-must-hear-podcasts-1485913772/paywall-screen-2.webp|screenshots/wondery-must-hear-podcasts-1485913772/paywall-screen-3.webp","https://www.paywallpro.app/apps/Wondery:-Must-Hear-Podcasts-us?id=9529&utm_source=github&utm_medium=open_dataset&utm_campaign=paywall_gallery","https://www.paywallpro.app/apps/Wondery:-Must-Hear-Podcasts-us?id=9529&utm_source=github&utm_medium=open_dataset&utm_campaign=paywall_gallery","2026-06-17"
"532085262","TheGrint: Golf GPS & Scorecard","GRINT LLC","Sports","33031","167","v17.1.4 Super Smash Bros","2025-10-01","2","17","5","Free Trial - Soft Paywall","2 offer sets across year","2","apps/thegrint-golf-gps-and-scorecard-532085262.md","screenshots/thegrint-golf-gps-and-scorecard-532085262/cover.webp","screenshots/thegrint-golf-gps-and-scorecard-532085262/cover.webp","screenshots/thegrint-golf-gps-and-scorecard-532085262/paywall-annual-59-99.webp|screenshots/thegrint-golf-gps-and-scorecard-532085262/paywall-screen-3.webp","https://www.paywallpro.app/apps/TheGrint:-Golf-GPS-&-Scorecard-us?id=526&utm_source=github&utm_medium=open_dataset&utm_campaign=paywall_gallery","https://www.paywallpro.app/apps/TheGrint:-Golf-GPS-&-Scorecard-us?id=526&utm_source=github&utm_medium=open_dataset&utm_campaign=paywall_gallery","2026-06-17"
"1565113819","LogicLike: Kids Learning Games","Massiana","Education","32973","183","2.94.0","2025-10-27","1","31","16","Free Trial - Soft Paywall","1 offer set across week, half year","1","apps/logiclike-kids-learning-games-1565113819.md","screenshots/logiclike-kids-learning-games-1565113819/cover.webp","screenshots/logiclike-kids-learning-games-1565113819/cover.webp","screenshots/logiclike-kids-learning-games-1565113819/paywall-screen-2.webp|screenshots/logiclike-kids-learning-games-1565113819/paywall-screen-3.webp","https://www.paywallpro.app/apps/LogicLike:-Kids-Learning-Games-us?id=1652182&utm_source=github&utm_medium=open_dataset&utm_campaign=paywall_gallery","https://www.paywallpro.app/apps/LogicLike:-Kids-Learning-Games-us?id=1652182&utm_source=github&utm_medium=open_dataset&utm_campaign=paywall_gallery","2026-06-17"
"342585873","BeenVerified: People Search","BeenVerified, Inc.","Reference","32970","91","9.0.99","2025-08-27","3","6","8","No Free Trial - Soft Paywall","1 offer set across month","1","apps/beenverified-people-search-342585873.md","screenshots/beenverified-people-search-342585873/cover.webp","screenshots/beenverified-people-search-342585873/cover.webp","screenshots/beenverified-people-search-342585873/paywall-screen-2.webp|screenshots/beenverified-people-search-342585873/paywall-screen-3.webp","https://www.paywallpro.app/apps/BeenVerified:-People-Search-us?id=357&utm_source=github&utm_medium=open_dataset&utm_campaign=paywall_gallery","https://www.paywallpro.app/apps/BeenVerified:-People-Search-us?id=357&utm_source=github&utm_medium=open_dataset&utm_campaign=paywall_gallery","2026-06-17"
"1624758651","Couple Joy - Relationship App","HEARTBIT S.R.L.","Lifestyle","32952","108","4.24.0","2025-12-20","2","17","6","No Free Trial - Soft Paywall","3 offer sets across month, year","3","apps/couple-joy-relationship-app-1624758651.md","screenshots/couple-joy-relationship-app-1624758651/cover.webp","screenshots/couple-joy-relationship-app-1624758651/cover.webp","screenshots/couple-joy-relationship-app-1624758651/paywall-annual-29-99.webp|screenshots/couple-joy-relationship-app-1624758651/paywall-monthly-12-99.webp","https://www.paywallpro.app/apps/Couple-Joy---Relationship-App-us?id=1278544&utm_source=github&utm_medium=open_dataset&utm_campaign=paywall_gallery","https://www.paywallpro.app/apps/Couple-Joy---Relationship-App-us?id=1278544&utm_source=github&utm_medium=open_dataset&utm_campaign=paywall_gallery","2026-06-17"
"6451491556","Wave AI Note Taker & Recorder","Mohrer Associates LLC","Productivity","32870","181","3.3.7","2025-11-12","7","9","5","Free Trial - Soft Paywall","1 offer set across week, year","1","apps/wave-ai-note-taker-and-recorder-6451491556.md","screenshots/wave-ai-note-taker-and-recorder-6451491556/cover.webp","screenshots/wave-ai-note-taker-and-recorder-6451491556/cover.webp","screenshots/wave-ai-note-taker-and-recorder-6451491556/paywall-screen-2.webp|screenshots/wave-ai-note-taker-and-recorder-6451491556/paywall-screen-3.webp","https://www.paywallpro.app/apps/Wave-AI-Note-Taker-&-Recorder-us?id=330840&utm_source=github&utm_medium=open_dataset&utm_campaign=paywall_gallery","https://www.paywallpro.app/apps/Wave-AI-Note-Taker-&-Recorder-us?id=330840&utm_source=github&utm_medium=open_dataset&utm_campaign=paywall_gallery","2026-06-17"
"6695743833","Hair AI: Hairstyle Filter, Cut","Spark Dynamic","Lifestyle","32819","31","1.2.1","2025-08-07","1","3","5","Free Trial - Soft Paywall","1 offer set across week, year","1","apps/hair-ai-hairstyle-filter-cut-6695743833.md","screenshots/hair-ai-hairstyle-filter-cut-6695743833/cover.webp","screenshots/hair-ai-hairstyle-filter-cut-6695743833/cover.webp","screenshots/hair-ai-hairstyle-filter-cut-6695743833/paywall-screen-2.webp|screenshots/hair-ai-hairstyle-filter-cut-6695743833/paywall-screen-3.webp","https://www.paywallpro.app/apps/Hair-AI:-Hairstyle-Filter%2C-Cut-us?id=1538705&utm_source=github&utm_medium=open_dataset&utm_campaign=paywall_gallery","https://www.paywallpro.app/apps/Hair-AI:-Hairstyle-Filter%2C-Cut-us?id=1538705&utm_source=github&utm_medium=open_dataset&utm_campaign=paywall_gallery","2026-06-17"
"6502455147","Phone Number Tracker: Location","Code Wizards Mobile LLC","Lifestyle","32740","125","1.2.4","2025-09-14","1","4","0","No Free Trial - Soft Paywall","1 offer set across week, year","1","apps/phone-number-tracker-location-6502455147.md","screenshots/phone-number-tracker-location-6502455147/cover.webp","screenshots/phone-number-tracker-location-6502455147/cover.webp","screenshots/phone-number-tracker-location-6502455147/paywall-screen-2.webp|screenshots/phone-number-tracker-location-6502455147/paywall-screen-3.webp","https://www.paywallpro.app/apps/Phone-Number-Tracker:-Location-us?id=1950005&utm_source=github&utm_medium=open_dataset&utm_campaign=paywall_gallery","https://www.paywallpro.app/apps/Phone-Number-Tracker:-Location-us?id=1950005&utm_source=github&utm_medium=open_dataset&utm_campaign=paywall_gallery","2026-06-17"
"6498628946","AI Video Generator, Pic・Filter","COSMOS OYUN YAZILIM DANIŞMANLIK SANAYİ TİCARET LİMİTED ŞİRKETİ","Photo & Video","32656","135","1.1.19","2025-05-16","1","12","0","No Free Trial - Soft Paywall","1 offer set across week, year","1","apps/ai-video-generator-pic-filter-6498628946.md","screenshots/ai-video-generator-pic-filter-6498628946/cover.webp","screenshots/ai-video-generator-pic-filter-6498628946/cover.webp","screenshots/ai-video-generator-pic-filter-6498628946/paywall-screen-2.webp|screenshots/ai-video-generator-pic-filter-6498628946/paywall-screen-3.webp","https://www.paywallpro.app/apps/AI-Video-Generator%2C-Pic%E3%83%BBFilter-us?id=1961365&utm_source=github&utm_medium=open_dataset&utm_campaign=paywall_gallery","https://www.paywallpro.app/apps/AI-Video-Generator%2C-Pic%E3%83%BBFilter-us?id=1961365&utm_source=github&utm_medium=open_dataset&utm_campaign=paywall_gallery","2026-06-17"
"1126477246","Piano ٞ","Impala Studios","Music","32642","48","2.15.6","2025-10-05","2","14","5","Free Trial - Soft Paywall","1 offer set across week, year","1","apps/piano-1126477246.md","screenshots/piano-1126477246/cover.webp","screenshots/piano-1126477246/cover.webp","screenshots/piano-1126477246/paywall-screen-2.webp|screenshots/piano-1126477246/paywall-screen-3.webp","https://www.paywallpro.app/apps/Piano-%D9%9E-us?id=998048&utm_source=github&utm_medium=open_dataset&utm_campaign=paywall_gallery","https://www.paywallpro.app/apps/Piano-%D9%9E-us?id=998048&utm_source=github&utm_medium=open_dataset&utm_campaign=paywall_gallery","2026-06-17"
"1274216319","Second Texting Number","Torqued Studios LLC","Social Networking","32610","117","3.4.5","2025-06-25","2","5","0","Free Trial - Soft Paywall","1 offer set across week, month","1","apps/second-texting-number-1274216319.md","screenshots/second-texting-number-1274216319/cover.webp","screenshots/second-texting-number-1274216319/cover.webp","screenshots/second-texting-number-1274216319/paywall-screen-2.webp|screenshots/second-texting-number-1274216319/paywall-screen-3.webp","https://www.paywallpro.app/apps/Second-Texting-Number-us?id=1169629&utm_source=github&utm_medium=open_dataset&utm_campaign=paywall_gallery","https://www.paywallpro.app/apps/Second-Texting-Number-us?id=1169629&utm_source=github&utm_medium=open_dataset&utm_campaign=paywall_gallery","2026-06-17"
"1516844582","Body Temperature App For Fever","AboutMe Apps, Inc.","Medical","32423","67","1.58.0","2025-10-22","2","8","6","No Free Trial - Soft Paywall, Free Trial - Soft Paywall","2 offer sets across week, month, year","2","apps/body-temperature-app-for-fever-1516844582.md","screenshots/body-temperature-app-for-fever-1516844582/cover.webp","screenshots/body-temperature-app-for-fever-1516844582/cover.webp","screenshots/body-temperature-app-for-fever-1516844582/paywall-weekly-4-99.webp|screenshots/body-temperature-app-for-fever-1516844582/paywall-screen-3.webp","https://www.paywallpro.app/apps/Body-Temperature-App-For-Fever-us?id=838711&utm_source=github&utm_medium=open_dataset&utm_campaign=paywall_gallery","https://www.paywallpro.app/apps/Body-Temperature-App-For-Fever-us?id=838711&utm_source=github&utm_medium=open_dataset&utm_campaign=paywall_gallery","2026-06-17"
"1193154948","VPN 360: Super Fast VPN Proxy","Pango GmbH","Productivity","32404","79","3.40.0","2025-12-02","4","0","5","Free Trial - Soft Paywall","1 offer set across month, year","1","apps/vpn-360-super-fast-vpn-proxy-1193154948.md","screenshots/vpn-360-super-fast-vpn-proxy-1193154948/cover.webp","screenshots/vpn-360-super-fast-vpn-proxy-1193154948/cover.webp","screenshots/vpn-360-super-fast-vpn-proxy-1193154948/paywall-screen-2.webp|screenshots/vpn-360-super-fast-vpn-proxy-1193154948/paywall-screen-3.webp","https://www.paywallpro.app/apps/VPN-360:-Super-Fast-VPN-Proxy-us?id=904&utm_source=github&utm_medium=open_dataset&utm_campaign=paywall_gallery","https://www.paywallpro.app/apps/VPN-360:-Super-Fast-VPN-Proxy-us?id=904&utm_source=github&utm_medium=open_dataset&utm_campaign=paywall_gallery","2026-06-17"
"448165862","MOMO陌陌-视频交友与语音聊天平台","Beijing Momo Technology Co., Ltd.","Social Networking","32380","119","9.18.10","2025-10-30","4","0","19","No Free Trial - Soft Paywall","2 offer sets across month, year, quarter","2","apps/momo-448165862.md","screenshots/momo-448165862/cover.webp","screenshots/momo-448165862/cover.webp","screenshots/momo-448165862/paywall-monthly-0-99-3-99.webp|screenshots/momo-448165862/paywall-screen-3.webp","https://www.paywallpro.app/apps/MOMO%E9%99%8C%E9%99%8C-%E8%A7%86%E9%A2%91%E4%BA%A4%E5%8F%8B%E4%B8%8E%E8%AF%AD%E9%9F%B3%E8%81%8A%E5%A4%A9%E5%B9%B3%E5%8F%B0-us?id=2953&utm_source=github&utm_medium=open_dataset&utm_campaign=paywall_gallery","https://www.paywallpro.app/apps/MOMO%E9%99%8C%E9%99%8C-%E8%A7%86%E9%A2%91%E4%BA%A4%E5%8F%8B%E4%B8%8E%E8%AF%AD%E9%9F%B3%E8%81%8A%E5%A4%A9%E5%B9%B3%E5%8F%B0-us?id=2953&utm_source=github&utm_medium=open_dataset&utm_campaign=paywall_gallery","2026-06-17"
"1484655112","Tamadog - Puppy Pet Dog Games","APPSYOULOVE LTD","Games","32328","187","4.1.1","2025-12-19","2","4","0","Currency Paywall","Not available in preview","0","apps/tamadog-puppy-pet-dog-games-1484655112.md","screenshots/tamadog-puppy-pet-dog-games-1484655112/cover.webp","screenshots/tamadog-puppy-pet-dog-games-1484655112/cover.webp","screenshots/tamadog-puppy-pet-dog-games-1484655112/paywall-screen-2.webp|screenshots/tamadog-puppy-pet-dog-games-1484655112/paywall-screen-3.webp","https://www.paywallpro.app/apps/Tamadog---Puppy-Pet-Dog-Games-us?id=711&utm_source=github&utm_medium=open_dataset&utm_campaign=paywall_gallery","https://www.paywallpro.app/apps/Tamadog---Puppy-Pet-Dog-Games-us?id=711&utm_source=github&utm_medium=open_dataset&utm_campaign=paywall_gallery","2026-06-17"
"373238146","LA Times","Los Angeles Times Communications LLC","News","32289","49","6.0.89","2025-12-17","3","0","8","Free Trial - Soft Paywall","1 offer set across month","1","apps/la-times-373238146.md","screenshots/la-times-373238146/cover.webp","screenshots/la-times-373238146/cover.webp","screenshots/la-times-373238146/paywall-screen-2.webp|screenshots/la-times-373238146/paywall-screen-3.webp","https://www.paywallpro.app/apps/LA-Times-us?id=18983&utm_source=github&utm_medium=open_dataset&utm_campaign=paywall_gallery","https://www.paywallpro.app/apps/LA-Times-us?id=18983&utm_source=github&utm_medium=open_dataset&utm_campaign=paywall_gallery","2026-06-17"
"1040093707","iScanner: PDF Document Scanner","BPMobile","Business","32048","40","5.89","2026-02-17","4","8","13","Free Trial - Soft Paywall","1 offer set across week, year","1","apps/iscanner-pdf-document-scanner-1040093707.md","screenshots/iscanner-pdf-document-scanner-1040093707/cover.webp","screenshots/iscanner-pdf-document-scanner-1040093707/cover.webp","screenshots/iscanner-pdf-document-scanner-1040093707/paywall-screen-2.webp|screenshots/iscanner-pdf-document-scanner-1040093707/paywall-screen-3.webp","https://www.paywallpro.app/apps/iScanner:-PDF-Document-Scanner-us?id=72&utm_source=github&utm_medium=open_dataset&utm_campaign=paywall_gallery","https://www.paywallpro.app/apps/iScanner:-PDF-Document-Scanner-us?id=72&utm_source=github&utm_medium=open_dataset&utm_campaign=paywall_gallery","2026-06-05"
"6475691697","BrainGain - Brain Training","AIBY","Education","32041","139","1.26","2025-01-20","2","9","0","Free Trial - Soft Paywall","1 offer set across week, year","1","apps/braingain-brain-training-6475691697.md","screenshots/braingain-brain-training-6475691697/cover.webp","screenshots/braingain-brain-training-6475691697/cover.webp","screenshots/braingain-brain-training-6475691697/paywall-screen-2.webp|screenshots/braingain-brain-training-6475691697/paywall-screen-3.webp","https://www.paywallpro.app/apps/BrainGain---Brain-Training-us?id=971240&utm_source=github&utm_medium=open_dataset&utm_campaign=paywall_gallery","https://www.paywallpro.app/apps/BrainGain---Brain-Training-us?id=971240&utm_source=github&utm_medium=open_dataset&utm_campaign=paywall_gallery","2026-06-17"
"6479678271","Quiz AI: Homework Helper","帅 惠","Education","32020","74","1.8.0","2025-10-23","1","8","3","Free Trial - Soft Paywall","1 offer set across week, year","1","apps/quiz-ai-homework-helper-6479678271.md","screenshots/quiz-ai-homework-helper-6479678271/cover.webp","screenshots/quiz-ai-homework-helper-6479678271/cover.webp","screenshots/quiz-ai-homework-helper-6479678271/paywall-screen-2.webp|screenshots/quiz-ai-homework-helper-6479678271/paywall-screen-3.webp","https://www.paywallpro.app/apps/Quiz-AI:-Homework-Helper-us?id=1958373&utm_source=github&utm_medium=open_dataset&utm_campaign=paywall_gallery","https://www.paywallpro.app/apps/Quiz-AI:-Homework-Helper-us?id=1958373&utm_source=github&utm_medium=open_dataset&utm_campaign=paywall_gallery","2026-06-17"
"6745821219","Antique Identifier Zophi","326 LAB - FZCO","Photo & Video","31799","142","1.2.0","2025-09-15","1","7","4","Free Trial - Soft Paywall, No Free Trial - Soft Paywall","2 offer sets across week, year","2","apps/antique-identifier-zophi-6745821219.md","screenshots/antique-identifier-zophi-6745821219/cover.webp","screenshots/antique-identifier-zophi-6745821219/cover.webp","screenshots/antique-identifier-zophi-6745821219/paywall-weekly-0-38.webp|screenshots/antique-identifier-zophi-6745821219/paywall-screen-3.webp","https://www.paywallpro.app/apps/Antique-Identifier-Zophi-us?id=2093176&utm_source=github&utm_medium=open_dataset&utm_campaign=paywall_gallery","https://www.paywallpro.app/apps/Antique-Identifier-Zophi-us?id=2093176&utm_source=github&utm_medium=open_dataset&utm_campaign=paywall_gallery","2026-06-17"
"393402212","GROWLR: Gay Bears Near You","GROWLR, LLC","Social Networking","31669","176","16.35.0","2024-04-08","1","4","0","No Free Trial - Soft Paywall","2 offer sets across month, year, quarter","2","apps/growlr-gay-bears-near-you-393402212.md","screenshots/growlr-gay-bears-near-you-393402212/cover.webp","screenshots/growlr-gay-bears-near-you-393402212/cover.webp","screenshots/growlr-gay-bears-near-you-393402212/paywall-monthly-14-99.webp|screenshots/growlr-gay-bears-near-you-393402212/paywall-screen-3.webp","https://www.paywallpro.app/apps/GROWLR:-Gay-Bears-Near-You-us?id=2965&utm_source=github&utm_medium=open_dataset&utm_campaign=paywall_gallery","https://www.paywallpro.app/apps/GROWLR:-Gay-Bears-Near-You-us?id=2965&utm_source=github&utm_medium=open_dataset&utm_campaign=paywall_gallery","2026-06-17"
"6449704549","Nerd AI - Math Problem Solver","DEEP FLOW SOFTWARE SERVICES","Education","31611","194","3.9.6","2025-08-27","5","10","0","Free Trial - Soft Paywall","1 offer set across week, one-time purchase","1","apps/nerd-ai-math-problem-solver-6449704549.md","screenshots/nerd-ai-math-problem-solver-6449704549/cover.webp","screenshots/nerd-ai-math-problem-solver-6449704549/cover.webp","screenshots/nerd-ai-math-problem-solver-6449704549/paywall-screen-2.webp|screenshots/nerd-ai-math-problem-solver-6449704549/paywall-screen-3.webp","https://www.paywallpro.app/apps/Nerd-AI---Math-Problem-Solver-us?id=427&utm_source=github&utm_medium=open_dataset&utm_campaign=paywall_gallery","https://www.paywallpro.app/apps/Nerd-AI---Math-Problem-Solver-us?id=427&utm_source=github&utm_medium=open_dataset&utm_campaign=paywall_gallery","2026-06-17"
"6449484412","Phone Storage Cleaner: Free up","Must Have Apps","Utilities","31485","173","2.3.13","2024-11-26","1","4","0","No Free Trial - Soft Paywall, Free Trial - Soft Paywall","2 offer sets across week, year","2","apps/phone-storage-cleaner-free-up-6449484412.md","screenshots/phone-storage-cleaner-free-up-6449484412/cover.webp","screenshots/phone-storage-cleaner-free-up-6449484412/cover.webp","screenshots/phone-storage-cleaner-free-up-6449484412/paywall-weekly-6-99.webp|screenshots/phone-storage-cleaner-free-up-6449484412/paywall-screen-3.webp","https://www.paywallpro.app/apps/Phone-Storage-Cleaner:-Free-up-us?id=407477&utm_source=github&utm_medium=open_dataset&utm_campaign=paywall_gallery","https://www.paywallpro.app/apps/Phone-Storage-Cleaner:-Free-up-us?id=407477&utm_source=github&utm_medium=open_dataset&utm_campaign=paywall_gallery","2026-06-17"
"6444277853","Funny Prank Sounds Video Calls","MEGA SKY KOREA TRADING LIMITED","Entertainment","31124","186","1.8.0","2024-01-15","1","2","0","Free Trial - Soft Paywall","2 offer sets across week, month, year","2","apps/funny-prank-sounds-video-calls-6444277853.md","screenshots/funny-prank-sounds-video-calls-6444277853/cover.webp","screenshots/funny-prank-sounds-video-calls-6444277853/cover.webp","screenshots/funny-prank-sounds-video-calls-6444277853/paywall-weekly-4-99.webp|screenshots/funny-prank-sounds-video-calls-6444277853/paywall-screen-3.webp","https://www.paywallpro.app/apps/Funny-Prank-Sounds-Video-Calls-us?id=16145&utm_source=github&utm_medium=open_dataset&utm_campaign=paywall_gallery","https://www.paywallpro.app/apps/Funny-Prank-Sounds-Video-Calls-us?id=16145&utm_source=github&utm_medium=open_dataset&utm_campaign=paywall_gallery","2026-06-17"
"545395155","Anghami: Play Music & Podcasts","Anghami","Music","31077","198","8.0.20","2026-01-12","3","0","10","Free Trial - Soft Paywall","1 offer set across month","1","apps/anghami-play-music-and-podcasts-545395155.md","screenshots/anghami-play-music-and-podcasts-545395155/cover.webp","screenshots/anghami-play-music-and-podcasts-545395155/cover.webp","screenshots/anghami-play-music-and-podcasts-545395155/paywall-screen-2.webp|screenshots/anghami-play-music-and-podcasts-545395155/paywall-screen-3.webp","https://www.paywallpro.app/apps/Anghami:-Play-Music-&-Podcasts-us?id=787&utm_source=github&utm_medium=open_dataset&utm_campaign=paywall_gallery","https://www.paywallpro.app/apps/Anghami:-Play-Music-&-Podcasts-us?id=787&utm_source=github&utm_medium=open_dataset&utm_campaign=paywall_gallery","2026-06-17"
"426826309","Strava: Run, Bike, Walk","Strava, Inc.","Health & Fitness","31063","2","448.0.0","2026-01-30","5","19","14","Free Trial - Soft Paywall","2 offer sets across month, year","2","apps/strava-run-bike-walk-426826309.md","screenshots/strava-run-bike-walk-426826309/cover.webp","screenshots/strava-run-bike-walk-426826309/cover.webp","screenshots/strava-run-bike-walk-426826309/paywall-monthly-11-99.webp|screenshots/strava-run-bike-walk-426826309/paywall-screen-3.webp","https://www.paywallpro.app/apps/Strava:-Run%2C-Bike%2C-Walk-us?id=71&utm_source=github&utm_medium=open_dataset&utm_campaign=paywall_gallery","https://www.paywallpro.app/apps/Strava:-Run%2C-Bike%2C-Walk-us?id=71&utm_source=github&utm_medium=open_dataset&utm_campaign=paywall_gallery","2026-06-17"
"6478655348","HyNote: AI Note Taker, Summary","Tuling Network Limited","Productivity","31040","166","10.3","2025-03-12","1","5","2","Free Trial - Soft Paywall","2 offer sets across month, year","2","apps/hynote-ai-note-taker-summary-6478655348.md","screenshots/hynote-ai-note-taker-summary-6478655348/cover.webp","screenshots/hynote-ai-note-taker-summary-6478655348/cover.webp","screenshots/hynote-ai-note-taker-summary-6478655348/paywall-monthly-12-99-19-99.webp|screenshots/hynote-ai-note-taker-summary-6478655348/paywall-screen-3.webp","https://www.paywallpro.app/apps/HyNote:-AI-Note-Taker%2C-Summary-us?id=1497857&utm_source=github&utm_medium=open_dataset&utm_campaign=paywall_gallery","https://www.paywallpro.app/apps/HyNote:-AI-Note-Taker%2C-Summary-us?id=1497857&utm_source=github&utm_medium=open_dataset&utm_campaign=paywall_gallery","2026-06-17"
"6748373771","VCharm - your AI love coach","Fidan Aksoy","Lifestyle","30885","0","1.4.0","2026-01-16","1","0","9","No Free Trial - Soft Paywall, Currency Paywall","1 offer set across week, month","1","apps/vcharm-your-ai-love-coach-6748373771.md","screenshots/vcharm-your-ai-love-coach-6748373771/cover.webp","screenshots/vcharm-your-ai-love-coach-6748373771/cover.webp","screenshots/vcharm-your-ai-love-coach-6748373771/paywall-currency-paywall.webp|screenshots/vcharm-your-ai-love-coach-6748373771/paywall-currency-paywall-2.webp","https://www.paywallpro.app/apps/VCharm---your-AI-love-coach-us?id=2821095&utm_source=github&utm_medium=open_dataset&utm_campaign=paywall_gallery","https://www.paywallpro.app/apps/VCharm---your-AI-love-coach-us?id=2821095&utm_source=github&utm_medium=open_dataset&utm_campaign=paywall_gallery","2026-06-17"
"1612024321","Speaker & Headphones Connect","Maple Labs Co., Ltd","Music","30759","100","6.7","2025-08-26","3","8","5","No Free Trial - Soft Paywall","1 offer set across week, year","1","apps/speaker-and-headphones-connect-1612024321.md","screenshots/speaker-and-headphones-connect-1612024321/cover.webp","screenshots/speaker-and-headphones-connect-1612024321/cover.webp","screenshots/speaker-and-headphones-connect-1612024321/paywall-screen-2.webp|screenshots/speaker-and-headphones-connect-1612024321/paywall-screen-3.webp","https://www.paywallpro.app/apps/Speaker-&-Headphones-Connect-us?id=1192240&utm_source=github&utm_medium=open_dataset&utm_campaign=paywall_gallery","https://www.paywallpro.app/apps/Speaker-&-Headphones-Connect-us?id=1192240&utm_source=github&utm_medium=open_dataset&utm_campaign=paywall_gallery","2026-06-17"
"1079974015","ABCya Games: Kids Learning App","Curiosity Media","Education","30750","196","2.28.0","2025-06-30","2","6","0","No Free Trial - Soft Paywall","2 offer sets across year","2","apps/abcya-games-kids-learning-app-1079974015.md","screenshots/abcya-games-kids-learning-app-1079974015/cover.webp","screenshots/abcya-games-kids-learning-app-1079974015/cover.webp","screenshots/abcya-games-kids-learning-app-1079974015/paywall-annual-299-99.webp|screenshots/abcya-games-kids-learning-app-1079974015/paywall-screen-3.webp","https://www.paywallpro.app/apps/ABCya-Games:-Kids-Learning-App-us?id=737&utm_source=github&utm_medium=open_dataset&utm_campaign=paywall_gallery","https://www.paywallpro.app/apps/ABCya-Games:-Kids-Learning-App-us?id=737&utm_source=github&utm_medium=open_dataset&utm_campaign=paywall_gallery","2026-06-17"
"1541008027","Printer app ®","SMM service, s.r.o.","Business","30672","70","1.3.8","2024-08-01","2","10","0","Free Trial - Soft Paywall","1 offer set across month, year","1","apps/printer-app-1541008027.md","screenshots/printer-app-1541008027/cover.webp","screenshots/printer-app-1541008027/cover.webp","screenshots/printer-app-1541008027/paywall-screen-2.webp|screenshots/printer-app-1541008027/paywall-screen-3.webp","https://www.paywallpro.app/apps/Printer-app-%C2%AE-us?id=3908&utm_source=github&utm_medium=open_dataset&utm_campaign=paywall_gallery","https://www.paywallpro.app/apps/Printer-app-%C2%AE-us?id=3908&utm_source=github&utm_medium=open_dataset&utm_campaign=paywall_gallery","2026-06-17"
"6755029675","Candid - Capture the Moment","Derman YOLSUZ","Lifestyle","30617","0","2.0.1","2025-12-03","1","2","5","Currency Paywall","Not available in preview","0","apps/candid-capture-the-moment-6755029675.md","screenshots/candid-capture-the-moment-6755029675/cover.webp","screenshots/candid-capture-the-moment-6755029675/cover.webp","screenshots/candid-capture-the-moment-6755029675/paywall-screen-2.webp|screenshots/candid-capture-the-moment-6755029675/paywall-screen-3.webp","https://www.paywallpro.app/apps/Candid---Capture-the-Moment-us?id=2708042&utm_source=github&utm_medium=open_dataset&utm_campaign=paywall_gallery","https://www.paywallpro.app/apps/Candid---Capture-the-Moment-us?id=2708042&utm_source=github&utm_medium=open_dataset&utm_campaign=paywall_gallery","2026-06-17"
"6477182657","Leica LUX - Pro Manual Camera","Leica Camera AG","Photo & Video","30544","88","1.1.5","2024-09-19","1","6","0","Free Trial - Soft Paywall","1 offer set across month, year","1","apps/leica-lux-pro-manual-camera-6477182657.md","screenshots/leica-lux-pro-manual-camera-6477182657/cover.webp","screenshots/leica-lux-pro-manual-camera-6477182657/cover.webp","screenshots/leica-lux-pro-manual-camera-6477182657/paywall-screen-2.webp|screenshots/leica-lux-pro-manual-camera-6477182657/paywall-screen-3.webp","https://www.paywallpro.app/apps/Leica-LUX---Pro-Manual-Camera-us?id=330339&utm_source=github&utm_medium=open_dataset&utm_campaign=paywall_gallery","https://www.paywallpro.app/apps/Leica-LUX---Pro-Manual-Camera-us?id=330339&utm_source=github&utm_medium=open_dataset&utm_campaign=paywall_gallery","2026-06-17"
"1080655620","BlazeTV: Pro-America","Blaze Media LLC","News","30430","181","7.17.0","2025-12-16","2","0","7","No Free Trial - Soft Paywall","1 offer set across month, year","1","apps/blazetv-pro-america-1080655620.md","screenshots/blazetv-pro-america-1080655620/cover.webp","screenshots/blazetv-pro-america-1080655620/cover.webp","screenshots/blazetv-pro-america-1080655620/paywall-screen-2.webp|screenshots/blazetv-pro-america-1080655620/paywall-screen-3.webp","https://www.paywallpro.app/apps/BlazeTV:-Pro-America-us?id=680&utm_source=github&utm_medium=open_dataset&utm_campaign=paywall_gallery","https://www.paywallpro.app/apps/BlazeTV:-Pro-America-us?id=680&utm_source=github&utm_medium=open_dataset&utm_campaign=paywall_gallery","2026-06-17"
"1441880422","Whoop Triggerz Plus","The C-Dub Brand, LLC","Music","30374","0","2.1.19","2025-09-18","1","0","5","No Free Trial - Soft Paywall","1 offer set across month","1","apps/whoop-triggerz-plus-1441880422.md","screenshots/whoop-triggerz-plus-1441880422/cover.webp","screenshots/whoop-triggerz-plus-1441880422/cover.webp","screenshots/whoop-triggerz-plus-1441880422/paywall-screen-2.webp|screenshots/whoop-triggerz-plus-1441880422/paywall-screen-3.webp","https://www.paywallpro.app/apps/Whoop-Triggerz-Plus-us?id=1563237&utm_source=github&utm_medium=open_dataset&utm_campaign=paywall_gallery","https://www.paywallpro.app/apps/Whoop-Triggerz-Plus-us?id=1563237&utm_source=github&utm_medium=open_dataset&utm_campaign=paywall_gallery","2026-06-17"
"6446290569","Watch Faces - WatchLab","Live Wallpapers","Lifestyle","30360","181","1.13","2024-05-24","1","3","0","Free Trial - Soft Paywall","1 offer set across week, one-time purchase","1","apps/watch-faces-watchlab-6446290569.md","screenshots/watch-faces-watchlab-6446290569/cover.webp","screenshots/watch-faces-watchlab-6446290569/cover.webp","screenshots/watch-faces-watchlab-6446290569/paywall-screen-2.webp|screenshots/watch-faces-watchlab-6446290569/paywall-screen-3.webp","https://www.paywallpro.app/apps/Watch-Faces---WatchLab-us?id=18036&utm_source=github&utm_medium=open_dataset&utm_campaign=paywall_gallery","https://www.paywallpro.app/apps/Watch-Faces---WatchLab-us?id=18036&utm_source=github&utm_medium=open_dataset&utm_campaign=paywall_gallery","2026-06-17"
"6448330325","AI Cleaner: Clean Up Storage","GRIMLAX TRADE, S.L.","Utilities","30357","33","5.3","2026-03-26","10","7","7","Free Trial - Soft Paywall","1 offer set across week, year","1","apps/ai-cleaner-clean-up-storage-6448330325.md","screenshots/ai-cleaner-clean-up-storage-6448330325/cover.webp","screenshots/ai-cleaner-clean-up-storage-6448330325/cover.webp","screenshots/ai-cleaner-clean-up-storage-6448330325/paywall-screen-2.webp|screenshots/ai-cleaner-clean-up-storage-6448330325/paywall-screen-3.webp","https://www.paywallpro.app/apps/AI-Cleaner:-Clean-Up-Storage-us?id=300&utm_source=github&utm_medium=open_dataset&utm_campaign=paywall_gallery","https://www.paywallpro.app/apps/AI-Cleaner:-Clean-Up-Storage-us?id=300&utm_source=github&utm_medium=open_dataset&utm_campaign=paywall_gallery","2026-06-17"
"6529535168","AI Music: Cover & Song Maker","Comapps LLC","Music","30351","165","2.1.1","2026-01-13","3","5","6","No Free Trial - Soft Paywall","1 offer set across week, year","1","apps/ai-music-cover-and-song-maker-6529535168.md","screenshots/ai-music-cover-and-song-maker-6529535168/cover.webp","screenshots/ai-music-cover-and-song-maker-6529535168/cover.webp","screenshots/ai-music-cover-and-song-maker-6529535168/paywall-screen-2.webp|screenshots/ai-music-cover-and-song-maker-6529535168/paywall-screen-3.webp","https://www.paywallpro.app/apps/AI-Music:-Cover-&-Song-Maker-us?id=847822&utm_source=github&utm_medium=open_dataset&utm_campaign=paywall_gallery","https://www.paywallpro.app/apps/AI-Music:-Cover-&-Song-Maker-us?id=847822&utm_source=github&utm_medium=open_dataset&utm_campaign=paywall_gallery","2026-06-17"
"575756462","eMeals - Healthy Meal Plans","eMeals, Inc.","Food & Drink","30328","189","6.0.6","2025-08-12","2","6","0","Free Trial - Soft Paywall","1 offer set across month, year","1","apps/emeals-healthy-meal-plans-575756462.md","screenshots/emeals-healthy-meal-plans-575756462/cover.webp","screenshots/emeals-healthy-meal-plans-575756462/cover.webp","screenshots/emeals-healthy-meal-plans-575756462/paywall-screen-2.webp|screenshots/emeals-healthy-meal-plans-575756462/paywall-screen-3.webp","https://www.paywallpro.app/apps/eMeals---Healthy-Meal-Plans-us?id=853&utm_source=github&utm_medium=open_dataset&utm_campaign=paywall_gallery","https://www.paywallpro.app/apps/eMeals---Healthy-Meal-Plans-us?id=853&utm_source=github&utm_medium=open_dataset&utm_campaign=paywall_gallery","2026-06-17"
"1177964608","TOR Browser: OrNET Onion + VPN","Stronger Apps","Productivity","30311","103","3.9.1","2025-10-27","1","7","5","Free Trial - Soft Paywall","1 offer set across year","1","apps/tor-browser-ornet-onion-vpn-1177964608.md","screenshots/tor-browser-ornet-onion-vpn-1177964608/cover.webp","screenshots/tor-browser-ornet-onion-vpn-1177964608/cover.webp","screenshots/tor-browser-ornet-onion-vpn-1177964608/paywall-screen-2.webp|screenshots/tor-browser-ornet-onion-vpn-1177964608/paywall-screen-3.webp","https://www.paywallpro.app/apps/TOR-Browser:-OrNET-Onion-%2B-VPN-us?id=1951406&utm_source=github&utm_medium=open_dataset&utm_campaign=paywall_gallery","https://www.paywallpro.app/apps/TOR-Browser:-OrNET-Onion-%2B-VPN-us?id=1951406&utm_source=github&utm_medium=open_dataset&utm_campaign=paywall_gallery","2026-06-17"
"1661308505","ChatOn AI - Chat Bot Assistant","AIBY","Productivity","30245","30","1.81","2026-03-16","7","10","8","Free Trial - Soft Paywall","1 offer set across week, year","1","apps/chaton-ai-chat-bot-assistant-1661308505.md","screenshots/chaton-ai-chat-bot-assistant-1661308505/cover.webp","screenshots/chaton-ai-chat-bot-assistant-1661308505/cover.webp","screenshots/chaton-ai-chat-bot-assistant-1661308505/paywall-screen-2.webp|screenshots/chaton-ai-chat-bot-assistant-1661308505/paywall-screen-3.webp","https://www.paywallpro.app/apps/ChatOn-AI---Chat-Bot-Assistant-us?id=95&utm_source=github&utm_medium=open_dataset&utm_campaign=paywall_gallery","https://www.paywallpro.app/apps/ChatOn-AI---Chat-Bot-Assistant-us?id=95&utm_source=github&utm_medium=open_dataset&utm_campaign=paywall_gallery","2026-06-17"
"6444042347","Aha World: Avatar & Family Fun","iHuman (SG) PTE. LTD.","Education","30201","116","4.26.0","2025-10-25","3","9","36","No Free Trial - Soft Paywall","4 offer sets across month, year, one-time purchase","4","apps/aha-world-avatar-and-family-fun-6444042347.md","screenshots/aha-world-avatar-and-family-fun-6444042347/cover.webp","screenshots/aha-world-avatar-and-family-fun-6444042347/cover.webp","screenshots/aha-world-avatar-and-family-fun-6444042347/paywall-one-time-purchase-3-99-4-99.webp|screenshots/aha-world-avatar-and-family-fun-6444042347/paywall-one-time-purchase-4-99-2-99.webp","https://www.paywallpro.app/apps/Aha-World:-Avatar-&-Family-Fun-us?id=834&utm_source=github&utm_medium=open_dataset&utm_campaign=paywall_gallery","https://www.paywallpro.app/apps/Aha-World:-Avatar-&-Family-Fun-us?id=834&utm_source=github&utm_medium=open_dataset&utm_campaign=paywall_gallery","2026-06-28"
"454768104","Pic Stitch - Collage Editor","Maple Media Apps, LLC","Photo & Video","30180","96","8.3.22","2025-08-10","3","0","6","Free Trial - Soft Paywall, No Free Trial - Soft Paywall","2 offer sets across month, year, one-time purchase","2","apps/pic-stitch-collage-editor-454768104.md","screenshots/pic-stitch-collage-editor-454768104/cover.webp","screenshots/pic-stitch-collage-editor-454768104/cover.webp","screenshots/pic-stitch-collage-editor-454768104/paywall-one-time-purchase-199-99.webp|screenshots/pic-stitch-collage-editor-454768104/paywall-screen-3.webp","https://www.paywallpro.app/apps/Pic-Stitch---Collage-Editor-us?id=835&utm_source=github&utm_medium=open_dataset&utm_campaign=paywall_gallery","https://www.paywallpro.app/apps/Pic-Stitch---Collage-Editor-us?id=835&utm_source=github&utm_medium=open_dataset&utm_campaign=paywall_gallery","2026-06-28"
"602660809","Reuters - Breaking World News","Thomson Reuters Enterprise Centre GmbH","News","30089","43","7.29","2025-12-16","2","0","7","No Free Trial - Soft Paywall","1 offer set across month","1","apps/reuters-breaking-world-news-602660809.md","screenshots/reuters-breaking-world-news-602660809/cover.webp","screenshots/reuters-breaking-world-news-602660809/cover.webp","screenshots/reuters-breaking-world-news-602660809/paywall-screen-2.webp|screenshots/reuters-breaking-world-news-602660809/paywall-screen-3.webp","https://www.paywallpro.app/apps/Reuters---Breaking-World-News-us?id=916800&utm_source=github&utm_medium=open_dataset&utm_campaign=paywall_gallery","https://www.paywallpro.app/apps/Reuters---Breaking-World-News-us?id=916800&utm_source=github&utm_medium=open_dataset&utm_campaign=paywall_gallery","2026-06-28"
"504631398","USA TODAY: US & Breaking News","USA TODAY","News","29986","43","8.7.1","2025-12-18","2","6","6","No Free Trial - Soft Paywall","1 offer set across month, year","1","apps/usa-today-us-and-breaking-news-504631398.md","screenshots/usa-today-us-and-breaking-news-504631398/cover.webp","screenshots/usa-today-us-and-breaking-news-504631398/cover.webp","screenshots/usa-today-us-and-breaking-news-504631398/paywall-screen-2.webp|screenshots/usa-today-us-and-breaking-news-504631398/paywall-screen-3.webp","https://www.paywallpro.app/apps/USA-TODAY:-US-&-Breaking-News-us?id=858&utm_source=github&utm_medium=open_dataset&utm_campaign=paywall_gallery","https://www.paywallpro.app/apps/USA-TODAY:-US-&-Breaking-News-us?id=858&utm_source=github&utm_medium=open_dataset&utm_campaign=paywall_gallery","2026-06-28"
"1393061654","Tezza: Aesthetic Photo Editor","Tezza App LLC","Photo & Video","29882","38","8.17.1","2026-01-26","5","6","6","Free Trial - Soft Paywall","2 offer sets across week, month, year","2","apps/tezza-aesthetic-photo-editor-1393061654.md","screenshots/tezza-aesthetic-photo-editor-1393061654/cover.webp","screenshots/tezza-aesthetic-photo-editor-1393061654/cover.webp","screenshots/tezza-aesthetic-photo-editor-1393061654/paywall-monthly-9-99-6-99.webp|screenshots/tezza-aesthetic-photo-editor-1393061654/paywall-screen-3.webp","https://www.paywallpro.app/apps/Tezza:-Aesthetic-Photo-Editor-us?id=174&utm_source=github&utm_medium=open_dataset&utm_campaign=paywall_gallery","https://www.paywallpro.app/apps/Tezza:-Aesthetic-Photo-Editor-us?id=174&utm_source=github&utm_medium=open_dataset&utm_campaign=paywall_gallery","2026-06-05"
"1577705074","EPIK - AI Photo & Video Editor","SNOW Corporation","Photo & Video","29660","112","5.2.11","2024-09-14","1","0","4","Free Trial - Soft Paywall","2 offer sets across month, year","2","apps/epik-ai-photo-and-video-editor-1577705074.md","screenshots/epik-ai-photo-and-video-editor-1577705074/cover.webp","screenshots/epik-ai-photo-and-video-editor-1577705074/cover.webp","screenshots/epik-ai-photo-and-video-editor-1577705074/paywall-annual-51-98.webp|screenshots/epik-ai-photo-and-video-editor-1577705074/paywall-screen-3.webp","https://www.paywallpro.app/apps/EPIK---AI-Photo-&-Video-Editor-us?id=819&utm_source=github&utm_medium=open_dataset&utm_campaign=paywall_gallery","https://www.paywallpro.app/apps/EPIK---AI-Photo-&-Video-Editor-us?id=819&utm_source=github&utm_medium=open_dataset&utm_campaign=paywall_gallery","2026-06-28"
"484672289","NBA: Live Games & Scores","NBA MEDIA VENTURES, LLC","Sports","29605","3","120712","2026-03-12","6","8","6","No Free Trial - Soft Paywall","1 offer set across month","1","apps/nba-live-games-and-scores-484672289.md","screenshots/nba-live-games-and-scores-484672289/cover.webp","screenshots/nba-live-games-and-scores-484672289/cover.webp","screenshots/nba-live-games-and-scores-484672289/paywall-screen-2.webp|screenshots/nba-live-games-and-scores-484672289/paywall-screen-3.webp","https://www.paywallpro.app/apps/NBA:-Live-Games-&-Scores-us?id=102&utm_source=github&utm_medium=open_dataset&utm_campaign=paywall_gallery","https://www.paywallpro.app/apps/NBA:-Live-Games-&-Scores-us?id=102&utm_source=github&utm_medium=open_dataset&utm_campaign=paywall_gallery","2026-06-28"
"1470373330","Remini - AI Photo Enhancer","Bending Spoons Apps ApS","Photo & Video","29536","28","2.10.178","2026-02-02","5","13","7","Free Trial - Soft Paywall, No Free Trial - Soft Paywall","2 offer sets across week, year","2","apps/remini-ai-photo-enhancer-1470373330.md","screenshots/remini-ai-photo-enhancer-1470373330/cover.webp","screenshots/remini-ai-photo-enhancer-1470373330/cover.webp","screenshots/remini-ai-photo-enhancer-1470373330/paywall-weekly-9-99-4-99.webp|screenshots/remini-ai-photo-enhancer-1470373330/paywall-screen-3.webp","https://www.paywallpro.app/apps/Remini---AI-Photo-Enhancer-us?id=79&utm_source=github&utm_medium=open_dataset&utm_campaign=paywall_gallery","https://www.paywallpro.app/apps/Remini---AI-Photo-Enhancer-us?id=79&utm_source=github&utm_medium=open_dataset&utm_campaign=paywall_gallery","2026-06-28"
"287734809","Whitepages: People Search","Whitepages.com","Reference","29469","117","7.21.0","2025-10-01","6","0","8","No Free Trial - Soft Paywall","1 offer set across month, year, one-time purchase","1","apps/whitepages-people-search-287734809.md","screenshots/whitepages-people-search-287734809/cover.webp","screenshots/whitepages-people-search-287734809/cover.webp","screenshots/whitepages-people-search-287734809/paywall-screen-2.webp|screenshots/whitepages-people-search-287734809/paywall-screen-3.webp","https://www.paywallpro.app/apps/Whitepages:-People-Search-us?id=729&utm_source=github&utm_medium=open_dataset&utm_campaign=paywall_gallery","https://www.paywallpro.app/apps/Whitepages:-People-Search-us?id=729&utm_source=github&utm_medium=open_dataset&utm_campaign=paywall_gallery","2026-06-28"
"6499516431","Water Eject ‒ Speaker Cleaner","Tiny Boom Ltd.","Music","29404","72","1.15.1","2025-10-02","2","8","5","Free Trial - Soft Paywall, No Free Trial - Soft Paywall","2 offer sets across week, year","2","apps/water-eject-speaker-cleaner-6499516431.md","screenshots/water-eject-speaker-cleaner-6499516431/cover.webp","screenshots/water-eject-speaker-cleaner-6499516431/cover.webp","screenshots/water-eject-speaker-cleaner-6499516431/paywall-annual-9-99.webp|screenshots/water-eject-speaker-cleaner-6499516431/paywall-screen-3.webp","https://www.paywallpro.app/apps/Water-Eject-%E2%80%92-Speaker-Cleaner-us?id=1949936&utm_source=github&utm_medium=open_dataset&utm_campaign=paywall_gallery","https://www.paywallpro.app/apps/Water-Eject-%E2%80%92-Speaker-Cleaner-us?id=1949936&utm_source=github&utm_medium=open_dataset&utm_campaign=paywall_gallery","2026-06-28"
"832556482","Connected2.me","C2M","Social Networking","29334","163","1.343","2025-07-16","2","6","6","Credit Paywall","1 offer set across one-time purchase","1","apps/connected2-me-832556482.md","screenshots/connected2-me-832556482/cover.webp","screenshots/connected2-me-832556482/cover.webp","screenshots/connected2-me-832556482/paywall-screen-2.webp|screenshots/connected2-me-832556482/paywall-screen-3.webp","https://www.paywallpro.app/apps/Connected2.me-us?id=2960&utm_source=github&utm_medium=open_dataset&utm_campaign=paywall_gallery","https://www.paywallpro.app/apps/Connected2.me-us?id=2960&utm_source=github&utm_medium=open_dataset&utm_campaign=paywall_gallery","2026-06-28"
"1072228953","UDisc Disc Golf","UDisc LLC","Sports","29324","182","23.1.6","2025-11-13","2","5","5","Free Trial - Soft Paywall","1 offer set across year","1","apps/udisc-disc-golf-1072228953.md","screenshots/udisc-disc-golf-1072228953/cover.webp","screenshots/udisc-disc-golf-1072228953/cover.webp","screenshots/udisc-disc-golf-1072228953/paywall-screen-2.webp|screenshots/udisc-disc-golf-1072228953/paywall-screen-3.webp","https://www.paywallpro.app/apps/UDisc-Disc-Golf-us?id=408&utm_source=github&utm_medium=open_dataset&utm_campaign=paywall_gallery","https://www.paywallpro.app/apps/UDisc-Disc-Golf-us?id=408&utm_source=github&utm_medium=open_dataset&utm_campaign=paywall_gallery","2026-06-28"
"6449750416","Plug AI: Texting Assistant","Vert Media Partners LLC","Lifestyle","29251","162","6.1","2024-05-20","1","5","0","Free Trial - Soft Paywall","1 offer set across week","1","apps/plug-ai-texting-assistant-6449750416.md","screenshots/plug-ai-texting-assistant-6449750416/cover.webp","screenshots/plug-ai-texting-assistant-6449750416/cover.webp","screenshots/plug-ai-texting-assistant-6449750416/paywall-screen-2.webp|screenshots/plug-ai-texting-assistant-6449750416/paywall-screen-3.webp","https://www.paywallpro.app/apps/Plug-AI:-Texting-Assistant-us?id=32160&utm_source=github&utm_medium=open_dataset&utm_campaign=paywall_gallery","https://www.paywallpro.app/apps/Plug-AI:-Texting-Assistant-us?id=32160&utm_source=github&utm_medium=open_dataset&utm_campaign=paywall_gallery","2026-06-28"
"1038369065","Flo Cycle & Period Tracker","FLO HEALTH UK LIMITED","Health & Fitness","29230","1","9.94.0","2025-12-18","3","62","8","Free Trial - Soft Paywall, No Free Trial - Soft Paywall","2 offer sets across month, year","2","apps/flo-cycle-and-period-tracker-1038369065.md","screenshots/flo-cycle-and-period-tracker-1038369065/cover.webp","screenshots/flo-cycle-and-period-tracker-1038369065/cover.webp","screenshots/flo-cycle-and-period-tracker-1038369065/paywall-monthly-14-99.webp|screenshots/flo-cycle-and-period-tracker-1038369065/paywall-screen-3.webp","https://www.paywallpro.app/apps/Flo-Cycle-&-Period-Tracker-us?id=34&utm_source=github&utm_medium=open_dataset&utm_campaign=paywall_gallery","https://www.paywallpro.app/apps/Flo-Cycle-&-Period-Tracker-us?id=34&utm_source=github&utm_medium=open_dataset&utm_campaign=paywall_gallery","2026-06-28"
"845422455","Narwhal for Reddit","robot swingset, llc.","News","29183","52","2025.10","2026-01-05","3","8","0","Free Trial - Soft Paywall","1 offer set across month","1","apps/narwhal-for-reddit-845422455.md","screenshots/narwhal-for-reddit-845422455/cover.webp","screenshots/narwhal-for-reddit-845422455/cover.webp","screenshots/narwhal-for-reddit-845422455/paywall-screen-2.webp|screenshots/narwhal-for-reddit-845422455/paywall-screen-3.webp","https://www.paywallpro.app/apps/Narwhal-for-Reddit-us?id=19926&utm_source=github&utm_medium=open_dataset&utm_campaign=paywall_gallery","https://www.paywallpro.app/apps/Narwhal-for-Reddit-us?id=19926&utm_source=github&utm_medium=open_dataset&utm_campaign=paywall_gallery","2026-06-28"
"1083804886","ELSA Speak - English Learning","Elsa Corp","Education","29087","111","4.23.0","2025-10-28","2","25","6","Free Trial - Soft Paywall, No Free Trial - Soft Paywall","4 offer sets across year, quarter, one-time purchase","4","apps/elsa-speak-english-learning-1083804886.md","screenshots/elsa-speak-english-learning-1083804886/cover.webp","screenshots/elsa-speak-english-learning-1083804886/cover.webp","screenshots/elsa-speak-english-learning-1083804886/paywall-quarterly-47-99-46-99.webp|screenshots/elsa-speak-english-learning-1083804886/paywall-one-time-purchase-249-99.webp","https://www.paywallpro.app/apps/ELSA-Speak---English-Learning-us?id=621&utm_source=github&utm_medium=open_dataset&utm_campaign=paywall_gallery","https://www.paywallpro.app/apps/ELSA-Speak---English-Learning-us?id=621&utm_source=github&utm_medium=open_dataset&utm_campaign=paywall_gallery","2026-06-28"
"6636528078","Phone Cleaner:AI Clean Storage","AppCentury Apps","Utilities","29024","196","1.0.28","2025-09-26","1","5","3","Free Trial - Soft Paywall","1 offer set across week","1","apps/phone-cleaner-ai-clean-storage-6636528078.md","screenshots/phone-cleaner-ai-clean-storage-6636528078/cover.webp","screenshots/phone-cleaner-ai-clean-storage-6636528078/cover.webp","screenshots/phone-cleaner-ai-clean-storage-6636528078/paywall-screen-2.webp|screenshots/phone-cleaner-ai-clean-storage-6636528078/paywall-screen-3.webp","https://www.paywallpro.app/apps/Phone-Cleaner:AI-Clean-Storage-us?id=2140742&utm_source=github&utm_medium=open_dataset&utm_campaign=paywall_gallery","https://www.paywallpro.app/apps/Phone-Cleaner:AI-Clean-Storage-us?id=2140742&utm_source=github&utm_medium=open_dataset&utm_campaign=paywall_gallery","2026-06-28"
"1448010566","Toddler Games Baby Balloon Pop","KidloLand Kids & Toddler Games","Education","29010","200","2.51","2025-10-16","2","15","6","Free Trial - Soft Paywall","2 offer sets across month, year","2","apps/toddler-games-baby-balloon-pop-1448010566.md","screenshots/toddler-games-baby-balloon-pop-1448010566/cover.webp","screenshots/toddler-games-baby-balloon-pop-1448010566/cover.webp","screenshots/toddler-games-baby-balloon-pop-1448010566/paywall-monthly-14-99.webp|screenshots/toddler-games-baby-balloon-pop-1448010566/paywall-screen-3.webp","https://www.paywallpro.app/apps/Toddler-Games-Baby-Balloon-Pop-us?id=1951401&utm_source=github&utm_medium=open_dataset&utm_campaign=paywall_gallery","https://www.paywallpro.app/apps/Toddler-Games-Baby-Balloon-Pop-us?id=1951401&utm_source=github&utm_medium=open_dataset&utm_campaign=paywall_gallery","2026-06-28"
"1105317682","Aloha Browser – Private VPN","Aloha Mobile","Utilities","28954","199","7.10.0","2025-09-09","1","10","3","No Free Trial - Soft Paywall","1 offer set across month, year","1","apps/aloha-browser-private-vpn-1105317682.md","screenshots/aloha-browser-private-vpn-1105317682/cover.webp","screenshots/aloha-browser-private-vpn-1105317682/cover.webp","screenshots/aloha-browser-private-vpn-1105317682/paywall-screen-2.webp|screenshots/aloha-browser-private-vpn-1105317682/paywall-screen-3.webp","https://www.paywallpro.app/apps/Aloha-Browser-%E2%80%93-Private-VPN-us?id=1950684&utm_source=github&utm_medium=open_dataset&utm_campaign=paywall_gallery","https://www.paywallpro.app/apps/Aloha-Browser-%E2%80%93-Private-VPN-us?id=1950684&utm_source=github&utm_medium=open_dataset&utm_campaign=paywall_gallery","2026-06-28"
"881629660","Wave: Small Business Software","Wave Financial Inc","Business","28929","56","4.5.10","2024-10-04","2","0","0","No Free Trial - Soft Paywall","1 offer set across month, year","1","apps/wave-small-business-software-881629660.md","screenshots/wave-small-business-software-881629660/cover.webp","screenshots/wave-small-business-software-881629660/cover.webp","screenshots/wave-small-business-software-881629660/paywall-screen-2.webp|screenshots/wave-small-business-software-881629660/paywall-screen-3.webp","https://www.paywallpro.app/apps/Wave:-Small-Business-Software-us?id=300026&utm_source=github&utm_medium=open_dataset&utm_campaign=paywall_gallery","https://www.paywallpro.app/apps/Wave:-Small-Business-Software-us?id=300026&utm_source=github&utm_medium=open_dataset&utm_campaign=paywall_gallery","2026-06-28"
"6740288836","Prove It - Supplement Scanner","Control. Alt. Delete. LLC","Health & Fitness","28871","138","2.16","2025-08-28","1","33","0","No Free Trial - Hard Paywall","1 offer set across year, quarter, one-time purchase","1","apps/prove-it-supplement-scanner-6740288836.md","screenshots/prove-it-supplement-scanner-6740288836/cover.webp","screenshots/prove-it-supplement-scanner-6740288836/cover.webp","screenshots/prove-it-supplement-scanner-6740288836/paywall-screen-2.webp|screenshots/prove-it-supplement-scanner-6740288836/paywall-screen-3.webp","https://www.paywallpro.app/apps/Prove-It---Supplement-Scanner-us?id=1760862&utm_source=github&utm_medium=open_dataset&utm_campaign=paywall_gallery","https://www.paywallpro.app/apps/Prove-It---Supplement-Scanner-us?id=1760862&utm_source=github&utm_medium=open_dataset&utm_campaign=paywall_gallery","2026-06-28"
"1452196861","Smart Tales ® Learning Games","Marshmallow Games SRL","Education","28773","198","4.6.1","2025-06-27","2","31","0","Free Trial - Soft Paywall","2 offer sets across month, year","2","apps/smart-tales-learning-games-1452196861.md","screenshots/smart-tales-learning-games-1452196861/cover.webp","screenshots/smart-tales-learning-games-1452196861/cover.webp","screenshots/smart-tales-learning-games-1452196861/paywall-annual-89-99.webp|screenshots/smart-tales-learning-games-1452196861/paywall-screen-3.webp","https://www.paywallpro.app/apps/Smart-Tales-%C2%AE-Learning-Games-us?id=7665&utm_source=github&utm_medium=open_dataset&utm_campaign=paywall_gallery","https://www.paywallpro.app/apps/Smart-Tales-%C2%AE-Learning-Games-us?id=7665&utm_source=github&utm_medium=open_dataset&utm_campaign=paywall_gallery","2026-06-28"
"302324249","Skout Dating App & Live Chat","Skout, Inc.","Social Networking","28771","191","212.0","2025-10-22","3","20","14","No Free Trial - Soft Paywall","1 offer set across month, year, quarter","1","apps/skout-dating-app-and-live-chat-302324249.md","screenshots/skout-dating-app-and-live-chat-302324249/cover.webp","screenshots/skout-dating-app-and-live-chat-302324249/cover.webp","screenshots/skout-dating-app-and-live-chat-302324249/paywall-screen-2.webp|screenshots/skout-dating-app-and-live-chat-302324249/paywall-screen-3.webp","https://www.paywallpro.app/apps/Skout-Dating-App-&-Live-Chat-us?id=566&utm_source=github&utm_medium=open_dataset&utm_campaign=paywall_gallery","https://www.paywallpro.app/apps/Skout-Dating-App-&-Live-Chat-us?id=566&utm_source=github&utm_medium=open_dataset&utm_campaign=paywall_gallery","2026-06-28"
"899690067","iClicker Student","HPHLP","Education","28660","192","7.5","2025-08-12","1","0","9","No Free Trial - Soft Paywall","1 offer set across half year, year","1","apps/iclicker-student-899690067.md","screenshots/iclicker-student-899690067/cover.webp","screenshots/iclicker-student-899690067/cover.webp","screenshots/iclicker-student-899690067/paywall-screen-2.webp|screenshots/iclicker-student-899690067/paywall-screen-3.webp","https://www.paywallpro.app/apps/iClicker-Student-us?id=619382&utm_source=github&utm_medium=open_dataset&utm_campaign=paywall_gallery","https://www.paywallpro.app/apps/iClicker-Student-us?id=619382&utm_source=github&utm_medium=open_dataset&utm_campaign=paywall_gallery","2026-06-28"
"1455009060","Photoroom: AI Photo Editor","Photoroom","Photo & Video","28645","25","2025.40.01","2025-10-07","3","14","5","No Free Trial - Soft Paywall","1 offer set across week, year","1","apps/photoroom-ai-photo-editor-1455009060.md","screenshots/photoroom-ai-photo-editor-1455009060/cover.webp","screenshots/photoroom-ai-photo-editor-1455009060/cover.webp","screenshots/photoroom-ai-photo-editor-1455009060/paywall-screen-2.webp|screenshots/photoroom-ai-photo-editor-1455009060/paywall-screen-3.webp","https://www.paywallpro.app/apps/Photoroom:-AI-Photo-Editor-us?id=149&utm_source=github&utm_medium=open_dataset&utm_campaign=paywall_gallery","https://www.paywallpro.app/apps/Photoroom:-AI-Photo-Editor-us?id=149&utm_source=github&utm_medium=open_dataset&utm_campaign=paywall_gallery","2026-06-28"
"907295335","Bedtime Fan: White Noise Baby","Slumber Studios, LLC","Health & Fitness","28605","174","2.25.0","2025-08-26","3","0","4","Free Trial - Soft Paywall","1 offer set across year","1","apps/bedtime-fan-white-noise-baby-907295335.md","screenshots/bedtime-fan-white-noise-baby-907295335/cover.webp","screenshots/bedtime-fan-white-noise-baby-907295335/cover.webp","screenshots/bedtime-fan-white-noise-baby-907295335/paywall-screen-2.webp|screenshots/bedtime-fan-white-noise-baby-907295335/paywall-screen-3.webp","https://www.paywallpro.app/apps/Bedtime-Fan:-White-Noise-Baby-us?id=6713&utm_source=github&utm_medium=open_dataset&utm_campaign=paywall_gallery","https://www.paywallpro.app/apps/Bedtime-Fan:-White-Noise-Baby-us?id=6713&utm_source=github&utm_medium=open_dataset&utm_campaign=paywall_gallery","2026-06-28"
"6479740642","VocalMe: AI Music Generator","Luckon","Music","28581","141","2.9.1","2025-10-23","2","7","9","No Free Trial - Soft Paywall","2 offer sets across week, year","2","apps/vocalme-ai-music-generator-6479740642.md","screenshots/vocalme-ai-music-generator-6479740642/cover.webp","screenshots/vocalme-ai-music-generator-6479740642/cover.webp","screenshots/vocalme-ai-music-generator-6479740642/paywall-weekly-6-99.webp|screenshots/vocalme-ai-music-generator-6479740642/paywall-screen-3.webp","https://www.paywallpro.app/apps/VocalMe:-AI-Music-Generator-us?id=1205740&utm_source=github&utm_medium=open_dataset&utm_campaign=paywall_gallery","https://www.paywallpro.app/apps/VocalMe:-AI-Music-Generator-us?id=1205740&utm_source=github&utm_medium=open_dataset&utm_campaign=paywall_gallery","2026-06-28"
"1370777926","Scoreholio","Scoreholio Inc.","Sports","28488","199","3.10.1","2025-10-06","2","0","12","No Free Trial - Soft Paywall","1 offer set across month, year","1","apps/scoreholio-1370777926.md","screenshots/scoreholio-1370777926/cover.webp","screenshots/scoreholio-1370777926/cover.webp","screenshots/scoreholio-1370777926/paywall-screen-2.webp|screenshots/scoreholio-1370777926/paywall-screen-3.webp","https://www.paywallpro.app/apps/Scoreholio-us?id=7669&utm_source=github&utm_medium=open_dataset&utm_campaign=paywall_gallery","https://www.paywallpro.app/apps/Scoreholio-us?id=7669&utm_source=github&utm_medium=open_dataset&utm_campaign=paywall_gallery","2026-06-28"
"409882593","Barron’s - Investing Insights","Dow Jones & Company, Inc., publisher of The Wall Street Journal.","News","28479","51","5.17.0","2024-05-30","1","4","0","Free Trial - Soft Paywall","1 offer set across month","1","apps/barron-s-investing-insights-409882593.md","screenshots/barron-s-investing-insights-409882593/cover.webp","screenshots/barron-s-investing-insights-409882593/cover.webp","screenshots/barron-s-investing-insights-409882593/paywall-screen-2.webp|screenshots/barron-s-investing-insights-409882593/paywall-screen-3.webp","https://www.paywallpro.app/apps/Barron%E2%80%99s---Investing-Insights-us?id=13318&utm_source=github&utm_medium=open_dataset&utm_campaign=paywall_gallery","https://www.paywallpro.app/apps/Barron%E2%80%99s---Investing-Insights-us?id=13318&utm_source=github&utm_medium=open_dataset&utm_campaign=paywall_gallery","2026-06-28"
"1598551382","TopLive: Watch Live Streams","Aligosta Limited","Social Networking","28464","54","1.5.0","2026-02-19","2","11","5","Currency Paywall","Not available in preview","0","apps/toplive-watch-live-streams-1598551382.md","screenshots/toplive-watch-live-streams-1598551382/cover.webp","screenshots/toplive-watch-live-streams-1598551382/cover.webp","screenshots/toplive-watch-live-streams-1598551382/paywall-screen-2.webp|screenshots/toplive-watch-live-streams-1598551382/paywall-screen-3.webp","https://www.paywallpro.app/apps/TopLive:-Watch-Live-Streams-us?id=783&utm_source=github&utm_medium=open_dataset&utm_campaign=paywall_gallery","https://www.paywallpro.app/apps/TopLive:-Watch-Live-Streams-us?id=783&utm_source=github&utm_medium=open_dataset&utm_campaign=paywall_gallery","2026-06-28"
"1534105525","Flirtini - Match, Chat, Flirt","XYMARA LTD","Social Networking","28450","200","5.2.7","2025-11-06","3","23","0","No Free Trial - Soft Paywall","1 offer set across week, month, year","1","apps/flirtini-match-chat-flirt-1534105525.md","screenshots/flirtini-match-chat-flirt-1534105525/cover.webp","screenshots/flirtini-match-chat-flirt-1534105525/cover.webp","screenshots/flirtini-match-chat-flirt-1534105525/paywall-screen-2.webp|screenshots/flirtini-match-chat-flirt-1534105525/paywall-screen-3.webp","https://www.paywallpro.app/apps/Flirtini---Match%2C-Chat%2C-Flirt-us?id=1146953&utm_source=github&utm_medium=open_dataset&utm_campaign=paywall_gallery","https://www.paywallpro.app/apps/Flirtini---Match%2C-Chat%2C-Flirt-us?id=1146953&utm_source=github&utm_medium=open_dataset&utm_campaign=paywall_gallery","2026-06-28"
"1097974566","SongShift","SongShift","Music","28406","87","6.3.1","2025-08-23","2","0","8","No Free Trial - Soft Paywall","1 offer set across month, year, one-time purchase","1","apps/songshift-1097974566.md","screenshots/songshift-1097974566/cover.webp","screenshots/songshift-1097974566/cover.webp","screenshots/songshift-1097974566/paywall-screen-2.webp|screenshots/songshift-1097974566/paywall-screen-3.webp","https://www.paywallpro.app/apps/SongShift-us?id=263399&utm_source=github&utm_medium=open_dataset&utm_campaign=paywall_gallery","https://www.paywallpro.app/apps/SongShift-us?id=263399&utm_source=github&utm_medium=open_dataset&utm_campaign=paywall_gallery","2026-06-28"
"1447098963","Call Recorder iCall","AppInnovations","Business","28390","200","3.1.0","2024-05-31","1","4","0","Free Trial - Soft Paywall","1 offer set across week, year","1","apps/call-recorder-icall-1447098963.md","screenshots/call-recorder-icall-1447098963/cover.webp","screenshots/call-recorder-icall-1447098963/cover.webp","screenshots/call-recorder-icall-1447098963/paywall-screen-2.webp|screenshots/call-recorder-icall-1447098963/paywall-screen-3.webp","https://www.paywallpro.app/apps/Call-Recorder-iCall-us?id=586&utm_source=github&utm_medium=open_dataset&utm_campaign=paywall_gallery","https://www.paywallpro.app/apps/Call-Recorder-iCall-us?id=586&utm_source=github&utm_medium=open_dataset&utm_campaign=paywall_gallery","2026-06-28"
"1596971856","Plant Identifier: Plantiary","Plantiary","Education","28208","141","2.2.26","2024-11-19","1","11","0","Free Trial - Soft Paywall","1 offer set across week","1","apps/plant-identifier-plantiary-1596971856.md","screenshots/plant-identifier-plantiary-1596971856/cover.webp","screenshots/plant-identifier-plantiary-1596971856/cover.webp","screenshots/plant-identifier-plantiary-1596971856/paywall-screen-2.webp|screenshots/plant-identifier-plantiary-1596971856/paywall-screen-3.webp","https://www.paywallpro.app/apps/Plant-Identifier:-Plantiary-us?id=916803&utm_source=github&utm_medium=open_dataset&utm_campaign=paywall_gallery","https://www.paywallpro.app/apps/Plant-Identifier:-Plantiary-us?id=916803&utm_source=github&utm_medium=open_dataset&utm_campaign=paywall_gallery","2026-06-28"
"1034523226","Endless Learning Academy","Originator Inc.","Education","28115","0","13.9","2025-04-23","1","11","5","Free Trial - Soft Paywall","1 offer set across month","1","apps/endless-learning-academy-1034523226.md","screenshots/endless-learning-academy-1034523226/cover.webp","screenshots/endless-learning-academy-1034523226/cover.webp","screenshots/endless-learning-academy-1034523226/paywall-screen-2.webp|screenshots/endless-learning-academy-1034523226/paywall-screen-3.webp","https://www.paywallpro.app/apps/Endless-Learning-Academy-us?id=1951901&utm_source=github&utm_medium=open_dataset&utm_campaign=paywall_gallery","https://www.paywallpro.app/apps/Endless-Learning-Academy-us?id=1951901&utm_source=github&utm_medium=open_dataset&utm_campaign=paywall_gallery","2026-06-28"
"666575203","GRIDS Post maker for Instagram","WONDER","Photo & Video","27945","200","3.0.39","2025-06-27","3","7","0","Free Trial - Hard Paywall","1 offer set across week, year","1","apps/grids-post-maker-for-instagram-666575203.md","screenshots/grids-post-maker-for-instagram-666575203/cover.webp","screenshots/grids-post-maker-for-instagram-666575203/cover.webp","screenshots/grids-post-maker-for-instagram-666575203/paywall-screen-2.webp|screenshots/grids-post-maker-for-instagram-666575203/paywall-screen-3.webp","https://www.paywallpro.app/apps/GRIDS-Post-maker-for-Instagram-us?id=4832&utm_source=github&utm_medium=open_dataset&utm_campaign=paywall_gallery","https://www.paywallpro.app/apps/GRIDS-Post-maker-for-Instagram-us?id=4832&utm_source=github&utm_medium=open_dataset&utm_campaign=paywall_gallery","2026-06-28"
"1660877567","Chat AI - Ask Anything","ElevenThirteen LLC","Productivity","27944","181","1.75","2024-08-27","2","16","0","Free Trial - Soft Paywall","2 offer sets across week, month, year","2","apps/chat-ai-ask-anything-1660877567.md","screenshots/chat-ai-ask-anything-1660877567/cover.webp","screenshots/chat-ai-ask-anything-1660877567/cover.webp","screenshots/chat-ai-ask-anything-1660877567/paywall-weekly-6-99.webp|screenshots/chat-ai-ask-anything-1660877567/paywall-weekly-6-99-2.webp","https://www.paywallpro.app/apps/Chat-AI---Ask-Anything-us?id=602&utm_source=github&utm_medium=open_dataset&utm_campaign=paywall_gallery","https://www.paywallpro.app/apps/Chat-AI---Ask-Anything-us?id=602&utm_source=github&utm_medium=open_dataset&utm_campaign=paywall_gallery","2026-06-28"
"1490334045","Onform: Video Analysis App","OnForm, Inc.","Sports","27465","191","3.4.1","2024-12-10","1","0","0","No Free Trial - Soft Paywall","1 offer set across month, year","1","apps/onform-video-analysis-app-1490334045.md","screenshots/onform-video-analysis-app-1490334045/cover.webp","screenshots/onform-video-analysis-app-1490334045/cover.webp","screenshots/onform-video-analysis-app-1490334045/paywall-screen-2.webp|screenshots/onform-video-analysis-app-1490334045/paywall-screen-3.webp","https://www.paywallpro.app/apps/Onform:-Video-Analysis-App-us?id=766388&utm_source=github&utm_medium=open_dataset&utm_campaign=paywall_gallery","https://www.paywallpro.app/apps/Onform:-Video-Analysis-App-us?id=766388&utm_source=github&utm_medium=open_dataset&utm_campaign=paywall_gallery","2026-06-28"
"1139307843","Teleprompter for Video","Norton Five Ltd","Photo & Video","27428","0","8.27.1","2025-06-07","1","9","0","Free Trial - Soft Paywall","2 offer sets across month, year","2","apps/teleprompter-for-video-1139307843.md","screenshots/teleprompter-for-video-1139307843/cover.webp","screenshots/teleprompter-for-video-1139307843/cover.webp","screenshots/teleprompter-for-video-1139307843/paywall-monthly-8-99.webp|screenshots/teleprompter-for-video-1139307843/paywall-screen-3.webp","https://www.paywallpro.app/apps/Teleprompter-for-Video-us?id=1951434&utm_source=github&utm_medium=open_dataset&utm_campaign=paywall_gallery","https://www.paywallpro.app/apps/Teleprompter-for-Video-us?id=1951434&utm_source=github&utm_medium=open_dataset&utm_campaign=paywall_gallery","2026-06-28"
"1565600312","Quinn - Audio Stories","Quinn Inc","Entertainment","27074","187","3.2.3","2025-11-10","3","0","5","No Free Trial - Soft Paywall","1 offer set across month, year","1","apps/quinn-audio-stories-1565600312.md","screenshots/quinn-audio-stories-1565600312/cover.webp","screenshots/quinn-audio-stories-1565600312/cover.webp","screenshots/quinn-audio-stories-1565600312/paywall-screen-2.webp|screenshots/quinn-audio-stories-1565600312/paywall-screen-3.webp","https://www.paywallpro.app/apps/Quinn---Audio-Stories-us?id=387&utm_source=github&utm_medium=open_dataset&utm_campaign=paywall_gallery","https://www.paywallpro.app/apps/Quinn---Audio-Stories-us?id=387&utm_source=github&utm_medium=open_dataset&utm_campaign=paywall_gallery","2026-06-28"
"1406879426","Keto Diet App － Carb Tracker","FJOR NUTRITION, INC.","Health & Fitness","27059","124","2.130","2025-12-12","3","47","6","No Free Trial - Soft Paywall","2 offer sets across month, year, quarter, one-time purchase","2","apps/keto-diet-app-carb-tracker-1406879426.md","screenshots/keto-diet-app-carb-tracker-1406879426/cover.webp","screenshots/keto-diet-app-carb-tracker-1406879426/cover.webp","screenshots/keto-diet-app-carb-tracker-1406879426/paywall-monthly-19-99.webp|screenshots/keto-diet-app-carb-tracker-1406879426/paywall-monthly-19-99-2.webp","https://www.paywallpro.app/apps/Keto-Diet-App-%EF%BC%8D-Carb-Tracker-us?id=301&utm_source=github&utm_medium=open_dataset&utm_campaign=paywall_gallery","https://www.paywallpro.app/apps/Keto-Diet-App-%EF%BC%8D-Carb-Tracker-us?id=301&utm_source=github&utm_medium=open_dataset&utm_campaign=paywall_gallery","2026-06-28"
"6702024252","Expert Cleaner - Clean Storage","Nextiply","Productivity","26994","132","1.8.0","2025-11-20","2","3","6","Free Trial - Soft Paywall","1 offer set across week, month, year","1","apps/expert-cleaner-clean-storage-6702024252.md","screenshots/expert-cleaner-clean-storage-6702024252/cover.webp","screenshots/expert-cleaner-clean-storage-6702024252/cover.webp","screenshots/expert-cleaner-clean-storage-6702024252/paywall-screen-2.webp|screenshots/expert-cleaner-clean-storage-6702024252/paywall-screen-3.webp","https://www.paywallpro.app/apps/Expert-Cleaner---Clean-Storage-us?id=2021103&utm_source=github&utm_medium=open_dataset&utm_campaign=paywall_gallery","https://www.paywallpro.app/apps/Expert-Cleaner---Clean-Storage-us?id=2021103&utm_source=github&utm_medium=open_dataset&utm_campaign=paywall_gallery","2026-06-28"
"738897668","VivaVideo - Video Cut & Editor","Hangzhou Xiaoying Innovation Technology Co., Ltd.","Photo & Video","26984","170","9.16.2","2024-05-11","1","7","0","Free Trial - Soft Paywall","2 offer sets across month, year","2","apps/vivavideo-video-cut-and-editor-738897668.md","screenshots/vivavideo-video-cut-and-editor-738897668/cover.webp","screenshots/vivavideo-video-cut-and-editor-738897668/cover.webp","screenshots/vivavideo-video-cut-and-editor-738897668/paywall-annual-35-99.webp|screenshots/vivavideo-video-cut-and-editor-738897668/paywall-screen-3.webp","https://www.paywallpro.app/apps/VivaVideo---Video-Cut-&-Editor-us?id=2972&utm_source=github&utm_medium=open_dataset&utm_campaign=paywall_gallery","https://www.paywallpro.app/apps/VivaVideo---Video-Cut-&-Editor-us?id=2972&utm_source=github&utm_medium=open_dataset&utm_campaign=paywall_gallery","2026-06-28"
"1276551855","Avast One: Security & Privacy","AVAST Software s.r.o","Utilities","26972","0","25.8.0","2025-05-22","1","8","8","Free Trial - Soft Paywall, No Free Trial - Soft Paywall","3 offer sets across month, year","3","apps/avast-one-security-and-privacy-1276551855.md","screenshots/avast-one-security-and-privacy-1276551855/cover.webp","screenshots/avast-one-security-and-privacy-1276551855/cover.webp","screenshots/avast-one-security-and-privacy-1276551855/paywall-monthly-1-67-2-5.webp|screenshots/avast-one-security-and-privacy-1276551855/paywall-annual-24-99.webp","https://www.paywallpro.app/apps/Avast-One:-Security-&-Privacy-us?id=1950669&utm_source=github&utm_medium=open_dataset&utm_campaign=paywall_gallery","https://www.paywallpro.app/apps/Avast-One:-Security-&-Privacy-us?id=1950669&utm_source=github&utm_medium=open_dataset&utm_campaign=paywall_gallery","2026-06-28"
"1640745955","Poe – Fast AI Chat","Quora, Inc.","Productivity","26742","197","3.20.0","2024-08-26","1","4","0","No Free Trial - Soft Paywall","2 offer sets across month, year","2","apps/poe-fast-ai-chat-1640745955.md","screenshots/poe-fast-ai-chat-1640745955/cover.webp","screenshots/poe-fast-ai-chat-1640745955/cover.webp","screenshots/poe-fast-ai-chat-1640745955/paywall-monthly-19-99.webp|screenshots/poe-fast-ai-chat-1640745955/paywall-screen-3.webp","https://www.paywallpro.app/apps/Poe-%E2%80%93-Fast-AI-Chat-us?id=764&utm_source=github&utm_medium=open_dataset&utm_campaign=paywall_gallery","https://www.paywallpro.app/apps/Poe-%E2%80%93-Fast-AI-Chat-us?id=764&utm_source=github&utm_medium=open_dataset&utm_campaign=paywall_gallery","2026-06-28"
"1187626329","The Dyrt: RV & Free Camping","The Dyrt","Travel","26734","178","5.34.1","2025-09-22","2","2","4","Free Trial - Soft Paywall","1 offer set across year","1","apps/the-dyrt-rv-and-free-camping-1187626329.md","screenshots/the-dyrt-rv-and-free-camping-1187626329/cover.webp","screenshots/the-dyrt-rv-and-free-camping-1187626329/cover.webp","screenshots/the-dyrt-rv-and-free-camping-1187626329/paywall-screen-2.webp|screenshots/the-dyrt-rv-and-free-camping-1187626329/paywall-screen-3.webp","https://www.paywallpro.app/apps/The-Dyrt:-RV-&-Free-Camping-us?id=3894&utm_source=github&utm_medium=open_dataset&utm_campaign=paywall_gallery","https://www.paywallpro.app/apps/The-Dyrt:-RV-&-Free-Camping-us?id=3894&utm_source=github&utm_medium=open_dataset&utm_campaign=paywall_gallery","2026-06-28"
"1192480582","Garmin Golf","Garmin","Sports","26724","174","3.5","2025-10-13","2","12","12","Free Trial - Soft Paywall","1 offer set across month, year","1","apps/garmin-golf-1192480582.md","screenshots/garmin-golf-1192480582/cover.webp","screenshots/garmin-golf-1192480582/cover.webp","screenshots/garmin-golf-1192480582/paywall-screen-2.webp|screenshots/garmin-golf-1192480582/paywall-screen-3.webp","https://www.paywallpro.app/apps/Garmin-Golf-us?id=935&utm_source=github&utm_medium=open_dataset&utm_campaign=paywall_gallery","https://www.paywallpro.app/apps/Garmin-Golf-us?id=935&utm_source=github&utm_medium=open_dataset&utm_campaign=paywall_gallery","2026-06-28"
"1143920524","Poke Genie -Remote Raid IV PvP","Poke Genie Inc.","Utilities","26617","130","8.14.5","2025-12-11","3","0","8","No Free Trial - Soft Paywall","4 offer sets across month, one-time purchase","4","apps/poke-genie-remote-raid-iv-pvp-1143920524.md","screenshots/poke-genie-remote-raid-iv-pvp-1143920524/cover.webp","screenshots/poke-genie-remote-raid-iv-pvp-1143920524/cover.webp","screenshots/poke-genie-remote-raid-iv-pvp-1143920524/paywall-one-time-purchase-3-99.webp|screenshots/poke-genie-remote-raid-iv-pvp-1143920524/paywall-one-time-purchase-2-99.webp","https://www.paywallpro.app/apps/Poke-Genie--Remote-Raid-IV-PvP-us?id=3887&utm_source=github&utm_medium=open_dataset&utm_campaign=paywall_gallery","https://www.paywallpro.app/apps/Poke-Genie--Remote-Raid-IV-PvP-us?id=3887&utm_source=github&utm_medium=open_dataset&utm_campaign=paywall_gallery","2026-06-28"
"1008710182","ThaiFriendly Dating","Oxixo","Social Networking","26582","0","1.9.43","2025-03-22","1","17","8","Free Trial - Soft Paywall","1 offer set across month, year","1","apps/thaifriendly-dating-1008710182.md","screenshots/thaifriendly-dating-1008710182/cover.webp","screenshots/thaifriendly-dating-1008710182/cover.webp","screenshots/thaifriendly-dating-1008710182/paywall-screen-2.webp|screenshots/thaifriendly-dating-1008710182/paywall-screen-3.webp","https://www.paywallpro.app/apps/ThaiFriendly-Dating-us?id=1949944&utm_source=github&utm_medium=open_dataset&utm_campaign=paywall_gallery","https://www.paywallpro.app/apps/ThaiFriendly-Dating-us?id=1949944&utm_source=github&utm_medium=open_dataset&utm_campaign=paywall_gallery","2026-06-28"
"1116186798","NFHS Network","NFHS Network","Sports","26545","99","3.2.0","2025-10-06","4","0","7","No Free Trial - Soft Paywall","1 offer set across month, year","1","apps/nfhs-network-1116186798.md","screenshots/nfhs-network-1116186798/cover.webp","screenshots/nfhs-network-1116186798/cover.webp","screenshots/nfhs-network-1116186798/paywall-screen-2.webp|screenshots/nfhs-network-1116186798/paywall-screen-3.webp","https://www.paywallpro.app/apps/NFHS-Network-us?id=778&utm_source=github&utm_medium=open_dataset&utm_campaign=paywall_gallery","https://www.paywallpro.app/apps/NFHS-Network-us?id=778&utm_source=github&utm_medium=open_dataset&utm_campaign=paywall_gallery","2026-06-28"
"6499528122","Tap Gallery: Block Tap Away","AI Games FZ","Games","26390","181","0.14.3","2025-06-16","1","2","3","Free Trial - Soft Paywall","1 offer set across week, month, year","1","apps/tap-gallery-block-tap-away-6499528122.md","screenshots/tap-gallery-block-tap-away-6499528122/cover.webp","screenshots/tap-gallery-block-tap-away-6499528122/cover.webp","screenshots/tap-gallery-block-tap-away-6499528122/paywall-screen-2.webp|screenshots/tap-gallery-block-tap-away-6499528122/paywall-screen-3.webp","https://www.paywallpro.app/apps/Tap-Gallery:-Block-Tap-Away-us?id=1950690&utm_source=github&utm_medium=open_dataset&utm_campaign=paywall_gallery","https://www.paywallpro.app/apps/Tap-Gallery:-Block-Tap-Away-us?id=1950690&utm_source=github&utm_medium=open_dataset&utm_campaign=paywall_gallery","2026-06-28"
"6740247064","Airclub - Flight Deals","Arcadia Labs Inc.","Travel","26358","192","1.0.53","2025-07-17","1","24","4","Free Trial - Soft Paywall, No Free Trial - Soft Paywall","1 offer set across month, year","1","apps/airclub-flight-deals-6740247064.md","screenshots/airclub-flight-deals-6740247064/cover.webp","screenshots/airclub-flight-deals-6740247064/cover.webp","screenshots/airclub-flight-deals-6740247064/paywall-screen-2.webp|screenshots/airclub-flight-deals-6740247064/paywall-screen-3.webp","https://www.paywallpro.app/apps/Airclub---Flight-Deals-us?id=1987048&utm_source=github&utm_medium=open_dataset&utm_campaign=paywall_gallery","https://www.paywallpro.app/apps/Airclub---Flight-Deals-us?id=1987048&utm_source=github&utm_medium=open_dataset&utm_campaign=paywall_gallery","2026-07-02"
"1567076603","Hearty App: Everyday Bonding","PATHFINDER FZCO","Education","26320","197","3.25.6","2025-04-17","1","15","6","No Free Trial - Soft Paywall","1 offer set across month, half year","1","apps/hearty-app-everyday-bonding-1567076603.md","screenshots/hearty-app-everyday-bonding-1567076603/cover.webp","screenshots/hearty-app-everyday-bonding-1567076603/cover.webp","screenshots/hearty-app-everyday-bonding-1567076603/paywall-screen-2.webp|screenshots/hearty-app-everyday-bonding-1567076603/paywall-screen-3.webp","https://www.paywallpro.app/apps/Hearty-App:-Everyday-Bonding-us?id=1951422&utm_source=github&utm_medium=open_dataset&utm_campaign=paywall_gallery","https://www.paywallpro.app/apps/Hearty-App:-Everyday-Bonding-us?id=1951422&utm_source=github&utm_medium=open_dataset&utm_campaign=paywall_gallery","2026-07-02"
"560902465","LandGlide: Land & Field Maps","Real Estate Portal USA, LLC","Navigation","26308","53","5.4.1","2025-11-14","2","5","8","Free Trial - Soft Paywall","1 offer set across month, year","1","apps/landglide-land-and-field-maps-560902465.md","screenshots/landglide-land-and-field-maps-560902465/cover.webp","screenshots/landglide-land-and-field-maps-560902465/cover.webp","screenshots/landglide-land-and-field-maps-560902465/paywall-screen-2.webp|screenshots/landglide-land-and-field-maps-560902465/paywall-screen-3.webp","https://www.paywallpro.app/apps/LandGlide:-Land-&-Field-Maps-us?id=140&utm_source=github&utm_medium=open_dataset&utm_campaign=paywall_gallery","https://www.paywallpro.app/apps/LandGlide:-Land-&-Field-Maps-us?id=140&utm_source=github&utm_medium=open_dataset&utm_campaign=paywall_gallery","2026-07-02"
"6450035850","SnackShort","Nanjing Menglu Culture Media Co., Ltd.","Entertainment","26242","200","3.7.2","2025-08-14","2","0","6","No Free Trial - Soft Paywall","2 offer sets across week, month, year","2","apps/snackshort-6450035850.md","screenshots/snackshort-6450035850/cover.webp","screenshots/snackshort-6450035850/cover.webp","screenshots/snackshort-6450035850/paywall-weekly-14-99.webp|screenshots/snackshort-6450035850/paywall-screen-3.webp","https://www.paywallpro.app/apps/SnackShort-us?id=338&utm_source=github&utm_medium=open_dataset&utm_campaign=paywall_gallery","https://www.paywallpro.app/apps/SnackShort-us?id=338&utm_source=github&utm_medium=open_dataset&utm_campaign=paywall_gallery","2026-07-02"
"628215241","Punchbowl: Invitations & Cards","Punchbowl, Inc.","Lifestyle","26205","180","7.10.2","2025-08-25","2","0","10","Free Trial - Soft Paywall","1 offer set across month","1","apps/punchbowl-invitations-and-cards-628215241.md","screenshots/punchbowl-invitations-and-cards-628215241/cover.webp","screenshots/punchbowl-invitations-and-cards-628215241/cover.webp","screenshots/punchbowl-invitations-and-cards-628215241/paywall-screen-2.webp|screenshots/punchbowl-invitations-and-cards-628215241/paywall-screen-3.webp","https://www.paywallpro.app/apps/Punchbowl:-Invitations-&-Cards-us?id=40651&utm_source=github&utm_medium=open_dataset&utm_campaign=paywall_gallery","https://www.paywallpro.app/apps/Punchbowl:-Invitations-&-Cards-us?id=40651&utm_source=github&utm_medium=open_dataset&utm_campaign=paywall_gallery","2026-07-02"
"1050267310","Phoner: Second Phone Number","Phoner Holdings LLC","Utilities","26117","73","6.46","2025-12-22","3","6","8","No Free Trial - Soft Paywall","2 offer sets across week, month, year","2","apps/phoner-second-phone-number-1050267310.md","screenshots/phoner-second-phone-number-1050267310/cover.webp","screenshots/phoner-second-phone-number-1050267310/cover.webp","screenshots/phoner-second-phone-number-1050267310/paywall-weekly-1-99.webp|screenshots/phoner-second-phone-number-1050267310/paywall-weekly-1-99-2.webp","https://www.paywallpro.app/apps/Phoner:-Second-Phone-Number-us?id=738&utm_source=github&utm_medium=open_dataset&utm_campaign=paywall_gallery","https://www.paywallpro.app/apps/Phoner:-Second-Phone-Number-us?id=738&utm_source=github&utm_medium=open_dataset&utm_campaign=paywall_gallery","2026-07-02"
"1619331385","Wiser: Bite-Sized Learning","HUBX","Education","25992","107","1.6.7","2024-05-23","1","21","0","No Free Trial - Soft Paywall, Free Trial - Soft Paywall","3 offer sets across month, year","3","apps/wiser-bite-sized-learning-1619331385.md","screenshots/wiser-bite-sized-learning-1619331385/cover.webp","screenshots/wiser-bite-sized-learning-1619331385/cover.webp","screenshots/wiser-bite-sized-learning-1619331385/paywall-monthly-12-99.webp|screenshots/wiser-bite-sized-learning-1619331385/paywall-annual-89-99.webp","https://www.paywallpro.app/apps/Wiser:-Bite-Sized-Learning-us?id=536&utm_source=github&utm_medium=open_dataset&utm_campaign=paywall_gallery","https://www.paywallpro.app/apps/Wiser:-Bite-Sized-Learning-us?id=536&utm_source=github&utm_medium=open_dataset&utm_campaign=paywall_gallery","2026-07-02"
"1460782849","Promova: Language Learning App","Unlimited Promova Limited","Education","25976","185","7.39.0","2025-11-08","3","30","5","Free Trial - Soft Paywall, No Free Trial - Soft Paywall","3 offer sets across month, half year, year","3","apps/promova-language-learning-app-1460782849.md","screenshots/promova-language-learning-app-1460782849/cover.webp","screenshots/promova-language-learning-app-1460782849/cover.webp","screenshots/promova-language-learning-app-1460782849/paywall-monthly-19-99.webp|screenshots/promova-language-learning-app-1460782849/paywall-monthly-9-99.webp","https://www.paywallpro.app/apps/Promova:-Language-Learning-App-us?id=4835&utm_source=github&utm_medium=open_dataset&utm_campaign=paywall_gallery","https://www.paywallpro.app/apps/Promova:-Language-Learning-App-us?id=4835&utm_source=github&utm_medium=open_dataset&utm_campaign=paywall_gallery","2026-07-02"
"6450780939","Beauty Salon Games for Girls","JMH Developers OU","Education","25894","132","1.0.7","2025-09-09","1","4","0","Free Trial - Hard Paywall","1 offer set across week, year","1","apps/beauty-salon-games-for-girls-6450780939.md","screenshots/beauty-salon-games-for-girls-6450780939/cover.webp","screenshots/beauty-salon-games-for-girls-6450780939/cover.webp","screenshots/beauty-salon-games-for-girls-6450780939/paywall-screen-2.webp|screenshots/beauty-salon-games-for-girls-6450780939/paywall-screen-3.webp","https://www.paywallpro.app/apps/Beauty-Salon-Games-for-Girls-us?id=1951931&utm_source=github&utm_medium=open_dataset&utm_campaign=paywall_gallery","https://www.paywallpro.app/apps/Beauty-Salon-Games-for-Girls-us?id=1951931&utm_source=github&utm_medium=open_dataset&utm_campaign=paywall_gallery","2026-07-02"
"6511242367","Paladin: Learn History","DEEPSTASH SRL","Education","25863","188","3.9.2","2025-10-29","1","31","5","Free Trial - Soft Paywall, No Free Trial - Soft Paywall","3 offer sets across month, year","3","apps/paladin-learn-history-6511242367.md","screenshots/paladin-learn-history-6511242367/cover.webp","screenshots/paladin-learn-history-6511242367/cover.webp","screenshots/paladin-learn-history-6511242367/paywall-monthly-10-99-12-99.webp|screenshots/paladin-learn-history-6511242367/paywall-annual-39-99.webp","https://www.paywallpro.app/apps/Paladin:-Learn-History-us?id=1951905&utm_source=github&utm_medium=open_dataset&utm_campaign=paywall_gallery","https://www.paywallpro.app/apps/Paladin:-Learn-History-us?id=1951905&utm_source=github&utm_medium=open_dataset&utm_campaign=paywall_gallery","2026-07-02"
"1589599169","Pixelup: AI Photo Enhancer App","Codeway Dijital Hizmetler Anonim Sirketi","Photo & Video","25818","80","2.0.0","2025-09-04","2","7","3","Free Trial - Soft Paywall","1 offer set across week, one-time purchase","1","apps/pixelup-ai-photo-enhancer-app-1589599169.md","screenshots/pixelup-ai-photo-enhancer-app-1589599169/cover.webp","screenshots/pixelup-ai-photo-enhancer-app-1589599169/cover.webp","screenshots/pixelup-ai-photo-enhancer-app-1589599169/paywall-screen-2.webp|screenshots/pixelup-ai-photo-enhancer-app-1589599169/paywall-screen-3.webp","https://www.paywallpro.app/apps/Pixelup:-AI-Photo-Enhancer-App-us?id=625&utm_source=github&utm_medium=open_dataset&utm_campaign=paywall_gallery","https://www.paywallpro.app/apps/Pixelup:-AI-Photo-Enhancer-App-us?id=625&utm_source=github&utm_medium=open_dataset&utm_campaign=paywall_gallery","2026-07-02"
"448357306","5K Runner: couch potato to 5K","FITNESS22 LTD","Health & Fitness","25805","174","9.3830","2025-08-14","2","26","0","Free Trial - Hard Paywall","1 offer set across one-time purchase","1","apps/5k-runner-couch-potato-to-5k-448357306.md","screenshots/5k-runner-couch-potato-to-5k-448357306/cover.webp","screenshots/5k-runner-couch-potato-to-5k-448357306/cover.webp","screenshots/5k-runner-couch-potato-to-5k-448357306/paywall-screen-2.webp|screenshots/5k-runner-couch-potato-to-5k-448357306/paywall-screen-3.webp","https://www.paywallpro.app/apps/5K-Runner:-couch-potato-to-5K-us?id=562&utm_source=github&utm_medium=open_dataset&utm_campaign=paywall_gallery","https://www.paywallpro.app/apps/5K-Runner:-couch-potato-to-5K-us?id=562&utm_source=github&utm_medium=open_dataset&utm_campaign=paywall_gallery","2026-07-02"
"1538019085","Jacquie Lawson Ecards","Jacquielawson.com","Lifestyle","25771","165","1.4.0","2025-07-28","1","0","9","No Free Trial - Soft Paywall","1 offer set across month, year","1","apps/jacquie-lawson-ecards-1538019085.md","screenshots/jacquie-lawson-ecards-1538019085/cover.webp","screenshots/jacquie-lawson-ecards-1538019085/cover.webp","screenshots/jacquie-lawson-ecards-1538019085/paywall-screen-2.webp|screenshots/jacquie-lawson-ecards-1538019085/paywall-screen-3.webp","https://www.paywallpro.app/apps/Jacquie-Lawson-Ecards-us?id=8578&utm_source=github&utm_medium=open_dataset&utm_campaign=paywall_gallery","https://www.paywallpro.app/apps/Jacquie-Lawson-Ecards-us?id=8578&utm_source=github&utm_medium=open_dataset&utm_campaign=paywall_gallery","2026-07-02"
"1552672537","AI Video Generator - PictoPop","SINOSEA","Photo & Video","25714","183","1.6.9","2025-06-27","5","6","8","No Free Trial - Soft Paywall, Credit Paywall","1 offer set across week, year","1","apps/ai-video-generator-pictopop-1552672537.md","screenshots/ai-video-generator-pictopop-1552672537/cover.webp","screenshots/ai-video-generator-pictopop-1552672537/cover.webp","screenshots/ai-video-generator-pictopop-1552672537/paywall-screen-2.webp|screenshots/ai-video-generator-pictopop-1552672537/paywall-credit-paywall.webp","https://www.paywallpro.app/apps/AI-Video-Generator---PictoPop-us?id=24649&utm_source=github&utm_medium=open_dataset&utm_campaign=paywall_gallery","https://www.paywallpro.app/apps/AI-Video-Generator---PictoPop-us?id=24649&utm_source=github&utm_medium=open_dataset&utm_campaign=paywall_gallery","2026-07-02"
"6746151141","Uvoo - Connect, Share & Enjoy","权旭 肜","Lifestyle","25604","180","1.0.2","2025-07-15","1","0","6","No Free Trial - Soft Paywall","1 offer set across week, month, year, quarter","1","apps/uvoo-connect-share-and-enjoy-6746151141.md","screenshots/uvoo-connect-share-and-enjoy-6746151141/cover.webp","screenshots/uvoo-connect-share-and-enjoy-6746151141/cover.webp","screenshots/uvoo-connect-share-and-enjoy-6746151141/paywall-screen-2.webp|screenshots/uvoo-connect-share-and-enjoy-6746151141/paywall-screen-3.webp","https://www.paywallpro.app/apps/Uvoo---Connect%2C-Share-&-Enjoy-us?id=2177252&utm_source=github&utm_medium=open_dataset&utm_campaign=paywall_gallery","https://www.paywallpro.app/apps/Uvoo---Connect%2C-Share-&-Enjoy-us?id=2177252&utm_source=github&utm_medium=open_dataset&utm_campaign=paywall_gallery","2026-07-02"
"6466796980","Avantero: Privacy Defender","SOKARA, TOV","Utilities","25467","135","1.0.5","2025-06-03","1","0","4","No Free Trial - Soft Paywall","1 offer set across week, year, one-time purchase","1","apps/avantero-privacy-defender-6466796980.md","screenshots/avantero-privacy-defender-6466796980/cover.webp","screenshots/avantero-privacy-defender-6466796980/cover.webp","screenshots/avantero-privacy-defender-6466796980/paywall-screen-2.webp|screenshots/avantero-privacy-defender-6466796980/paywall-screen-3.webp","https://www.paywallpro.app/apps/Avantero:-Privacy-Defender-us?id=2013060&utm_source=github&utm_medium=open_dataset&utm_campaign=paywall_gallery","https://www.paywallpro.app/apps/Avantero:-Privacy-Defender-us?id=2013060&utm_source=github&utm_medium=open_dataset&utm_campaign=paywall_gallery","2026-07-02"
"1025707485","VPN Proxy Master - Super VPN","ALL Connected Co.,Ltd","Productivity","25387","62","6.7.7","2024-05-10","1","3","0","Free Trial - Soft Paywall","2 offer sets across month, year","2","apps/vpn-proxy-master-super-vpn-1025707485.md","screenshots/vpn-proxy-master-super-vpn-1025707485/cover.webp","screenshots/vpn-proxy-master-super-vpn-1025707485/cover.webp","screenshots/vpn-proxy-master-super-vpn-1025707485/paywall-annual-79-99.webp|screenshots/vpn-proxy-master-super-vpn-1025707485/paywall-screen-3.webp","https://www.paywallpro.app/apps/VPN-Proxy-Master---Super-VPN-us?id=14260&utm_source=github&utm_medium=open_dataset&utm_campaign=paywall_gallery","https://www.paywallpro.app/apps/VPN-Proxy-Master---Super-VPN-us?id=14260&utm_source=github&utm_medium=open_dataset&utm_campaign=paywall_gallery","2026-07-02"
"6448087510","Viorix","LUKALOOP LTD","Productivity","25373","197","1.0","2023-04-29","1","0","6","Free Trial - Soft Paywall","1 offer set across week, month, year","1","apps/viorix-6448087510.md","screenshots/viorix-6448087510/cover.webp","screenshots/viorix-6448087510/cover.webp","screenshots/viorix-6448087510/paywall-screen-2.webp|screenshots/viorix-6448087510/paywall-screen-3.webp","https://www.paywallpro.app/apps/Viorix-us?id=2140743&utm_source=github&utm_medium=open_dataset&utm_campaign=paywall_gallery","https://www.paywallpro.app/apps/Viorix-us?id=2140743&utm_source=github&utm_medium=open_dataset&utm_campaign=paywall_gallery","2026-07-02"
"1503584128","Pocket Prep EMS 2026","Pocket Prep, Inc.","Education","25304","47","3.14.0","2024-06-06","1","9","0","No Free Trial - Soft Paywall","1 offer set across month, year, quarter","1","apps/pocket-prep-ems-2026-1503584128.md","screenshots/pocket-prep-ems-2026-1503584128/cover.webp","screenshots/pocket-prep-ems-2026-1503584128/cover.webp","screenshots/pocket-prep-ems-2026-1503584128/paywall-screen-2.webp|screenshots/pocket-prep-ems-2026-1503584128/paywall-screen-3.webp","https://www.paywallpro.app/apps/Pocket-Prep-EMS-2026-us?id=701&utm_source=github&utm_medium=open_dataset&utm_campaign=paywall_gallery","https://www.paywallpro.app/apps/Pocket-Prep-EMS-2026-us?id=701&utm_source=github&utm_medium=open_dataset&utm_campaign=paywall_gallery","2026-07-02"
"6743002311","MaxProtection VPN PRO","Senwo Technology Co., Limited","Productivity","25284","196","2.0","2025-11-13","2","6","3","No Free Trial - Soft Paywall","1 offer set across week","1","apps/maxprotection-vpn-pro-6743002311.md","screenshots/maxprotection-vpn-pro-6743002311/cover.webp","screenshots/maxprotection-vpn-pro-6743002311/cover.webp","screenshots/maxprotection-vpn-pro-6743002311/paywall-screen-2.webp|screenshots/maxprotection-vpn-pro-6743002311/paywall-screen-3.webp","https://www.paywallpro.app/apps/MaxProtection-VPN-PRO-us?id=1952014&utm_source=github&utm_medium=open_dataset&utm_campaign=paywall_gallery","https://www.paywallpro.app/apps/MaxProtection-VPN-PRO-us?id=1952014&utm_source=github&utm_medium=open_dataset&utm_campaign=paywall_gallery","2026-07-02"
"608834326","Calendars: Schedule Planner","Readdle Technologies Limited","Productivity","25269","168","5.31.1","2024-10-01","1","6","0","Free Trial - Soft Paywall, No Free Trial - Soft Paywall","2 offer sets across year, one-time purchase","2","apps/calendars-schedule-planner-608834326.md","screenshots/calendars-schedule-planner-608834326/cover.webp","screenshots/calendars-schedule-planner-608834326/cover.webp","screenshots/calendars-schedule-planner-608834326/paywall-one-time-purchase-59-99.webp|screenshots/calendars-schedule-planner-608834326/paywall-screen-3.webp","https://www.paywallpro.app/apps/Calendars:-Schedule-Planner-us?id=321805&utm_source=github&utm_medium=open_dataset&utm_campaign=paywall_gallery","https://www.paywallpro.app/apps/Calendars:-Schedule-Planner-us?id=321805&utm_source=github&utm_medium=open_dataset&utm_campaign=paywall_gallery","2026-07-02"
"6746736263","Hilo - Connect, Share, Enjoy","Ganpati Tilak","Lifestyle","25210","0","1.0.3","2025-07-29","1","0","5","No Free Trial - Soft Paywall","1 offer set across week, month, year, quarter","1","apps/hilo-connect-share-enjoy-6746736263.md","screenshots/hilo-connect-share-enjoy-6746736263/cover.webp","screenshots/hilo-connect-share-enjoy-6746736263/cover.webp","screenshots/hilo-connect-share-enjoy-6746736263/paywall-screen-2.webp|screenshots/hilo-connect-share-enjoy-6746736263/paywall-screen-3.webp","https://www.paywallpro.app/apps/Hilo---Connect%2C-Share%2C-Enjoy-us?id=2210009&utm_source=github&utm_medium=open_dataset&utm_campaign=paywall_gallery","https://www.paywallpro.app/apps/Hilo---Connect%2C-Share%2C-Enjoy-us?id=2210009&utm_source=github&utm_medium=open_dataset&utm_campaign=paywall_gallery","2026-07-02"
"436577167","Filmic Pro－Video Camera","Bending Spoons Apps ApS","Photo & Video","25173","92","7.5.28","2025-08-08","4","13","3","Free Trial - Soft Paywall","3 offer sets across week, year","3","apps/filmic-pro-video-camera-436577167.md","screenshots/filmic-pro-video-camera-436577167/cover.webp","screenshots/filmic-pro-video-camera-436577167/cover.webp","screenshots/filmic-pro-video-camera-436577167/paywall-annual-49-99-69-99-99-99.webp|screenshots/filmic-pro-video-camera-436577167/paywall-weekly-2-99.webp","https://www.paywallpro.app/apps/Filmic-Pro%EF%BC%8DVideo-Camera-us?id=856&utm_source=github&utm_medium=open_dataset&utm_campaign=paywall_gallery","https://www.paywallpro.app/apps/Filmic-Pro%EF%BC%8DVideo-Camera-us?id=856&utm_source=github&utm_medium=open_dataset&utm_campaign=paywall_gallery","2026-07-02"
"427424432","magicplan","Technologies magicplan Inc.","Productivity","25105","195","2025.10.0","2025-03-11","2","0","0","No Free Trial - Soft Paywall","6 offer sets across month, year","6","apps/magicplan-427424432.md","screenshots/magicplan-427424432/cover.webp","screenshots/magicplan-427424432/cover.webp","screenshots/magicplan-427424432/paywall-annual-129-99.webp|screenshots/magicplan-427424432/paywall-monthly-39-99.webp","https://www.paywallpro.app/apps/magicplan-us?id=5779&utm_source=github&utm_medium=open_dataset&utm_campaign=paywall_gallery","https://www.paywallpro.app/apps/magicplan-us?id=5779&utm_source=github&utm_medium=open_dataset&utm_campaign=paywall_gallery","2026-07-02"
"583009522","CyberGhost: Safe & Private VPN","CyberGhost SRL","Productivity","25058","196","8.4.11","2024-04-18","1","4","0","Free Trial - Soft Paywall","1 offer set across month, year","1","apps/cyberghost-safe-and-private-vpn-583009522.md","screenshots/cyberghost-safe-and-private-vpn-583009522/cover.webp","screenshots/cyberghost-safe-and-private-vpn-583009522/cover.webp","screenshots/cyberghost-safe-and-private-vpn-583009522/paywall-screen-2.webp|screenshots/cyberghost-safe-and-private-vpn-583009522/paywall-screen-3.webp","https://www.paywallpro.app/apps/CyberGhost:-Safe-&-Private-VPN-us?id=940&utm_source=github&utm_medium=open_dataset&utm_campaign=paywall_gallery","https://www.paywallpro.app/apps/CyberGhost:-Safe-&-Private-VPN-us?id=940&utm_source=github&utm_medium=open_dataset&utm_campaign=paywall_gallery","2026-07-02"
"1497058186","Marquee Sports Network","Marquee Sports Network","Sports","25032","116","3.4.0","2025-09-15","1","3","5","No Free Trial - Soft Paywall","1 offer set across month","1","apps/marquee-sports-network-1497058186.md","screenshots/marquee-sports-network-1497058186/cover.webp","screenshots/marquee-sports-network-1497058186/cover.webp","screenshots/marquee-sports-network-1497058186/paywall-screen-2.webp|screenshots/marquee-sports-network-1497058186/paywall-screen-3.webp","https://www.paywallpro.app/apps/Marquee-Sports-Network-us?id=371&utm_source=github&utm_medium=open_dataset&utm_campaign=paywall_gallery","https://www.paywallpro.app/apps/Marquee-Sports-Network-us?id=371&utm_source=github&utm_medium=open_dataset&utm_campaign=paywall_gallery","2026-07-02"
"6745900126","Bible Bff-Modern Bible Stories","Idea Garden LLC","Reference","25017","35","4","2025-09-11","1","12","3","Free Trial - Soft Paywall, No Free Trial - Soft Paywall","2 offer sets across week, year, quarter","2","apps/bible-bff-modern-bible-stories-6745900126.md","screenshots/bible-bff-modern-bible-stories-6745900126/cover.webp","screenshots/bible-bff-modern-bible-stories-6745900126/cover.webp","screenshots/bible-bff-modern-bible-stories-6745900126/paywall-annual-59-99.webp|screenshots/bible-bff-modern-bible-stories-6745900126/paywall-screen-3.webp","https://www.paywallpro.app/apps/Bible-Bff-Modern-Bible-Stories-us?id=2093981&utm_source=github&utm_medium=open_dataset&utm_campaign=paywall_gallery","https://www.paywallpro.app/apps/Bible-Bff-Modern-Bible-Stories-us?id=2093981&utm_source=github&utm_medium=open_dataset&utm_campaign=paywall_gallery","2026-07-02"
"6478574268","Home Security - Camera Scanner","Appurple","Lifestyle","24952","0","1.1","2024-11-13","1","4","5","No Free Trial - Soft Paywall","2 offer sets across week, year","2","apps/home-security-camera-scanner-6478574268.md","screenshots/home-security-camera-scanner-6478574268/cover.webp","screenshots/home-security-camera-scanner-6478574268/cover.webp","screenshots/home-security-camera-scanner-6478574268/paywall-weekly-7-99.webp|screenshots/home-security-camera-scanner-6478574268/paywall-screen-3.webp","https://www.paywallpro.app/apps/Home-Security---Camera-Scanner-us?id=2293681&utm_source=github&utm_medium=open_dataset&utm_campaign=paywall_gallery","https://www.paywallpro.app/apps/Home-Security---Camera-Scanner-us?id=2293681&utm_source=github&utm_medium=open_dataset&utm_campaign=paywall_gallery","2026-07-02"
"6450398308","Smart Printer App: Print, Scan","Appers Limited","Business","24937","0","2.9","2025-11-24","2","9","2","Free Trial - Soft Paywall","1 offer set across week, year","1","apps/smart-printer-app-print-scan-6450398308.md","screenshots/smart-printer-app-print-scan-6450398308/cover.webp","screenshots/smart-printer-app-print-scan-6450398308/cover.webp","screenshots/smart-printer-app-print-scan-6450398308/paywall-screen-2.webp|screenshots/smart-printer-app-print-scan-6450398308/paywall-screen-3.webp","https://www.paywallpro.app/apps/Smart-Printer-App:-Print%2C-Scan-us?id=1952294&utm_source=github&utm_medium=open_dataset&utm_campaign=paywall_gallery","https://www.paywallpro.app/apps/Smart-Printer-App:-Print%2C-Scan-us?id=1952294&utm_source=github&utm_medium=open_dataset&utm_campaign=paywall_gallery","2026-07-02"
"423260205","The San Francisco Chronicle","Hearst Newspapers","News","24906","68","202512.1","2025-12-04","1","3","6","Free Trial - Soft Paywall","1 offer set across month","1","apps/the-san-francisco-chronicle-423260205.md","screenshots/the-san-francisco-chronicle-423260205/cover.webp","screenshots/the-san-francisco-chronicle-423260205/cover.webp","screenshots/the-san-francisco-chronicle-423260205/paywall-screen-2.webp|screenshots/the-san-francisco-chronicle-423260205/paywall-screen-3.webp","https://www.paywallpro.app/apps/The-San-Francisco-Chronicle-us?id=1950659&utm_source=github&utm_medium=open_dataset&utm_campaign=paywall_gallery","https://www.paywallpro.app/apps/The-San-Francisco-Chronicle-us?id=1950659&utm_source=github&utm_medium=open_dataset&utm_campaign=paywall_gallery","2026-07-02"
"571800810","Calm","Calm.com","Health & Fitness","24671","15","6.89","2026-02-13","5","4","11","No Free Trial - Soft Paywall, Free Trial - Soft Paywall","5 offer sets across month, year","5","apps/calm-571800810.md","screenshots/calm-571800810/cover.webp","screenshots/calm-571800810/cover.webp","screenshots/calm-571800810/paywall-monthly-16-99.webp|screenshots/calm-571800810/paywall-annual-79-99.webp","https://www.paywallpro.app/apps/Calm-us?id=41&utm_source=github&utm_medium=open_dataset&utm_campaign=paywall_gallery","https://www.paywallpro.app/apps/Calm-us?id=41&utm_source=github&utm_medium=open_dataset&utm_campaign=paywall_gallery","2026-07-02"
"1619761040","YOUKU-Drama, Film, Show, Anime","Jet Brilliant Inc.","Entertainment","24643","190","11.1.18","2025-10-13","3","0","10","No Free Trial - Soft Paywall","1 offer set across month, year, quarter","1","apps/youku-drama-film-show-anime-1619761040.md","screenshots/youku-drama-film-show-anime-1619761040/cover.webp","screenshots/youku-drama-film-show-anime-1619761040/cover.webp","screenshots/youku-drama-film-show-anime-1619761040/paywall-screen-2.webp|screenshots/youku-drama-film-show-anime-1619761040/paywall-screen-3.webp","https://www.paywallpro.app/apps/YOUKU-Drama%2C-Film%2C-Show%2C-Anime-us?id=7653&utm_source=github&utm_medium=open_dataset&utm_campaign=paywall_gallery","https://www.paywallpro.app/apps/YOUKU-Drama%2C-Film%2C-Show%2C-Anime-us?id=7653&utm_source=github&utm_medium=open_dataset&utm_campaign=paywall_gallery","2026-07-02"
"6740210196","LEGO® Bluey","StoryToys Limited","Education","24560","193","3.0.0","2025-12-04","2","0","9","No Free Trial - Soft Paywall","2 offer sets across month, year, one-time purchase","2","apps/lego-bluey-6740210196.md","screenshots/lego-bluey-6740210196/cover.webp","screenshots/lego-bluey-6740210196/cover.webp","screenshots/lego-bluey-6740210196/paywall-monthly-4-99.webp|screenshots/lego-bluey-6740210196/paywall-screen-3.webp","https://www.paywallpro.app/apps/LEGO%C2%AE-Bluey-us?id=2194864&utm_source=github&utm_medium=open_dataset&utm_campaign=paywall_gallery","https://www.paywallpro.app/apps/LEGO%C2%AE-Bluey-us?id=2194864&utm_source=github&utm_medium=open_dataset&utm_campaign=paywall_gallery","2026-07-02"
"1670269554","Led Light Controller Home App","Maple Labs Co., Ltd","Lifestyle","24507","185","2.6","2025-08-26","2","8","11","No Free Trial - Soft Paywall","1 offer set across week, year, one-time purchase","1","apps/led-light-controller-home-app-1670269554.md","screenshots/led-light-controller-home-app-1670269554/cover.webp","screenshots/led-light-controller-home-app-1670269554/cover.webp","screenshots/led-light-controller-home-app-1670269554/paywall-screen-2.webp|screenshots/led-light-controller-home-app-1670269554/paywall-screen-3.webp","https://www.paywallpro.app/apps/Led-Light-Controller-Home-App-us?id=364324&utm_source=github&utm_medium=open_dataset&utm_campaign=paywall_gallery","https://www.paywallpro.app/apps/Led-Light-Controller-Home-App-us?id=364324&utm_source=github&utm_medium=open_dataset&utm_campaign=paywall_gallery","2026-07-02"
"1507375125","Text App: Wifi Calling+Texting","Smart Tool Studio","Social Networking","24487","140","1.6.2","2024-02-05","1","5","0","Free Trial - Soft Paywall","1 offer set across week, month","1","apps/text-app-wifi-calling-texting-1507375125.md","screenshots/text-app-wifi-calling-texting-1507375125/cover.webp","screenshots/text-app-wifi-calling-texting-1507375125/cover.webp","screenshots/text-app-wifi-calling-texting-1507375125/paywall-screen-2.webp|screenshots/text-app-wifi-calling-texting-1507375125/paywall-screen-3.webp","https://www.paywallpro.app/apps/Text-App:-Wifi-Calling%2BTexting-us?id=2983&utm_source=github&utm_medium=open_dataset&utm_campaign=paywall_gallery","https://www.paywallpro.app/apps/Text-App:-Wifi-Calling%2BTexting-us?id=2983&utm_source=github&utm_medium=open_dataset&utm_campaign=paywall_gallery","2026-07-02"
"1166269606","Toybox: 3D Print your own toys","Toybox Labs, INC","Entertainment","24440","0","1.19.1","2025-10-20","2","7","12","No Free Trial - Soft Paywall, Currency Paywall","1 offer set across month, year","1","apps/toybox-3d-print-your-own-toys-1166269606.md","screenshots/toybox-3d-print-your-own-toys-1166269606/cover.webp","screenshots/toybox-3d-print-your-own-toys-1166269606/cover.webp","screenshots/toybox-3d-print-your-own-toys-1166269606/paywall-currency-paywall.webp|screenshots/toybox-3d-print-your-own-toys-1166269606/paywall-screen-3.webp","https://www.paywallpro.app/apps/Toybox:-3D-Print-your-own-toys-us?id=1191736&utm_source=github&utm_medium=open_dataset&utm_campaign=paywall_gallery","https://www.paywallpro.app/apps/Toybox:-3D-Print-your-own-toys-us?id=1191736&utm_source=github&utm_medium=open_dataset&utm_campaign=paywall_gallery","2026-07-02"
"6738117098","Smart Home - Remote Control","LeoStudio Global","Lifestyle","24419","173","1.1.16","2025-10-26","1","8","5","No Free Trial - Soft Paywall","1 offer set across week, year","1","apps/smart-home-remote-control-6738117098.md","screenshots/smart-home-remote-control-6738117098/cover.webp","screenshots/smart-home-remote-control-6738117098/cover.webp","screenshots/smart-home-remote-control-6738117098/paywall-screen-2.webp|screenshots/smart-home-remote-control-6738117098/paywall-screen-3.webp","https://www.paywallpro.app/apps/Smart-Home---Remote-Control-us?id=2141543&utm_source=github&utm_medium=open_dataset&utm_campaign=paywall_gallery","https://www.paywallpro.app/apps/Smart-Home---Remote-Control-us?id=2141543&utm_source=github&utm_medium=open_dataset&utm_campaign=paywall_gallery","2026-07-02"
"1508888618","Cardstock: Sports Card Scanner","Open Brace","Sports","24403","195","4.0","2025-05-15","1","7","0","Free Trial - Soft Paywall, No Free Trial - Soft Paywall","2 offer sets across month, year","2","apps/cardstock-sports-card-scanner-1508888618.md","screenshots/cardstock-sports-card-scanner-1508888618/cover.webp","screenshots/cardstock-sports-card-scanner-1508888618/cover.webp","screenshots/cardstock-sports-card-scanner-1508888618/paywall-annual-19-99.webp|screenshots/cardstock-sports-card-scanner-1508888618/paywall-screen-3.webp","https://www.paywallpro.app/apps/Cardstock:-Sports-Card-Scanner-us?id=1949517&utm_source=github&utm_medium=open_dataset&utm_campaign=paywall_gallery","https://www.paywallpro.app/apps/Cardstock:-Sports-Card-Scanner-us?id=1949517&utm_source=github&utm_medium=open_dataset&utm_campaign=paywall_gallery","2026-07-02"
"1639842068","iTranscribe - Audio to Text","TALENT ME TECHNOLOGY PTE. LTD. ","Productivity","24346","200","3.3.1","2025-11-24","3","6","7","Free Trial - Soft Paywall","1 offer set across week, year","1","apps/itranscribe-audio-to-text-1639842068.md","screenshots/itranscribe-audio-to-text-1639842068/cover.webp","screenshots/itranscribe-audio-to-text-1639842068/cover.webp","screenshots/itranscribe-audio-to-text-1639842068/paywall-screen-2.webp|screenshots/itranscribe-audio-to-text-1639842068/paywall-screen-3.webp","https://www.paywallpro.app/apps/iTranscribe---Audio-to-Text-us?id=879&utm_source=github&utm_medium=open_dataset&utm_campaign=paywall_gallery","https://www.paywallpro.app/apps/iTranscribe---Audio-to-Text-us?id=879&utm_source=github&utm_medium=open_dataset&utm_campaign=paywall_gallery","2026-07-02"
"829587759","Babbel - Language Learning","Babbel GmbH","Education","24343","29","21.96.1","2026-03-27","8","7","8","No Free Trial - Soft Paywall","2 offer sets across half year, year, quarter, one-time purchase","2","apps/babbel-language-learning-829587759.md","screenshots/babbel-language-learning-829587759/cover.webp","screenshots/babbel-language-learning-829587759/cover.webp","screenshots/babbel-language-learning-829587759/paywall-quarterly-53-99.webp|screenshots/babbel-language-learning-829587759/paywall-screen-3.webp","https://www.paywallpro.app/apps/Babbel---Language-Learning-us?id=66&utm_source=github&utm_medium=open_dataset&utm_campaign=paywall_gallery","https://www.paywallpro.app/apps/Babbel---Language-Learning-us?id=66&utm_source=github&utm_medium=open_dataset&utm_campaign=paywall_gallery","2026-07-02"
"594298510","Wellsite Navigator","Wellsite Navigator, LLC","Navigation","24302","173","3.37.0","2026-01-19","2","4","0","Free Trial - Soft Paywall","1 offer set across month, year","1","apps/wellsite-navigator-594298510.md","screenshots/wellsite-navigator-594298510/cover.webp","screenshots/wellsite-navigator-594298510/cover.webp","screenshots/wellsite-navigator-594298510/paywall-screen-2.webp|screenshots/wellsite-navigator-594298510/paywall-screen-3.webp","https://www.paywallpro.app/apps/Wellsite-Navigator-us?id=6712&utm_source=github&utm_medium=open_dataset&utm_campaign=paywall_gallery","https://www.paywallpro.app/apps/Wellsite-Navigator-us?id=6712&utm_source=github&utm_medium=open_dataset&utm_campaign=paywall_gallery","2026-07-02"
"1595795215","Plant App: Plant Identifier","SCALEUP YAZILIM HIZMETLERI","Education","24247","198","3.2.4","2025-10-31","3","8","7","Free Trial - Soft Paywall","1 offer set across week, one-time purchase","1","apps/plant-app-plant-identifier-1595795215.md","screenshots/plant-app-plant-identifier-1595795215/cover.webp","screenshots/plant-app-plant-identifier-1595795215/cover.webp","screenshots/plant-app-plant-identifier-1595795215/paywall-screen-2.webp|screenshots/plant-app-plant-identifier-1595795215/paywall-screen-3.webp","https://www.paywallpro.app/apps/Plant-App:-Plant-Identifier-us?id=17091&utm_source=github&utm_medium=open_dataset&utm_campaign=paywall_gallery","https://www.paywallpro.app/apps/Plant-App:-Plant-Identifier-us?id=17091&utm_source=github&utm_medium=open_dataset&utm_campaign=paywall_gallery","2026-07-02"
"571421198","Toddler Games For 2 Year Olds.","22LEARN Toddler and Baby Learning Games, LLC","Education","24233","0","4.7.6","2025-09-03","1","0","6","Free Trial - Soft Paywall","1 offer set across month, year, one-time purchase","1","apps/toddler-games-for-2-year-olds-571421198.md","screenshots/toddler-games-for-2-year-olds-571421198/cover.webp","screenshots/toddler-games-for-2-year-olds-571421198/cover.webp","screenshots/toddler-games-for-2-year-olds-571421198/paywall-screen-2.webp|screenshots/toddler-games-for-2-year-olds-571421198/paywall-screen-3.webp","https://www.paywallpro.app/apps/Toddler-Games-For-2-Year-Olds.-us?id=1951428&utm_source=github&utm_medium=open_dataset&utm_campaign=paywall_gallery","https://www.paywallpro.app/apps/Toddler-Games-For-2-Year-Olds.-us?id=1951428&utm_source=github&utm_medium=open_dataset&utm_campaign=paywall_gallery","2026-07-02"
"1627514527","Seed Oil Scout: Healthy Dining","Seed Oil Scout","Food & Drink","24034","196","6.5.3","2025-09-28","4","21","2","Free Trial - Soft Paywall","1 offer set across year","1","apps/seed-oil-scout-healthy-dining-1627514527.md","screenshots/seed-oil-scout-healthy-dining-1627514527/cover.webp","screenshots/seed-oil-scout-healthy-dining-1627514527/cover.webp","screenshots/seed-oil-scout-healthy-dining-1627514527/paywall-screen-2.webp|screenshots/seed-oil-scout-healthy-dining-1627514527/paywall-screen-3.webp","https://www.paywallpro.app/apps/Seed-Oil-Scout:-Healthy-Dining-us?id=639&utm_source=github&utm_medium=open_dataset&utm_campaign=paywall_gallery","https://www.paywallpro.app/apps/Seed-Oil-Scout:-Healthy-Dining-us?id=639&utm_source=github&utm_medium=open_dataset&utm_campaign=paywall_gallery","2026-07-02"
"726031617","Abide: Bible Prayer Meditation","Guideposts","Reference","23961","52","3.67.0","2025-09-03","3","10","6","Free Trial - Soft Paywall, No Free Trial - Soft Paywall","2 offer sets across month, year","2","apps/abide-bible-prayer-meditation-726031617.md","screenshots/abide-bible-prayer-meditation-726031617/cover.webp","screenshots/abide-bible-prayer-meditation-726031617/cover.webp","screenshots/abide-bible-prayer-meditation-726031617/paywall-annual-39-99.webp|screenshots/abide-bible-prayer-meditation-726031617/paywall-screen-3.webp","https://www.paywallpro.app/apps/Abide:-Bible-Prayer-Meditation-us?id=487&utm_source=github&utm_medium=open_dataset&utm_campaign=paywall_gallery","https://www.paywallpro.app/apps/Abide:-Bible-Prayer-Meditation-us?id=487&utm_source=github&utm_medium=open_dataset&utm_campaign=paywall_gallery","2026-07-02"
"375990038","Meetup: Social Events & Groups","Meetup LLC","Social Networking","23790","31","2026.3.23","2026-03-24","5","2","8","No Free Trial - Soft Paywall, Free Trial - Soft Paywall","2 offer sets across week, year","2","apps/meetup-social-events-and-groups-375990038.md","screenshots/meetup-social-events-and-groups-375990038/cover.webp","screenshots/meetup-social-events-and-groups-375990038/cover.webp","screenshots/meetup-social-events-and-groups-375990038/paywall-weekly-9-99.webp|screenshots/meetup-social-events-and-groups-375990038/paywall-weekly-9-99-2.webp","https://www.paywallpro.app/apps/Meetup:-Social-Events-&-Groups-us?id=2957&utm_source=github&utm_medium=open_dataset&utm_campaign=paywall_gallery","https://www.paywallpro.app/apps/Meetup:-Social-Events-&-Groups-us?id=2957&utm_source=github&utm_medium=open_dataset&utm_campaign=paywall_gallery","2026-07-02"
"1666079904","Track My Flight Now","East End Technologies Ltd.","Travel","23752","186","1.30","2024-11-13","1","3","0","Free Trial - Soft Paywall","2 offer sets across week","2","apps/track-my-flight-now-1666079904.md","screenshots/track-my-flight-now-1666079904/cover.webp","screenshots/track-my-flight-now-1666079904/cover.webp","screenshots/track-my-flight-now-1666079904/paywall-weekly-2-99.webp|screenshots/track-my-flight-now-1666079904/paywall-screen-3.webp","https://www.paywallpro.app/apps/Track-My-Flight-Now-us?id=976349&utm_source=github&utm_medium=open_dataset&utm_campaign=paywall_gallery","https://www.paywallpro.app/apps/Track-My-Flight-Now-us?id=976349&utm_source=github&utm_medium=open_dataset&utm_campaign=paywall_gallery","2026-07-02"
"6742134509","QuickPulse: Blood Pressure","Guangzhou Heqi Zhixiang Network Technology Co., Ltd.","Health & Fitness","23748","63","1.2.1","2025-12-05","1","5","5","No Free Trial - Soft Paywall","1 offer set across week, year","1","apps/quickpulse-blood-pressure-6742134509.md","screenshots/quickpulse-blood-pressure-6742134509/cover.webp","screenshots/quickpulse-blood-pressure-6742134509/cover.webp","screenshots/quickpulse-blood-pressure-6742134509/paywall-screen-2.webp|screenshots/quickpulse-blood-pressure-6742134509/paywall-screen-3.webp","https://www.paywallpro.app/apps/QuickPulse:-Blood-Pressure-us?id=2205541&utm_source=github&utm_medium=open_dataset&utm_campaign=paywall_gallery","https://www.paywallpro.app/apps/QuickPulse:-Blood-Pressure-us?id=2205541&utm_source=github&utm_medium=open_dataset&utm_campaign=paywall_gallery","2026-07-02"
"1138436619","Montessori Preschool, Kids 3-7","EDOKI ACADEMY","Education","23722","143","5.10.3","2025-11-04","4","13","5","Free Trial - Soft Paywall","1 offer set across month, year","1","apps/montessori-preschool-kids-3-7-1138436619.md","screenshots/montessori-preschool-kids-3-7-1138436619/cover.webp","screenshots/montessori-preschool-kids-3-7-1138436619/cover.webp","screenshots/montessori-preschool-kids-3-7-1138436619/paywall-screen-2.webp|screenshots/montessori-preschool-kids-3-7-1138436619/paywall-screen-3.webp","https://www.paywallpro.app/apps/Montessori-Preschool%2C-Kids-3-7-us?id=7662&utm_source=github&utm_medium=open_dataset&utm_campaign=paywall_gallery","https://www.paywallpro.app/apps/Montessori-Preschool%2C-Kids-3-7-us?id=7662&utm_source=github&utm_medium=open_dataset&utm_campaign=paywall_gallery","2026-07-02"
"1481825715","Prepry - ARDMS & CCI Exam Prep","Imago AI LLC","Medical","23695","12","3.1.8","2025-12-16","2","6","0","No Free Trial - Soft Paywall","1 offer set across month, year, quarter, one-time purchase","1","apps/prepry-ardms-and-cci-exam-prep-1481825715.md","screenshots/prepry-ardms-and-cci-exam-prep-1481825715/cover.webp","screenshots/prepry-ardms-and-cci-exam-prep-1481825715/cover.webp","screenshots/prepry-ardms-and-cci-exam-prep-1481825715/paywall-screen-2.webp|screenshots/prepry-ardms-and-cci-exam-prep-1481825715/paywall-screen-3.webp","https://www.paywallpro.app/apps/Prepry---ARDMS-&-CCI-Exam-Prep-us?id=43492&utm_source=github&utm_medium=open_dataset&utm_campaign=paywall_gallery","https://www.paywallpro.app/apps/Prepry---ARDMS-&-CCI-Exam-Prep-us?id=43492&utm_source=github&utm_medium=open_dataset&utm_campaign=paywall_gallery","2026-07-02"
"1001507516","HelloChinese - Learn Chinese","HelloChinese Technology Co., Ltd.","Education","23693","123","7.2.6","2025-10-14","2","9","8","No Free Trial - Soft Paywall","1 offer set across month, half year, year, quarter","1","apps/hellochinese-learn-chinese-1001507516.md","screenshots/hellochinese-learn-chinese-1001507516/cover.webp","screenshots/hellochinese-learn-chinese-1001507516/cover.webp","screenshots/hellochinese-learn-chinese-1001507516/paywall-screen-2.webp|screenshots/hellochinese-learn-chinese-1001507516/paywall-screen-3.webp","https://www.paywallpro.app/apps/HelloChinese---Learn-Chinese-us?id=1192245&utm_source=github&utm_medium=open_dataset&utm_campaign=paywall_gallery","https://www.paywallpro.app/apps/HelloChinese---Learn-Chinese-us?id=1192245&utm_source=github&utm_medium=open_dataset&utm_campaign=paywall_gallery","2026-07-08"
"1661969777","Friday AI Email Writer","Sekterra GmbH","Productivity","23650","189","1.1.9","2025-06-12","3","0","6","Free Trial - Soft Paywall","2 offer sets across week, one-time purchase","2","apps/friday-ai-email-writer-1661969777.md","screenshots/friday-ai-email-writer-1661969777/cover.webp","screenshots/friday-ai-email-writer-1661969777/cover.webp","screenshots/friday-ai-email-writer-1661969777/paywall-weekly-6-99.webp|screenshots/friday-ai-email-writer-1661969777/paywall-screen-3.webp","https://www.paywallpro.app/apps/Friday-AI-Email-Writer-us?id=741&utm_source=github&utm_medium=open_dataset&utm_campaign=paywall_gallery","https://www.paywallpro.app/apps/Friday-AI-Email-Writer-us?id=741&utm_source=github&utm_medium=open_dataset&utm_campaign=paywall_gallery","2026-07-08"
"1348028646","Translate Now - AI Translator","Air Apps Systems","Reference","23637","5","2025.12.1","2025-12-15","5","3","0","Free Trial - Soft Paywall","2 offer sets across week, month","2","apps/translate-now-ai-translator-1348028646.md","screenshots/translate-now-ai-translator-1348028646/cover.webp","screenshots/translate-now-ai-translator-1348028646/cover.webp","screenshots/translate-now-ai-translator-1348028646/paywall-weekly-9-99.webp|screenshots/translate-now-ai-translator-1348028646/paywall-screen-3.webp","https://www.paywallpro.app/apps/Translate-Now---AI-Translator-us?id=189&utm_source=github&utm_medium=open_dataset&utm_campaign=paywall_gallery","https://www.paywallpro.app/apps/Translate-Now---AI-Translator-us?id=189&utm_source=github&utm_medium=open_dataset&utm_campaign=paywall_gallery","2026-07-08"
"885697368","Halide Mark III - Pro Camera","Lux Optics Incorporated","Photo & Video","23531","167","2.16.1","2024-09-20","2","8","0","Free Trial - Soft Paywall","1 offer set across year, one-time purchase","1","apps/halide-mark-iii-pro-camera-885697368.md","screenshots/halide-mark-iii-pro-camera-885697368/cover.webp","screenshots/halide-mark-iii-pro-camera-885697368/cover.webp","screenshots/halide-mark-iii-pro-camera-885697368/paywall-screen-2.webp|screenshots/halide-mark-iii-pro-camera-885697368/paywall-screen-3.webp","https://www.paywallpro.app/apps/Halide-Mark-III---Pro-Camera-us?id=15200&utm_source=github&utm_medium=open_dataset&utm_campaign=paywall_gallery","https://www.paywallpro.app/apps/Halide-Mark-III---Pro-Camera-us?id=15200&utm_source=github&utm_medium=open_dataset&utm_campaign=paywall_gallery","2026-07-08"
"904209370","B612 AI Photo&Video Editor","SNOW Corporation","Photo & Video","23517","177","14.4.10","2025-09-03","2","0","6","Free Trial - Soft Paywall","1 offer set across month, year","1","apps/b612-ai-photo-and-video-editor-904209370.md","screenshots/b612-ai-photo-and-video-editor-904209370/cover.webp","screenshots/b612-ai-photo-and-video-editor-904209370/cover.webp","screenshots/b612-ai-photo-and-video-editor-904209370/paywall-screen-2.webp|screenshots/b612-ai-photo-and-video-editor-904209370/paywall-screen-3.webp","https://www.paywallpro.app/apps/B612-AI-Photo&Video-Editor-us?id=760983&utm_source=github&utm_medium=open_dataset&utm_campaign=paywall_gallery","https://www.paywallpro.app/apps/B612-AI-Photo&Video-Editor-us?id=760983&utm_source=github&utm_medium=open_dataset&utm_campaign=paywall_gallery","2026-07-08"
"1607753158","AI Baby Generator: Face Maker","Wowoo Dijital Hizmetler Limited Sirketi","Photo & Video","23468","162","5.3.5","2025-08-28","1","8","4","Free Trial - Soft Paywall","1 offer set across week, year","1","apps/ai-baby-generator-face-maker-1607753158.md","screenshots/ai-baby-generator-face-maker-1607753158/cover.webp","screenshots/ai-baby-generator-face-maker-1607753158/cover.webp","screenshots/ai-baby-generator-face-maker-1607753158/paywall-screen-2.webp|screenshots/ai-baby-generator-face-maker-1607753158/paywall-screen-3.webp","https://www.paywallpro.app/apps/AI-Baby-Generator:-Face-Maker-us?id=1951420&utm_source=github&utm_medium=open_dataset&utm_campaign=paywall_gallery","https://www.paywallpro.app/apps/AI-Baby-Generator:-Face-Maker-us?id=1951420&utm_source=github&utm_medium=open_dataset&utm_campaign=paywall_gallery","2026-07-08"
"1524407919","Mystro Driver: Drive & Deliver","Mystro","Business","23440","162","2025.10.20","2025-10-24","1","6","4","No Free Trial - Soft Paywall","1 offer set across month, year","1","apps/mystro-driver-drive-and-deliver-1524407919.md","screenshots/mystro-driver-drive-and-deliver-1524407919/cover.webp","screenshots/mystro-driver-drive-and-deliver-1524407919/cover.webp","screenshots/mystro-driver-drive-and-deliver-1524407919/paywall-screen-2.webp|screenshots/mystro-driver-drive-and-deliver-1524407919/paywall-screen-3.webp","https://www.paywallpro.app/apps/Mystro-Driver:-Drive-&-Deliver-us?id=927&utm_source=github&utm_medium=open_dataset&utm_campaign=paywall_gallery","https://www.paywallpro.app/apps/Mystro-Driver:-Drive-&-Deliver-us?id=927&utm_source=github&utm_medium=open_dataset&utm_campaign=paywall_gallery","2026-07-08"
"6737417022","Pose: AI Photo Video Generator","Spark Dynamic","Graphics & Design","23403","16","1.3.7","2026-02-09","5","7","2","Free Trial - Soft Paywall","1 offer set across week","1","apps/pose-ai-photo-video-generator-6737417022.md","screenshots/pose-ai-photo-video-generator-6737417022/cover.webp","screenshots/pose-ai-photo-video-generator-6737417022/cover.webp","screenshots/pose-ai-photo-video-generator-6737417022/paywall-screen-2.webp|screenshots/pose-ai-photo-video-generator-6737417022/paywall-screen-3.webp","https://www.paywallpro.app/apps/Pose:-AI-Photo-Video-Generator-us?id=1951421&utm_source=github&utm_medium=open_dataset&utm_campaign=paywall_gallery","https://www.paywallpro.app/apps/Pose:-AI-Photo-Video-Generator-us?id=1951421&utm_source=github&utm_medium=open_dataset&utm_campaign=paywall_gallery","2026-07-08"
"1141119371","FantasyPros - Fantasy Advice","Marzen Media LLC","Sports","23343","144","3.1.9","2025-10-09","3","0","17","No Free Trial - Soft Paywall","1 offer set across month, half year, year","1","apps/fantasypros-fantasy-advice-1141119371.md","screenshots/fantasypros-fantasy-advice-1141119371/cover.webp","screenshots/fantasypros-fantasy-advice-1141119371/cover.webp","screenshots/fantasypros-fantasy-advice-1141119371/paywall-screen-2.webp|screenshots/fantasypros-fantasy-advice-1141119371/paywall-screen-3.webp","https://www.paywallpro.app/apps/FantasyPros---Fantasy-Advice-us?id=498135&utm_source=github&utm_medium=open_dataset&utm_campaign=paywall_gallery","https://www.paywallpro.app/apps/FantasyPros---Fantasy-Advice-us?id=498135&utm_source=github&utm_medium=open_dataset&utm_campaign=paywall_gallery","2026-07-08"
"475772902","Night Sky","iCandi Apps Ltd.","Reference","23279","22","26.1","2025-11-18","3","7","1","No Free Trial - Soft Paywall","1 offer set across week, year","1","apps/night-sky-475772902.md","screenshots/night-sky-475772902/cover.webp","screenshots/night-sky-475772902/cover.webp","screenshots/night-sky-475772902/paywall-screen-2.webp|screenshots/night-sky-475772902/paywall-screen-3.webp","https://www.paywallpro.app/apps/Night-Sky-us?id=2984&utm_source=github&utm_medium=open_dataset&utm_campaign=paywall_gallery","https://www.paywallpro.app/apps/Night-Sky-us?id=2984&utm_source=github&utm_medium=open_dataset&utm_campaign=paywall_gallery","2026-07-08"
"6453024466","Trans Live Video Chat: TS Chat","贵 李","Social Networking","23232","142","1.5.0","2025-11-04","2","0","7","No Free Trial - Soft Paywall, Currency Paywall","1 offer set across month","1","apps/trans-live-video-chat-ts-chat-6453024466.md","screenshots/trans-live-video-chat-ts-chat-6453024466/cover.webp","screenshots/trans-live-video-chat-ts-chat-6453024466/cover.webp","screenshots/trans-live-video-chat-ts-chat-6453024466/paywall-currency-paywall.webp|screenshots/trans-live-video-chat-ts-chat-6453024466/paywall-screen-3.webp","https://www.paywallpro.app/apps/Trans-Live-Video-Chat:-TS-Chat-us?id=1949982&utm_source=github&utm_medium=open_dataset&utm_campaign=paywall_gallery","https://www.paywallpro.app/apps/Trans-Live-Video-Chat:-TS-Chat-us?id=1949982&utm_source=github&utm_medium=open_dataset&utm_campaign=paywall_gallery","2026-07-08"
"1444781716","Artful Agenda","Artful, LLC","Productivity","23211","98","1.16.6","2024-08-29","2","4","0","No Free Trial - Soft Paywall","1 offer set across year","1","apps/artful-agenda-1444781716.md","screenshots/artful-agenda-1444781716/cover.webp","screenshots/artful-agenda-1444781716/cover.webp","screenshots/artful-agenda-1444781716/paywall-screen-2.webp|screenshots/artful-agenda-1444781716/paywall-screen-3.webp","https://www.paywallpro.app/apps/Artful-Agenda-us?id=2989&utm_source=github&utm_medium=open_dataset&utm_campaign=paywall_gallery","https://www.paywallpro.app/apps/Artful-Agenda-us?id=2989&utm_source=github&utm_medium=open_dataset&utm_campaign=paywall_gallery","2026-07-08"
"6451399317","Car Play Connect: Remote Start","TV Cast Pte. Ltd.","Utilities","23185","172","4.2.0","2025-10-01","2","10","6","No Free Trial - Soft Paywall","2 offer sets across week, month, half year, year, quarter","2","apps/car-play-connect-remote-start-6451399317.md","screenshots/car-play-connect-remote-start-6451399317/cover.webp","screenshots/car-play-connect-remote-start-6451399317/cover.webp","screenshots/car-play-connect-remote-start-6451399317/paywall-weekly-9-99.webp|screenshots/car-play-connect-remote-start-6451399317/paywall-screen-3.webp","https://www.paywallpro.app/apps/Car-Play-Connect:-Remote-Start-us?id=698865&utm_source=github&utm_medium=open_dataset&utm_campaign=paywall_gallery","https://www.paywallpro.app/apps/Car-Play-Connect:-Remote-Start-us?id=698865&utm_source=github&utm_medium=open_dataset&utm_campaign=paywall_gallery","2026-07-08"
"6742527823","Owll Translator：AI Voice Clone","VOCALBEATS.AI PTE. LTD.","Business","23153","59","","2026-04-18","1","7","6","No Free Trial - Soft Paywall","1 offer set across month, half year, year","1","apps/owll-translator-ai-voice-clone-6742527823.md","screenshots/owll-translator-ai-voice-clone-6742527823/cover.webp","screenshots/owll-translator-ai-voice-clone-6742527823/cover.webp","screenshots/owll-translator-ai-voice-clone-6742527823/paywall-screen-2.webp|screenshots/owll-translator-ai-voice-clone-6742527823/paywall-screen-3.webp","https://www.paywallpro.app/apps/Owll-Translator%EF%BC%9AAI-Voice-Clone-us?id=2093980&utm_source=github&utm_medium=open_dataset&utm_campaign=paywall_gallery","https://www.paywallpro.app/apps/Owll-Translator%EF%BC%9AAI-Voice-Clone-us?id=2093980&utm_source=github&utm_medium=open_dataset&utm_campaign=paywall_gallery","2026-07-08"
"1477440076","Police Scanner: Fire Radio","Guru Network Limited Inc.","News","23133","14","2.35.4","2024-05-23","1","6","0","Free Trial - Soft Paywall","2 offer sets across week, month, year","2","apps/police-scanner-fire-radio-1477440076.md","screenshots/police-scanner-fire-radio-1477440076/cover.webp","screenshots/police-scanner-fire-radio-1477440076/cover.webp","screenshots/police-scanner-fire-radio-1477440076/paywall-weekly-2-99.webp|screenshots/police-scanner-fire-radio-1477440076/paywall-screen-3.webp","https://www.paywallpro.app/apps/Police-Scanner:-Fire-Radio-us?id=13315&utm_source=github&utm_medium=open_dataset&utm_campaign=paywall_gallery","https://www.paywallpro.app/apps/Police-Scanner:-Fire-Radio-us?id=13315&utm_source=github&utm_medium=open_dataset&utm_campaign=paywall_gallery","2026-07-08"
"1482681335","Wink Dating: Meet, Chat & Date","9 Count, Inc.","Lifestyle","23119","196","9.40.0","2024-10-05","1","3","0","No Free Trial - Soft Paywall","2 offer sets across week, month, half year, quarter","2","apps/wink-dating-meet-chat-and-date-1482681335.md","screenshots/wink-dating-meet-chat-and-date-1482681335/cover.webp","screenshots/wink-dating-meet-chat-and-date-1482681335/cover.webp","screenshots/wink-dating-meet-chat-and-date-1482681335/paywall-monthly-12-99-24-99.webp|screenshots/wink-dating-meet-chat-and-date-1482681335/paywall-screen-3.webp","https://www.paywallpro.app/apps/Wink-Dating:-Meet%2C-Chat-&-Date-us?id=542&utm_source=github&utm_medium=open_dataset&utm_campaign=paywall_gallery","https://www.paywallpro.app/apps/Wink-Dating:-Meet%2C-Chat-&-Date-us?id=542&utm_source=github&utm_medium=open_dataset&utm_campaign=paywall_gallery","2026-07-08"
"821068605","Gaia: Streaming Consciousness","Gaia","Entertainment","23090","197","7.2.0","2026-01-08","2","8","0","No Free Trial - Soft Paywall","1 offer set across month, year","1","apps/gaia-streaming-consciousness-821068605.md","screenshots/gaia-streaming-consciousness-821068605/cover.webp","screenshots/gaia-streaming-consciousness-821068605/cover.webp","screenshots/gaia-streaming-consciousness-821068605/paywall-screen-2.webp|screenshots/gaia-streaming-consciousness-821068605/paywall-screen-3.webp","https://www.paywallpro.app/apps/Gaia:-Streaming-Consciousness-us?id=534&utm_source=github&utm_medium=open_dataset&utm_campaign=paywall_gallery","https://www.paywallpro.app/apps/Gaia:-Streaming-Consciousness-us?id=534&utm_source=github&utm_medium=open_dataset&utm_campaign=paywall_gallery","2026-07-08"
"1157573265","MotoGP™","MOTOGP SPORTS ENTERTAINMENT GROUP, S.L.","Sports","22814","199","3.9.1","2025-11-20","3","4","9","No Free Trial - Soft Paywall","2 offer sets across month, year","2","apps/motogp-1157573265.md","screenshots/motogp-1157573265/cover.webp","screenshots/motogp-1157573265/cover.webp","screenshots/motogp-1157573265/paywall-annual-19-99.webp|screenshots/motogp-1157573265/paywall-screen-3.webp","https://www.paywallpro.app/apps/MotoGP%E2%84%A2-us?id=923&utm_source=github&utm_medium=open_dataset&utm_campaign=paywall_gallery","https://www.paywallpro.app/apps/MotoGP%E2%84%A2-us?id=923&utm_source=github&utm_medium=open_dataset&utm_campaign=paywall_gallery","2026-07-08"
"1505322988","Lift: AI Video & Photo Editor","FUNPLACEAPP LIMITED","Photo & Video","22786","194","1.97","2025-08-22","2","15","11","Free Trial - Soft Paywall","1 offer set across week","1","apps/lift-ai-video-and-photo-editor-1505322988.md","screenshots/lift-ai-video-and-photo-editor-1505322988/cover.webp","screenshots/lift-ai-video-and-photo-editor-1505322988/cover.webp","screenshots/lift-ai-video-and-photo-editor-1505322988/paywall-screen-2.webp|screenshots/lift-ai-video-and-photo-editor-1505322988/paywall-screen-3.webp","https://www.paywallpro.app/apps/Lift:-AI-Video-&-Photo-Editor-us?id=469&utm_source=github&utm_medium=open_dataset&utm_campaign=paywall_gallery","https://www.paywallpro.app/apps/Lift:-AI-Video-&-Photo-Editor-us?id=469&utm_source=github&utm_medium=open_dataset&utm_campaign=paywall_gallery","2026-07-08"
"6489035718","AI Song: AI Music Generator","YAHOR VALATKOVICH","Music","22768","199","1.4.1","2025-09-11","1","4","3","No Free Trial - Soft Paywall","1 offer set across week, year","1","apps/ai-song-ai-music-generator-6489035718.md","screenshots/ai-song-ai-music-generator-6489035718/cover.webp","screenshots/ai-song-ai-music-generator-6489035718/cover.webp","screenshots/ai-song-ai-music-generator-6489035718/paywall-screen-2.webp|screenshots/ai-song-ai-music-generator-6489035718/paywall-screen-3.webp","https://www.paywallpro.app/apps/AI-Song:-AI-Music-Generator-us?id=1950456&utm_source=github&utm_medium=open_dataset&utm_campaign=paywall_gallery","https://www.paywallpro.app/apps/AI-Song:-AI-Music-Generator-us?id=1950456&utm_source=github&utm_medium=open_dataset&utm_campaign=paywall_gallery","2026-07-08"
"1487668791","Vixer: AI Video Editor & Maker","Popixels Ltd.","Photo & Video","22757","198","6.7","2025-09-28","3","7","3","Free Trial - Soft Paywall","2 offer sets across month, year","2","apps/vixer-ai-video-editor-and-maker-1487668791.md","screenshots/vixer-ai-video-editor-and-maker-1487668791/cover.webp","screenshots/vixer-ai-video-editor-and-maker-1487668791/cover.webp","screenshots/vixer-ai-video-editor-and-maker-1487668791/paywall-monthly-19-99.webp|screenshots/vixer-ai-video-editor-and-maker-1487668791/paywall-screen-3.webp","https://www.paywallpro.app/apps/Vixer:-AI-Video-Editor-&-Maker-us?id=537&utm_source=github&utm_medium=open_dataset&utm_campaign=paywall_gallery","https://www.paywallpro.app/apps/Vixer:-AI-Video-Editor-&-Maker-us?id=537&utm_source=github&utm_medium=open_dataset&utm_campaign=paywall_gallery","2026-07-08"
"1590820344","Teleprompter - VILO","Salix Dijital Pazarlama Anonim Sirketi","Productivity","22755","0","2.3.7","2025-10-30","1","10","2","Free Trial - Soft Paywall, No Free Trial - Soft Paywall","2 offer sets across week, year","2","apps/teleprompter-vilo-1590820344.md","screenshots/teleprompter-vilo-1590820344/cover.webp","screenshots/teleprompter-vilo-1590820344/cover.webp","screenshots/teleprompter-vilo-1590820344/paywall-annual-40.webp|screenshots/teleprompter-vilo-1590820344/paywall-screen-3.webp","https://www.paywallpro.app/apps/Teleprompter---VILO-us?id=1951458&utm_source=github&utm_medium=open_dataset&utm_campaign=paywall_gallery","https://www.paywallpro.app/apps/Teleprompter---VILO-us?id=1951458&utm_source=github&utm_medium=open_dataset&utm_campaign=paywall_gallery","2026-07-08"
"975074413","Migraine Buddy: Track Headache","Voluntis","Medical","22676","170","76.0.15277","2024-12-13","3","9","0","No Free Trial - Soft Paywall","1 offer set across month, year, one-time purchase","1","apps/migraine-buddy-track-headache-975074413.md","screenshots/migraine-buddy-track-headache-975074413/cover.webp","screenshots/migraine-buddy-track-headache-975074413/cover.webp","screenshots/migraine-buddy-track-headache-975074413/paywall-screen-2.webp|screenshots/migraine-buddy-track-headache-975074413/paywall-screen-3.webp","https://www.paywallpro.app/apps/Migraine-Buddy:-Track-Headache-us?id=873274&utm_source=github&utm_medium=open_dataset&utm_campaign=paywall_gallery","https://www.paywallpro.app/apps/Migraine-Buddy:-Track-Headache-us?id=873274&utm_source=github&utm_medium=open_dataset&utm_campaign=paywall_gallery","2026-07-08"
"6743316094","LittyTone:Ringtone & AI Voice","Shenzhen Chuangyuan Huaqi technology Co., LTD","Music","22619","95","1.2.2","2026-03-06","1","4","6","Free Trial - Soft Paywall","1 offer set across week, year","1","apps/littytone-ringtone-and-ai-voice-6743316094.md","screenshots/littytone-ringtone-and-ai-voice-6743316094/cover.webp","screenshots/littytone-ringtone-and-ai-voice-6743316094/cover.webp","screenshots/littytone-ringtone-and-ai-voice-6743316094/paywall-screen-2.webp|screenshots/littytone-ringtone-and-ai-voice-6743316094/paywall-screen-3.webp","https://www.paywallpro.app/apps/LittyTone:Ringtone-&-AI-Voice-us?id=2209198&utm_source=github&utm_medium=open_dataset&utm_campaign=paywall_gallery","https://www.paywallpro.app/apps/LittyTone:Ringtone-&-AI-Voice-us?id=2209198&utm_source=github&utm_medium=open_dataset&utm_campaign=paywall_gallery","2026-07-08"
"6476118402","PNK – chat now","At PATORA","Social Networking","22585","115","1.9.1","2024-08-23","1","0","0","No Free Trial - Soft Paywall","2 offer sets across week, month, quarter","2","apps/pnk-chat-now-6476118402.md","screenshots/pnk-chat-now-6476118402/cover.webp","screenshots/pnk-chat-now-6476118402/cover.webp","screenshots/pnk-chat-now-6476118402/paywall-weekly-6-99.webp|screenshots/pnk-chat-now-6476118402/paywall-screen-3.webp","https://www.paywallpro.app/apps/PNK-%E2%80%93-chat-now-us?id=199780&utm_source=github&utm_medium=open_dataset&utm_campaign=paywall_gallery","https://www.paywallpro.app/apps/PNK-%E2%80%93-chat-now-us?id=199780&utm_source=github&utm_medium=open_dataset&utm_campaign=paywall_gallery","2026-07-08"
"1517375015","YESOUL FITNESS","野小兽","Health & Fitness","22568","127","2.5.1","2025-02-14","1","11","4","No Free Trial - Soft Paywall","1 offer set across month, year","1","apps/yesoul-fitness-1517375015.md","screenshots/yesoul-fitness-1517375015/cover.webp","screenshots/yesoul-fitness-1517375015/cover.webp","screenshots/yesoul-fitness-1517375015/paywall-screen-2.webp|screenshots/yesoul-fitness-1517375015/paywall-screen-3.webp","https://www.paywallpro.app/apps/YESOUL-FITNESS-us?id=1199474&utm_source=github&utm_medium=open_dataset&utm_campaign=paywall_gallery","https://www.paywallpro.app/apps/YESOUL-FITNESS-us?id=1199474&utm_source=github&utm_medium=open_dataset&utm_campaign=paywall_gallery","2026-07-08"
"6446249178","eSign App: Sign PDF Documents","Municorn Limited","Business","22556","200","1.2.4","2025-10-23","3","8","2","Free Trial - Soft Paywall","1 offer set across week, month, year","1","apps/esign-app-sign-pdf-documents-6446249178.md","screenshots/esign-app-sign-pdf-documents-6446249178/cover.webp","screenshots/esign-app-sign-pdf-documents-6446249178/cover.webp","screenshots/esign-app-sign-pdf-documents-6446249178/paywall-screen-2.webp|screenshots/esign-app-sign-pdf-documents-6446249178/paywall-screen-3.webp","https://www.paywallpro.app/apps/eSign-App:-Sign-PDF-Documents-us?id=12364&utm_source=github&utm_medium=open_dataset&utm_campaign=paywall_gallery","https://www.paywallpro.app/apps/eSign-App:-Sign-PDF-Documents-us?id=12364&utm_source=github&utm_medium=open_dataset&utm_campaign=paywall_gallery","2026-07-08"
"6560107458","Lens Scan: Identify Anything","EvenEdge","Utilities","22491","130","1.4.2","2025-08-19","1","12","3","Free Trial - Soft Paywall","2 offer sets across week, month, year","2","apps/lens-scan-identify-anything-6560107458.md","screenshots/lens-scan-identify-anything-6560107458/cover.webp","screenshots/lens-scan-identify-anything-6560107458/cover.webp","screenshots/lens-scan-identify-anything-6560107458/paywall-weekly-4-99.webp|screenshots/lens-scan-identify-anything-6560107458/paywall-screen-3.webp","https://www.paywallpro.app/apps/Lens-Scan:-Identify-Anything-us?id=1950681&utm_source=github&utm_medium=open_dataset&utm_campaign=paywall_gallery","https://www.paywallpro.app/apps/Lens-Scan:-Identify-Anything-us?id=1950681&utm_source=github&utm_medium=open_dataset&utm_campaign=paywall_gallery","2026-07-08"
"1599497175","Tonight's Conversation","Ace Metaphor Productions LLC","Entertainment","22453","190","8.800.1","2024-07-31","1","3","0","Free Trial - Soft Paywall","1 offer set across month, year","1","apps/tonight-s-conversation-1599497175.md","screenshots/tonight-s-conversation-1599497175/cover.webp","screenshots/tonight-s-conversation-1599497175/cover.webp","screenshots/tonight-s-conversation-1599497175/paywall-screen-2.webp|screenshots/tonight-s-conversation-1599497175/paywall-screen-3.webp","https://www.paywallpro.app/apps/Tonight's-Conversation-us?id=772&utm_source=github&utm_medium=open_dataset&utm_campaign=paywall_gallery","https://www.paywallpro.app/apps/Tonight's-Conversation-us?id=772&utm_source=github&utm_medium=open_dataset&utm_campaign=paywall_gallery","2026-07-08"
"6747470149","True Cleaner - Cleanup Storage","Alpha Zeta Co., Limited","Utilities","22397","0","1.7.1","2025-11-24","1","2","7","Free Trial - Soft Paywall","2 offer sets across week, month, year","2","apps/true-cleaner-cleanup-storage-6747470149.md","screenshots/true-cleaner-cleanup-storage-6747470149/cover.webp","screenshots/true-cleaner-cleanup-storage-6747470149/cover.webp","screenshots/true-cleaner-cleanup-storage-6747470149/paywall-weekly-9-99.webp|screenshots/true-cleaner-cleanup-storage-6747470149/paywall-weekly-9-99-2.webp","https://www.paywallpro.app/apps/True-Cleaner---Cleanup-Storage-us?id=2207586&utm_source=github&utm_medium=open_dataset&utm_campaign=paywall_gallery","https://www.paywallpro.app/apps/True-Cleaner---Cleanup-Storage-us?id=2207586&utm_source=github&utm_medium=open_dataset&utm_campaign=paywall_gallery","2026-07-08"
"1537012560","BeFriend - Make new friends","ORBITECH PTE. LTD.","Social Networking","22392","130","10.8.19","2025-10-26","1","12","5","No Free Trial - Soft Paywall","1 offer set across week, month, quarter","1","apps/befriend-make-new-friends-1537012560.md","screenshots/befriend-make-new-friends-1537012560/cover.webp","screenshots/befriend-make-new-friends-1537012560/cover.webp","screenshots/befriend-make-new-friends-1537012560/paywall-screen-2.webp|screenshots/befriend-make-new-friends-1537012560/paywall-screen-3.webp","https://www.paywallpro.app/apps/BeFriend---Make-new-friends-us?id=1949959&utm_source=github&utm_medium=open_dataset&utm_campaign=paywall_gallery","https://www.paywallpro.app/apps/BeFriend---Make-new-friends-us?id=1949959&utm_source=github&utm_medium=open_dataset&utm_campaign=paywall_gallery","2026-07-08"
"341776037","5-0 Radio Pro Police Scanner","Smartest Apps LLC","News","22380","13","65.2","2024-11-17","1","6","0","Free Trial - Soft Paywall","1 offer set across week, month","1","apps/5-0-radio-pro-police-scanner-341776037.md","screenshots/5-0-radio-pro-police-scanner-341776037/cover.webp","screenshots/5-0-radio-pro-police-scanner-341776037/cover.webp","screenshots/5-0-radio-pro-police-scanner-341776037/paywall-screen-2.webp|screenshots/5-0-radio-pro-police-scanner-341776037/paywall-screen-3.webp","https://www.paywallpro.app/apps/5-0-Radio-Pro-Police-Scanner-us?id=1124379&utm_source=github&utm_medium=open_dataset&utm_campaign=paywall_gallery","https://www.paywallpro.app/apps/5-0-Radio-Pro-Police-Scanner-us?id=1124379&utm_source=github&utm_medium=open_dataset&utm_campaign=paywall_gallery","2026-07-08"
"1559708047","Phone Tracker - GPS Location","ZED LATINOAMERICA","Lifestyle","22323","106","2.0.2","2025-06-19","2","8","0","No Free Trial - Hard Paywall","1 offer set across week","1","apps/phone-tracker-gps-location-1559708047.md","screenshots/phone-tracker-gps-location-1559708047/cover.webp","screenshots/phone-tracker-gps-location-1559708047/cover.webp","screenshots/phone-tracker-gps-location-1559708047/paywall-screen-2.webp|screenshots/phone-tracker-gps-location-1559708047/paywall-screen-3.webp","https://www.paywallpro.app/apps/Phone-Tracker---GPS-Location-us?id=201669&utm_source=github&utm_medium=open_dataset&utm_campaign=paywall_gallery","https://www.paywallpro.app/apps/Phone-Tracker---GPS-Location-us?id=201669&utm_source=github&utm_medium=open_dataset&utm_campaign=paywall_gallery","2026-07-08"
"6478868302","AI Video - AI Video Generator","HUBX","Photo & Video","22273","61","2.4.6","2025-10-13","4","6","3","No Free Trial - Soft Paywall","1 offer set across week, year","1","apps/ai-video-ai-video-generator-6478868302.md","screenshots/ai-video-ai-video-generator-6478868302/cover.webp","screenshots/ai-video-ai-video-generator-6478868302/cover.webp","screenshots/ai-video-ai-video-generator-6478868302/paywall-screen-2.webp|screenshots/ai-video-ai-video-generator-6478868302/paywall-screen-3.webp","https://www.paywallpro.app/apps/AI-Video---AI-Video-Generator-us?id=725873&utm_source=github&utm_medium=open_dataset&utm_campaign=paywall_gallery","https://www.paywallpro.app/apps/AI-Video---AI-Video-Generator-us?id=725873&utm_source=github&utm_medium=open_dataset&utm_campaign=paywall_gallery","2026-07-08"
"336693422","MarketWatch - News & Data","Dow Jones & Company, Inc., publisher of The Wall Street Journal.","Finance","22238","0","7.12.12","2025-09-04","1","0","7","No Free Trial - Soft Paywall","1 offer set across month","1","apps/marketwatch-news-and-data-336693422.md","screenshots/marketwatch-news-and-data-336693422/cover.webp","screenshots/marketwatch-news-and-data-336693422/cover.webp","screenshots/marketwatch-news-and-data-336693422/paywall-screen-2.webp|screenshots/marketwatch-news-and-data-336693422/paywall-screen-3.webp","https://www.paywallpro.app/apps/MarketWatch---News-&-Data-us?id=1949974&utm_source=github&utm_medium=open_dataset&utm_campaign=paywall_gallery","https://www.paywallpro.app/apps/MarketWatch---News-&-Data-us?id=1949974&utm_source=github&utm_medium=open_dataset&utm_campaign=paywall_gallery","2026-07-08"
"6474300843","LEGO® DUPLO® Peppa Pig","StoryToys Limited","Education","22179","0","7.1.0","2025-06-12","4","9","0","No Free Trial - Soft Paywall","1 offer set across month, year","1","apps/lego-duplo-peppa-pig-6474300843.md","screenshots/lego-duplo-peppa-pig-6474300843/cover.webp","screenshots/lego-duplo-peppa-pig-6474300843/cover.webp","screenshots/lego-duplo-peppa-pig-6474300843/paywall-screen-2.webp|screenshots/lego-duplo-peppa-pig-6474300843/paywall-screen-3.webp","https://www.paywallpro.app/apps/LEGO%C2%AE-DUPLO%C2%AE-Peppa-Pig-us?id=233388&utm_source=github&utm_medium=open_dataset&utm_campaign=paywall_gallery","https://www.paywallpro.app/apps/LEGO%C2%AE-DUPLO%C2%AE-Peppa-Pig-us?id=233388&utm_source=github&utm_medium=open_dataset&utm_campaign=paywall_gallery","2026-07-08"
"1517103958","Smart Printer App & Scanner","On Hand Apps - FZCO","Business","22019","58","2.9.9","2025-09-04","2","7","5","Free Trial - Soft Paywall, No Free Trial - Soft Paywall","2 offer sets across year","2","apps/smart-printer-app-and-scanner-1517103958.md","screenshots/smart-printer-app-and-scanner-1517103958/cover.webp","screenshots/smart-printer-app-and-scanner-1517103958/cover.webp","screenshots/smart-printer-app-and-scanner-1517103958/paywall-annual-24-99.webp|screenshots/smart-printer-app-and-scanner-1517103958/paywall-screen-3.webp","https://www.paywallpro.app/apps/Smart-Printer-App-&-Scanner-us?id=11412&utm_source=github&utm_medium=open_dataset&utm_campaign=paywall_gallery","https://www.paywallpro.app/apps/Smart-Printer-App-&-Scanner-us?id=11412&utm_source=github&utm_medium=open_dataset&utm_campaign=paywall_gallery","2026-07-08"
"1390423469","Peachy - AI Face & Body Editor","SHANTANU PTE. LTD.","Photo & Video","21962","55","2.4.1","2025-06-13","1","0","3","Free Trial - Soft Paywall","1 offer set across month, year, one-time purchase","1","apps/peachy-ai-face-and-body-editor-1390423469.md","screenshots/peachy-ai-face-and-body-editor-1390423469/cover.webp","screenshots/peachy-ai-face-and-body-editor-1390423469/cover.webp","screenshots/peachy-ai-face-and-body-editor-1390423469/paywall-screen-2.webp|screenshots/peachy-ai-face-and-body-editor-1390423469/paywall-screen-3.webp","https://www.paywallpro.app/apps/Peachy---AI-Face-&-Body-Editor-us?id=1951435&utm_source=github&utm_medium=open_dataset&utm_campaign=paywall_gallery","https://www.paywallpro.app/apps/Peachy---AI-Face-&-Body-Editor-us?id=1951435&utm_source=github&utm_medium=open_dataset&utm_campaign=paywall_gallery","2026-07-08"
"1036725690","Voice Translator: AI Translate","BPMobile","Reference","21944","46","4.54","2025-09-22","3","6","0","Free Trial - Hard Paywall","1 offer set across week, year","1","apps/voice-translator-ai-translate-1036725690.md","screenshots/voice-translator-ai-translate-1036725690/cover.webp","screenshots/voice-translator-ai-translate-1036725690/cover.webp","screenshots/voice-translator-ai-translate-1036725690/paywall-screen-2.webp|screenshots/voice-translator-ai-translate-1036725690/paywall-screen-3.webp","https://www.paywallpro.app/apps/Voice-Translator:-AI-Translate-us?id=612&utm_source=github&utm_medium=open_dataset&utm_campaign=paywall_gallery","https://www.paywallpro.app/apps/Voice-Translator:-AI-Translate-us?id=612&utm_source=github&utm_medium=open_dataset&utm_campaign=paywall_gallery","2026-07-08"
"1523826729","TV Cast for Chromecast !","EVOLLY.APP","Utilities","21850","170","2.0.7","2025-10-22","1","1","2","Free Trial - Soft Paywall","1 offer set across year","1","apps/tv-cast-for-chromecast-1523826729.md","screenshots/tv-cast-for-chromecast-1523826729/cover.webp","screenshots/tv-cast-for-chromecast-1523826729/cover.webp","screenshots/tv-cast-for-chromecast-1523826729/paywall-screen-2.webp|screenshots/tv-cast-for-chromecast-1523826729/paywall-screen-3.webp","https://www.paywallpro.app/apps/TV-Cast-for-Chromecast-!-us?id=1950664&utm_source=github&utm_medium=open_dataset&utm_campaign=paywall_gallery","https://www.paywallpro.app/apps/TV-Cast-for-Chromecast-!-us?id=1950664&utm_source=github&utm_medium=open_dataset&utm_campaign=paywall_gallery","2026-07-08"
"370820516","AllStays Camp & RV: Camping","Allstays LLC","Travel","21808","0","6.43","2025-09-15","2","10","5","Free Trial - Soft Paywall, No Free Trial - Soft Paywall","2 offer sets across month, year, quarter","2","apps/allstays-camp-and-rv-camping-370820516.md","screenshots/allstays-camp-and-rv-camping-370820516/cover.webp","screenshots/allstays-camp-and-rv-camping-370820516/cover.webp","screenshots/allstays-camp-and-rv-camping-370820516/paywall-monthly-2-33.webp|screenshots/allstays-camp-and-rv-camping-370820516/paywall-screen-3.webp","https://www.paywallpro.app/apps/AllStays-Camp-&-RV:-Camping-us?id=1433294&utm_source=github&utm_medium=open_dataset&utm_campaign=paywall_gallery","https://www.paywallpro.app/apps/AllStays-Camp-&-RV:-Camping-us?id=1433294&utm_source=github&utm_medium=open_dataset&utm_campaign=paywall_gallery","2026-07-08"
"6470182519","SingUp: AI Music Generator","MelodyStep","Music","21616","148","2.0.2","2024-08-07","1","7","2","No Free Trial - Soft Paywall","1 offer set across week, year","1","apps/singup-ai-music-generator-6470182519.md","screenshots/singup-ai-music-generator-6470182519/cover.webp","screenshots/singup-ai-music-generator-6470182519/cover.webp","screenshots/singup-ai-music-generator-6470182519/paywall-screen-2.webp|screenshots/singup-ai-music-generator-6470182519/paywall-screen-3.webp","https://www.paywallpro.app/apps/SingUp:-AI-Music-Generator-us?id=366&utm_source=github&utm_medium=open_dataset&utm_campaign=paywall_gallery","https://www.paywallpro.app/apps/SingUp:-AI-Music-Generator-us?id=366&utm_source=github&utm_medium=open_dataset&utm_campaign=paywall_gallery","2026-07-08"
"6737263668","Phone Security: Privacy Shield","Magic Snail","Utilities","21577","0","1.0.11","2025-03-07","1","6","2","Free Trial - Soft Paywall","1 offer set across week","1","apps/phone-security-privacy-shield-6737263668.md","screenshots/phone-security-privacy-shield-6737263668/cover.webp","screenshots/phone-security-privacy-shield-6737263668/cover.webp","screenshots/phone-security-privacy-shield-6737263668/paywall-screen-2.webp|screenshots/phone-security-privacy-shield-6737263668/paywall-screen-3.webp","https://www.paywallpro.app/apps/Phone-Security:-Privacy-Shield-us?id=2180016&utm_source=github&utm_medium=open_dataset&utm_campaign=paywall_gallery","https://www.paywallpro.app/apps/Phone-Security:-Privacy-Shield-us?id=2180016&utm_source=github&utm_medium=open_dataset&utm_campaign=paywall_gallery","2026-07-08"
"1306783602","PLINK – Team Up, Chat, Play","PLINK INCORPORATED","Social Networking","21549","193","1.47.1","2025-10-30","1","10","16","Free Trial - Soft Paywall","1 offer set across week","1","apps/plink-team-up-chat-play-1306783602.md","screenshots/plink-team-up-chat-play-1306783602/cover.webp","screenshots/plink-team-up-chat-play-1306783602/cover.webp","screenshots/plink-team-up-chat-play-1306783602/paywall-screen-2.webp|screenshots/plink-team-up-chat-play-1306783602/paywall-screen-3.webp","https://www.paywallpro.app/apps/PLINK-%E2%80%93-Team-Up%2C-Chat%2C-Play-us?id=803&utm_source=github&utm_medium=open_dataset&utm_campaign=paywall_gallery","https://www.paywallpro.app/apps/PLINK-%E2%80%93-Team-Up%2C-Chat%2C-Play-us?id=803&utm_source=github&utm_medium=open_dataset&utm_campaign=paywall_gallery","2026-07-08"
"1315007279","F1 TV","Formula One Digital Media Limited","Sports","21527","196","2.39.0","2025-11-17","3","8","7","No Free Trial - Soft Paywall","1 offer set across month, year","1","apps/f1-tv-1315007279.md","screenshots/f1-tv-1315007279/cover.webp","screenshots/f1-tv-1315007279/cover.webp","screenshots/f1-tv-1315007279/paywall-screen-2.webp|screenshots/f1-tv-1315007279/paywall-screen-3.webp","https://www.paywallpro.app/apps/F1-TV-us?id=81&utm_source=github&utm_medium=open_dataset&utm_campaign=paywall_gallery","https://www.paywallpro.app/apps/F1-TV-us?id=81&utm_source=github&utm_medium=open_dataset&utm_campaign=paywall_gallery","2026-07-08"
"1209815023","Speechify – Text to Speech PDF","Speechify Inc.","Productivity","21451","34","5.0.19","2026-01-05","2","31","5","Free Trial - Soft Paywall","1 offer set across year","1","apps/speechify-text-to-speech-pdf-1209815023.md","screenshots/speechify-text-to-speech-pdf-1209815023/cover.webp","screenshots/speechify-text-to-speech-pdf-1209815023/cover.webp","screenshots/speechify-text-to-speech-pdf-1209815023/paywall-screen-2.webp|screenshots/speechify-text-to-speech-pdf-1209815023/paywall-screen-3.webp","https://www.paywallpro.app/apps/Speechify-%E2%80%93-Text-to-Speech-PDF-us?id=423&utm_source=github&utm_medium=open_dataset&utm_campaign=paywall_gallery","https://www.paywallpro.app/apps/Speechify-%E2%80%93-Text-to-Speech-PDF-us?id=423&utm_source=github&utm_medium=open_dataset&utm_campaign=paywall_gallery","2026-07-08"
"6444902792","AI Marvels - AI Photo Editor","HITPAW CO.,LIMITED","Photo & Video","21273","194","1.49.0","2025-01-10","1","7","0","No Free Trial - Soft Paywall","2 offer sets across week, year","2","apps/ai-marvels-ai-photo-editor-6444902792.md","screenshots/ai-marvels-ai-photo-editor-6444902792/cover.webp","screenshots/ai-marvels-ai-photo-editor-6444902792/cover.webp","screenshots/ai-marvels-ai-photo-editor-6444902792/paywall-weekly-8-99.webp|screenshots/ai-marvels-ai-photo-editor-6444902792/paywall-screen-3.webp","https://www.paywallpro.app/apps/AI-Marvels---AI-Photo-Editor-us?id=1251132&utm_source=github&utm_medium=open_dataset&utm_campaign=paywall_gallery","https://www.paywallpro.app/apps/AI-Marvels---AI-Photo-Editor-us?id=1251132&utm_source=github&utm_medium=open_dataset&utm_campaign=paywall_gallery","2026-07-08"
"1557211189","Clear Wave","Appchi LLC","Music","21242","62","1.4.6","2025-05-28","1","4","0","Free Trial - Soft Paywall","1 offer set across week, half year","1","apps/clear-wave-1557211189.md","screenshots/clear-wave-1557211189/cover.webp","screenshots/clear-wave-1557211189/cover.webp","screenshots/clear-wave-1557211189/paywall-screen-2.webp|screenshots/clear-wave-1557211189/paywall-screen-3.webp","https://www.paywallpro.app/apps/Clear-Wave-us?id=1949928&utm_source=github&utm_medium=open_dataset&utm_campaign=paywall_gallery","https://www.paywallpro.app/apps/Clear-Wave-us?id=1949928&utm_source=github&utm_medium=open_dataset&utm_campaign=paywall_gallery","2026-07-08"
"6751528054","Secure Cleaner: Utility","Hunan Jukan Culture Media Co., Ltd.","Productivity","21189","0","1.0.9","2025-11-24","1","6","5","No Free Trial - Soft Paywall","2 offer sets across week","2","apps/secure-cleaner-utility-6751528054.md","screenshots/secure-cleaner-utility-6751528054/cover.webp","screenshots/secure-cleaner-utility-6751528054/cover.webp","screenshots/secure-cleaner-utility-6751528054/paywall-weekly-0-29.webp|screenshots/secure-cleaner-utility-6751528054/paywall-screen-3.webp","https://www.paywallpro.app/apps/Secure-Cleaner:-Utility-us?id=2494831&utm_source=github&utm_medium=open_dataset&utm_campaign=paywall_gallery","https://www.paywallpro.app/apps/Secure-Cleaner:-Utility-us?id=2494831&utm_source=github&utm_medium=open_dataset&utm_campaign=paywall_gallery","2026-07-08"
"1673397906","Plantion - Plant Identifier","ML & AI Solutions","Education","21155","173","1.1.4","2023-09-23","1","3","0","Free Trial - Soft Paywall","1 offer set across month, year, one-time purchase","1","apps/plantion-plant-identifier-1673397906.md","screenshots/plantion-plant-identifier-1673397906/cover.webp","screenshots/plantion-plant-identifier-1673397906/cover.webp","screenshots/plantion-plant-identifier-1673397906/paywall-screen-2.webp|screenshots/plantion-plant-identifier-1673397906/paywall-screen-3.webp","https://www.paywallpro.app/apps/Plantion---Plant-Identifier-us?id=726&utm_source=github&utm_medium=open_dataset&utm_campaign=paywall_gallery","https://www.paywallpro.app/apps/Plantion---Plant-Identifier-us?id=726&utm_source=github&utm_medium=open_dataset&utm_campaign=paywall_gallery","2026-07-08"
"1529106085","Screen Mirroring・Smart View TV","toggle apps","Utilities","20995","55","2.5.4","2025-12-02","1","6","3","No Free Trial - Soft Paywall, Free Trial - Soft Paywall","3 offer sets across week, year, one-time purchase","3","apps/screen-mirroring-smart-view-tv-1529106085.md","screenshots/screen-mirroring-smart-view-tv-1529106085/cover.webp","screenshots/screen-mirroring-smart-view-tv-1529106085/cover.webp","screenshots/screen-mirroring-smart-view-tv-1529106085/paywall-weekly-6-99.webp|screenshots/screen-mirroring-smart-view-tv-1529106085/paywall-weekly-6-99-2.webp","https://www.paywallpro.app/apps/Screen-Mirroring%E3%83%BBSmart-View-TV-us?id=1950682&utm_source=github&utm_medium=open_dataset&utm_campaign=paywall_gallery","https://www.paywallpro.app/apps/Screen-Mirroring%E3%83%BBSmart-View-TV-us?id=1950682&utm_source=github&utm_medium=open_dataset&utm_campaign=paywall_gallery","2026-07-15"
"1601320796","FilipinoCupid: Filipino Dating","Cupid Media Pty Ltd","Lifestyle","20840","187","10.21.17","2025-09-01","1","21","6","No Free Trial - Soft Paywall","1 offer set across month, year, quarter","1","apps/filipinocupid-filipino-dating-1601320796.md","screenshots/filipinocupid-filipino-dating-1601320796/cover.webp","screenshots/filipinocupid-filipino-dating-1601320796/cover.webp","screenshots/filipinocupid-filipino-dating-1601320796/paywall-screen-2.webp|screenshots/filipinocupid-filipino-dating-1601320796/paywall-screen-3.webp","https://www.paywallpro.app/apps/FilipinoCupid:-Filipino-Dating-us?id=1949950&utm_source=github&utm_medium=open_dataset&utm_campaign=paywall_gallery","https://www.paywallpro.app/apps/FilipinoCupid:-Filipino-Dating-us?id=1949950&utm_source=github&utm_medium=open_dataset&utm_campaign=paywall_gallery","2026-07-15"
"1576161548","Kompanion: Weight Loss Plan","Ornitorenk Dijital Hizmetler Anonim Sirketi","Health & Fitness","20816","199","1.16.39","2025-09-09","3","0","11","No Free Trial - Soft Paywall","1 offer set across month, year, quarter","1","apps/kompanion-weight-loss-plan-1576161548.md","screenshots/kompanion-weight-loss-plan-1576161548/cover.webp","screenshots/kompanion-weight-loss-plan-1576161548/cover.webp","screenshots/kompanion-weight-loss-plan-1576161548/paywall-screen-2.webp|screenshots/kompanion-weight-loss-plan-1576161548/paywall-screen-3.webp","https://www.paywallpro.app/apps/Kompanion:-Weight-Loss-Plan-us?id=730338&utm_source=github&utm_medium=open_dataset&utm_campaign=paywall_gallery","https://www.paywallpro.app/apps/Kompanion:-Weight-Loss-Plan-us?id=730338&utm_source=github&utm_medium=open_dataset&utm_campaign=paywall_gallery","2026-07-15"
"1348649804","Findo: Find My Friends, Phone","BPMobile","Social Networking","20801","186","2.58","2025-10-10","4","11","6","Free Trial - Soft Paywall","2 offer sets across week, year","2","apps/findo-find-my-friends-phone-1348649804.md","screenshots/findo-find-my-friends-phone-1348649804/cover.webp","screenshots/findo-find-my-friends-phone-1348649804/cover.webp","screenshots/findo-find-my-friends-phone-1348649804/paywall-weekly-4-99.webp|screenshots/findo-find-my-friends-phone-1348649804/paywall-screen-3.webp","https://www.paywallpro.app/apps/Findo:-Find-My-Friends%2C-Phone-us?id=2968&utm_source=github&utm_medium=open_dataset&utm_campaign=paywall_gallery","https://www.paywallpro.app/apps/Findo:-Find-My-Friends%2C-Phone-us?id=2968&utm_source=github&utm_medium=open_dataset&utm_campaign=paywall_gallery","2026-07-15"
"992210239","Happier Meditation","Happier Meditation, Inc","Health & Fitness","20715","164","2025.18","2025-09-11","2","25","9","Free Trial - Soft Paywall","1 offer set across year","1","apps/happier-meditation-992210239.md","screenshots/happier-meditation-992210239/cover.webp","screenshots/happier-meditation-992210239/cover.webp","screenshots/happier-meditation-992210239/paywall-screen-2.webp|screenshots/happier-meditation-992210239/paywall-screen-3.webp","https://www.paywallpro.app/apps/Happier-Meditation-us?id=448&utm_source=github&utm_medium=open_dataset&utm_campaign=paywall_gallery","https://www.paywallpro.app/apps/Happier-Meditation-us?id=448&utm_source=github&utm_medium=open_dataset&utm_campaign=paywall_gallery","2026-07-15"
"908698556","Todli: Drawing Games for Kids","Bini Bambini Academy","Education","20699","164","7.5.0","2025-12-01","3","7","5","Free Trial - Soft Paywall","2 offer sets across week, year","2","apps/todli-drawing-games-for-kids-908698556.md","screenshots/todli-drawing-games-for-kids-908698556/cover.webp","screenshots/todli-drawing-games-for-kids-908698556/cover.webp","screenshots/todli-drawing-games-for-kids-908698556/paywall-weekly-8-99.webp|screenshots/todli-drawing-games-for-kids-908698556/paywall-screen-3.webp","https://www.paywallpro.app/apps/Todli:-Drawing-Games-for-Kids-us?id=857&utm_source=github&utm_medium=open_dataset&utm_campaign=paywall_gallery","https://www.paywallpro.app/apps/Todli:-Drawing-Games-for-Kids-us?id=857&utm_source=github&utm_medium=open_dataset&utm_campaign=paywall_gallery","2026-07-15"
"463471155","Splash Math: K-5 Learning app","StudyPad, Inc.","Education","20672","180","7.3.5","2025-09-22","1","24","7","Free Trial - Soft Paywall, No Free Trial - Soft Paywall","2 offer sets across month, year","2","apps/splash-math-k-5-learning-app-463471155.md","screenshots/splash-math-k-5-learning-app-463471155/cover.webp","screenshots/splash-math-k-5-learning-app-463471155/cover.webp","screenshots/splash-math-k-5-learning-app-463471155/paywall-monthly-11-99.webp|screenshots/splash-math-k-5-learning-app-463471155/paywall-screen-3.webp","https://www.paywallpro.app/apps/Splash-Math:-K-5-Learning-app-us?id=1951919&utm_source=github&utm_medium=open_dataset&utm_campaign=paywall_gallery","https://www.paywallpro.app/apps/Splash-Math:-K-5-Learning-app-us?id=1951919&utm_source=github&utm_medium=open_dataset&utm_campaign=paywall_gallery","2026-07-15"
"496177674","Voice Dream - Natural Reader","Voice Dream LLC","Education","20669","131","5.0.2","2025-01-17","2","9","0","Free Trial - Soft Paywall","1 offer set across year","1","apps/voice-dream-natural-reader-496177674.md","screenshots/voice-dream-natural-reader-496177674/cover.webp","screenshots/voice-dream-natural-reader-496177674/cover.webp","screenshots/voice-dream-natural-reader-496177674/paywall-screen-2.webp|screenshots/voice-dream-natural-reader-496177674/paywall-screen-3.webp","https://www.paywallpro.app/apps/Voice-Dream---Natural-Reader-us?id=17088&utm_source=github&utm_medium=open_dataset&utm_campaign=paywall_gallery","https://www.paywallpro.app/apps/Voice-Dream---Natural-Reader-us?id=17088&utm_source=github&utm_medium=open_dataset&utm_campaign=paywall_gallery","2026-07-15"
"1606553510","SnapTk Save Video from Links","Agile Apps LLC","Social Networking","20666","187","3.17.1","2025-09-15","3","8","8","Free Trial - Soft Paywall","3 offer sets across week, year, one-time purchase","3","apps/snaptk-save-video-from-links-1606553510.md","screenshots/snaptk-save-video-from-links-1606553510/cover.webp","screenshots/snaptk-save-video-from-links-1606553510/cover.webp","screenshots/snaptk-save-video-from-links-1606553510/paywall-weekly-9-99.webp|screenshots/snaptk-save-video-from-links-1606553510/paywall-weekly-9-99-2.webp","https://www.paywallpro.app/apps/SnapTk-Save-Video-from-Links-us?id=25593&utm_source=github&utm_medium=open_dataset&utm_campaign=paywall_gallery","https://www.paywallpro.app/apps/SnapTk-Save-Video-from-Links-us?id=25593&utm_source=github&utm_medium=open_dataset&utm_campaign=paywall_gallery","2026-07-15"
"6461268224","Voices AI: Change Your Voice","Fiedler Tech LLC","Productivity","20622","91","1.14.17","2025-11-12","2","0","6","No Free Trial - Soft Paywall","1 offer set across week, month, year","1","apps/voices-ai-change-your-voice-6461268224.md","screenshots/voices-ai-change-your-voice-6461268224/cover.webp","screenshots/voices-ai-change-your-voice-6461268224/cover.webp","screenshots/voices-ai-change-your-voice-6461268224/paywall-screen-2.webp|screenshots/voices-ai-change-your-voice-6461268224/paywall-screen-3.webp","https://www.paywallpro.app/apps/Voices-AI:-Change-Your-Voice-us?id=1951973&utm_source=github&utm_medium=open_dataset&utm_campaign=paywall_gallery","https://www.paywallpro.app/apps/Voices-AI:-Change-Your-Voice-us?id=1951973&utm_source=github&utm_medium=open_dataset&utm_campaign=paywall_gallery","2026-07-15"
"1382564905","PDF Scanner App: TapScanner","SMART MEDIA INTERNET MARKETING LTD","Business","20457","171","4.57.0","2025-10-31","1","10","2","Free Trial - Soft Paywall","1 offer set across week, year","1","apps/pdf-scanner-app-tapscanner-1382564905.md","screenshots/pdf-scanner-app-tapscanner-1382564905/cover.webp","screenshots/pdf-scanner-app-tapscanner-1382564905/cover.webp","screenshots/pdf-scanner-app-tapscanner-1382564905/paywall-screen-2.webp|screenshots/pdf-scanner-app-tapscanner-1382564905/paywall-screen-3.webp","https://www.paywallpro.app/apps/PDF-Scanner-App:-TapScanner-us?id=1952273&utm_source=github&utm_medium=open_dataset&utm_campaign=paywall_gallery","https://www.paywallpro.app/apps/PDF-Scanner-App:-TapScanner-us?id=1952273&utm_source=github&utm_medium=open_dataset&utm_campaign=paywall_gallery","2026-07-15"
"332116103","SwingU: Golf GPS Range Finder","Swing by Swing Golf, Inc.","Sports","20450","200","8.7.0","2025-09-15","3","0","7","Free Trial - Soft Paywall","1 offer set across month, year","1","apps/swingu-golf-gps-range-finder-332116103.md","screenshots/swingu-golf-gps-range-finder-332116103/cover.webp","screenshots/swingu-golf-gps-range-finder-332116103/cover.webp","screenshots/swingu-golf-gps-range-finder-332116103/paywall-screen-2.webp|screenshots/swingu-golf-gps-range-finder-332116103/paywall-screen-3.webp","https://www.paywallpro.app/apps/SwingU:-Golf-GPS-Range-Finder-us?id=895&utm_source=github&utm_medium=open_dataset&utm_campaign=paywall_gallery","https://www.paywallpro.app/apps/SwingU:-Golf-GPS-Range-Finder-us?id=895&utm_source=github&utm_medium=open_dataset&utm_campaign=paywall_gallery","2026-07-15"
"6449428266","Freed - AI Scribe & Assistant","Freed Inc","Medical","20405","186","2.0.8","2026-01-15","3","3","5","No Free Trial - Soft Paywall","1 offer set across year","1","apps/freed-ai-scribe-and-assistant-6449428266.md","screenshots/freed-ai-scribe-and-assistant-6449428266/cover.webp","screenshots/freed-ai-scribe-and-assistant-6449428266/cover.webp","screenshots/freed-ai-scribe-and-assistant-6449428266/paywall-screen-2.webp|screenshots/freed-ai-scribe-and-assistant-6449428266/paywall-screen-3.webp","https://www.paywallpro.app/apps/Freed---AI-Scribe-&-Assistant-us?id=613595&utm_source=github&utm_medium=open_dataset&utm_campaign=paywall_gallery","https://www.paywallpro.app/apps/Freed---AI-Scribe-&-Assistant-us?id=613595&utm_source=github&utm_medium=open_dataset&utm_campaign=paywall_gallery","2026-07-15"
"1541992656","Blood Oxygen App","AboutMe Apps, Inc.","Medical","20278","136","2.41.0","2024-12-18","1","6","0","No Free Trial - Soft Paywall","1 offer set across month, year","1","apps/blood-oxygen-app-1541992656.md","screenshots/blood-oxygen-app-1541992656/cover.webp","screenshots/blood-oxygen-app-1541992656/cover.webp","screenshots/blood-oxygen-app-1541992656/paywall-screen-2.webp|screenshots/blood-oxygen-app-1541992656/paywall-screen-3.webp","https://www.paywallpro.app/apps/Blood-Oxygen-App-us?id=1088299&utm_source=github&utm_medium=open_dataset&utm_campaign=paywall_gallery","https://www.paywallpro.app/apps/Blood-Oxygen-App-us?id=1088299&utm_source=github&utm_medium=open_dataset&utm_campaign=paywall_gallery","2026-07-15"
"1508120751","ToonMe: AI Cartoon Face Maker","Informe Laboratories, Inc.","Photo & Video","20275","200","0.11.9","2024-05-07","1","5","0","Free Trial - Soft Paywall","1 offer set across week, year","1","apps/toonme-ai-cartoon-face-maker-1508120751.md","screenshots/toonme-ai-cartoon-face-maker-1508120751/cover.webp","screenshots/toonme-ai-cartoon-face-maker-1508120751/cover.webp","screenshots/toonme-ai-cartoon-face-maker-1508120751/paywall-screen-2.webp|screenshots/toonme-ai-cartoon-face-maker-1508120751/paywall-screen-3.webp","https://www.paywallpro.app/apps/ToonMe:-AI-Cartoon-Face-Maker-us?id=942&utm_source=github&utm_medium=open_dataset&utm_campaign=paywall_gallery","https://www.paywallpro.app/apps/ToonMe:-AI-Cartoon-Face-Maker-us?id=942&utm_source=github&utm_medium=open_dataset&utm_campaign=paywall_gallery","2026-07-15"
"1318233975","Dazzly: Color by Number Game","GEODE","Entertainment","20232","0","25.10.1","2025-10-08","1","3","2","Free Trial - Soft Paywall","1 offer set across week","1","apps/dazzly-color-by-number-game-1318233975.md","screenshots/dazzly-color-by-number-game-1318233975/cover.webp","screenshots/dazzly-color-by-number-game-1318233975/cover.webp","screenshots/dazzly-color-by-number-game-1318233975/paywall-screen-2.webp|screenshots/dazzly-color-by-number-game-1318233975/paywall-screen-3.webp","https://www.paywallpro.app/apps/Dazzly:-Color-by-Number-Game-us?id=1950735&utm_source=github&utm_medium=open_dataset&utm_campaign=paywall_gallery","https://www.paywallpro.app/apps/Dazzly:-Color-by-Number-Game-us?id=1950735&utm_source=github&utm_medium=open_dataset&utm_campaign=paywall_gallery","2026-07-15"
"6737194931","Package Tracker － Packy","CLICKOR LTD","Business","20210","167","1.16.1","2025-10-30","1","5","2","Free Trial - Soft Paywall","1 offer set across week","1","apps/package-tracker-packy-6737194931.md","screenshots/package-tracker-packy-6737194931/cover.webp","screenshots/package-tracker-packy-6737194931/cover.webp","screenshots/package-tracker-packy-6737194931/paywall-screen-2.webp|screenshots/package-tracker-packy-6737194931/paywall-screen-3.webp","https://www.paywallpro.app/apps/Package-Tracker-%EF%BC%8D-Packy-us?id=1952275&utm_source=github&utm_medium=open_dataset&utm_campaign=paywall_gallery","https://www.paywallpro.app/apps/Package-Tracker-%EF%BC%8D-Packy-us?id=1952275&utm_source=github&utm_medium=open_dataset&utm_campaign=paywall_gallery","2026-07-15"
"1561954125","Smart Remote for Sam TV","EVOLLY.APP","Utilities","20112","174","2.0.2","2025-01-24","1","3","4","Free Trial - Soft Paywall","1 offer set across week, year, one-time purchase","1","apps/smart-remote-for-sam-tv-1561954125.md","screenshots/smart-remote-for-sam-tv-1561954125/cover.webp","screenshots/smart-remote-for-sam-tv-1561954125/cover.webp","screenshots/smart-remote-for-sam-tv-1561954125/paywall-screen-2.webp|screenshots/smart-remote-for-sam-tv-1561954125/paywall-screen-3.webp","https://www.paywallpro.app/apps/Smart-Remote-for-Sam-TV-us?id=1981838&utm_source=github&utm_medium=open_dataset&utm_campaign=paywall_gallery","https://www.paywallpro.app/apps/Smart-Remote-for-Sam-TV-us?id=1981838&utm_source=github&utm_medium=open_dataset&utm_campaign=paywall_gallery","2026-07-15"
"542557212","Everand: Audiobooks & Ebooks","Scribd","Books","20100","25","15.18","2025-09-29","2","0","9","Free Trial - Soft Paywall","1 offer set across month","1","apps/everand-audiobooks-and-ebooks-542557212.md","screenshots/everand-audiobooks-and-ebooks-542557212/cover.webp","screenshots/everand-audiobooks-and-ebooks-542557212/cover.webp","screenshots/everand-audiobooks-and-ebooks-542557212/paywall-screen-2.webp|screenshots/everand-audiobooks-and-ebooks-542557212/paywall-screen-3.webp","https://www.paywallpro.app/apps/Everand:-Audiobooks-&-Ebooks-us?id=328&utm_source=github&utm_medium=open_dataset&utm_campaign=paywall_gallery","https://www.paywallpro.app/apps/Everand:-Audiobooks-&-Ebooks-us?id=328&utm_source=github&utm_medium=open_dataset&utm_campaign=paywall_gallery","2026-07-15"
"1237892621","MySudo - Identity Protection","Anonyome Labs, Inc","Productivity","20073","0","2.8.0","2025-08-06","1","9","7","No Free Trial - Soft Paywall","2 offer sets across month, year","2","apps/mysudo-identity-protection-1237892621.md","screenshots/mysudo-identity-protection-1237892621/cover.webp","screenshots/mysudo-identity-protection-1237892621/cover.webp","screenshots/mysudo-identity-protection-1237892621/paywall-monthly-1-99-4-99-14-99.webp|screenshots/mysudo-identity-protection-1237892621/paywall-screen-3.webp","https://www.paywallpro.app/apps/MySudo---Identity-Protection-us?id=1466069&utm_source=github&utm_medium=open_dataset&utm_campaign=paywall_gallery","https://www.paywallpro.app/apps/MySudo---Identity-Protection-us?id=1466069&utm_source=github&utm_medium=open_dataset&utm_campaign=paywall_gallery","2026-07-15"
"1500217654","AnyStories-Top Novels & Books","READ ASAP LTD","Books","20020","63","2.0.17","2025-11-26","4","0","8","No Free Trial - Soft Paywall, Currency Paywall","1 offer set across week","1","apps/anystories-top-novels-and-books-1500217654.md","screenshots/anystories-top-novels-and-books-1500217654/cover.webp","screenshots/anystories-top-novels-and-books-1500217654/cover.webp","screenshots/anystories-top-novels-and-books-1500217654/paywall-currency-paywall.webp|screenshots/anystories-top-novels-and-books-1500217654/paywall-screen-3.webp","https://www.paywallpro.app/apps/AnyStories-Top-Novels-&-Books-us?id=410&utm_source=github&utm_medium=open_dataset&utm_campaign=paywall_gallery","https://www.paywallpro.app/apps/AnyStories-Top-Novels-&-Books-us?id=410&utm_source=github&utm_medium=open_dataset&utm_campaign=paywall_gallery","2026-07-15"
"6451212658","QR Code & Barcode Scanner app.","Minimodev Technologies LTD","Utilities","19990","0","1.0.21","2025-04-27","1","1","4","Free Trial - Soft Paywall","1 offer set across week","1","apps/qr-code-and-barcode-scanner-app-6451212658.md","screenshots/qr-code-and-barcode-scanner-app-6451212658/cover.webp","screenshots/qr-code-and-barcode-scanner-app-6451212658/cover.webp","screenshots/qr-code-and-barcode-scanner-app-6451212658/paywall-screen-2.webp|screenshots/qr-code-and-barcode-scanner-app-6451212658/paywall-screen-3.webp","https://www.paywallpro.app/apps/QR-Code-&-Barcode-Scanner-app.-us?id=2038816&utm_source=github&utm_medium=open_dataset&utm_campaign=paywall_gallery","https://www.paywallpro.app/apps/QR-Code-&-Barcode-Scanner-app.-us?id=2038816&utm_source=github&utm_medium=open_dataset&utm_campaign=paywall_gallery","2026-07-15"
"6642703892","Relatio: Couples Relationship","ARBINARE LIMITED","Lifestyle","19980","0","1.33.1","2026-03-21","1","13","0","No Free Trial - Hard Paywall","1 offer set across week, month, half year, year","1","apps/relatio-couples-relationship-6642703892.md","screenshots/relatio-couples-relationship-6642703892/cover.webp","screenshots/relatio-couples-relationship-6642703892/cover.webp","screenshots/relatio-couples-relationship-6642703892/paywall-screen-2.webp|screenshots/relatio-couples-relationship-6642703892/paywall-screen-3.webp","https://www.paywallpro.app/apps/Relatio:-Couples-Relationship-us?id=2750179&utm_source=github&utm_medium=open_dataset&utm_campaign=paywall_gallery","https://www.paywallpro.app/apps/Relatio:-Couples-Relationship-us?id=2750179&utm_source=github&utm_medium=open_dataset&utm_campaign=paywall_gallery","2026-07-15"
"1467867656","Stitchly: Cross stitch","Subtlabs","Lifestyle","19956","0","3.7","2025-10-27","1","0","8","No Free Trial - Soft Paywall","1 offer set across one-time purchase","1","apps/stitchly-cross-stitch-1467867656.md","screenshots/stitchly-cross-stitch-1467867656/cover.webp","screenshots/stitchly-cross-stitch-1467867656/cover.webp","screenshots/stitchly-cross-stitch-1467867656/paywall-screen-2.webp|screenshots/stitchly-cross-stitch-1467867656/paywall-screen-3.webp","https://www.paywallpro.app/apps/Stitchly:-Cross-stitch-us?id=1950462&utm_source=github&utm_medium=open_dataset&utm_campaign=paywall_gallery","https://www.paywallpro.app/apps/Stitchly:-Cross-stitch-us?id=1950462&utm_source=github&utm_medium=open_dataset&utm_campaign=paywall_gallery","2026-07-15"
"547274918","Morpholio Trace - Sketch CAD","Morpholio LLC","Graphics & Design","19951","0","6.52","2025-04-03","1","5","5","No Free Trial - Soft Paywall, Free Trial - Soft Paywall","2 offer sets across year","2","apps/morpholio-trace-sketch-cad-547274918.md","screenshots/morpholio-trace-sketch-cad-547274918/cover.webp","screenshots/morpholio-trace-sketch-cad-547274918/cover.webp","screenshots/morpholio-trace-sketch-cad-547274918/paywall-annual-23-99-9-99.webp|screenshots/morpholio-trace-sketch-cad-547274918/paywall-annual-23-99-9-99-2.webp","https://www.paywallpro.app/apps/Morpholio-Trace---Sketch-CAD-us?id=1525082&utm_source=github&utm_medium=open_dataset&utm_campaign=paywall_gallery","https://www.paywallpro.app/apps/Morpholio-Trace---Sketch-CAD-us?id=1525082&utm_source=github&utm_medium=open_dataset&utm_campaign=paywall_gallery","2026-07-15"
"821956884","BallparkDJ Walkout Intros","Chad Payne","Sports","19935","196","22.14","2025-10-12","2","0","8","No Free Trial - Soft Paywall","1 offer set across one-time purchase","1","apps/ballparkdj-walkout-intros-821956884.md","screenshots/ballparkdj-walkout-intros-821956884/cover.webp","screenshots/ballparkdj-walkout-intros-821956884/cover.webp","screenshots/ballparkdj-walkout-intros-821956884/paywall-screen-2.webp|screenshots/ballparkdj-walkout-intros-821956884/paywall-screen-3.webp","https://www.paywallpro.app/apps/BallparkDJ-Walkout-Intros-us?id=7668&utm_source=github&utm_medium=open_dataset&utm_campaign=paywall_gallery","https://www.paywallpro.app/apps/BallparkDJ-Walkout-Intros-us?id=7668&utm_source=github&utm_medium=open_dataset&utm_campaign=paywall_gallery","2026-07-15"
"1215991382","Gridwise: Gig Driver Assistant","Gridwise, Inc.","Finance","19921","0","3.72.4","2025-10-13","1","9","13","Free Trial - Soft Paywall","1 offer set across month, year","1","apps/gridwise-gig-driver-assistant-1215991382.md","screenshots/gridwise-gig-driver-assistant-1215991382/cover.webp","screenshots/gridwise-gig-driver-assistant-1215991382/cover.webp","screenshots/gridwise-gig-driver-assistant-1215991382/paywall-screen-2.webp|screenshots/gridwise-gig-driver-assistant-1215991382/paywall-screen-3.webp","https://www.paywallpro.app/apps/Gridwise:-Gig-Driver-Assistant-us?id=1974369&utm_source=github&utm_medium=open_dataset&utm_campaign=paywall_gallery","https://www.paywallpro.app/apps/Gridwise:-Gig-Driver-Assistant-us?id=1974369&utm_source=github&utm_medium=open_dataset&utm_campaign=paywall_gallery","2026-07-15"
"6748724320","Clean Up Now: AI Cleaner","ST PURRFECT APPS DEVELOPMENT LIMITED","Utilities","19839","0","1.0.13","2025-12-15","1","8","0","Free Trial - Soft Paywall","1 offer set across week, year","1","apps/clean-up-now-ai-cleaner-6748724320.md","screenshots/clean-up-now-ai-cleaner-6748724320/cover.webp","screenshots/clean-up-now-ai-cleaner-6748724320/cover.webp","screenshots/clean-up-now-ai-cleaner-6748724320/paywall-screen-2.webp|screenshots/clean-up-now-ai-cleaner-6748724320/paywall-screen-3.webp","https://www.paywallpro.app/apps/Clean-Up-Now:-AI-Cleaner-us?id=2479306&utm_source=github&utm_medium=open_dataset&utm_campaign=paywall_gallery","https://www.paywallpro.app/apps/Clean-Up-Now:-AI-Cleaner-us?id=2479306&utm_source=github&utm_medium=open_dataset&utm_campaign=paywall_gallery","2026-07-15"
"476107280","The Minnesota Star Tribune","The Star Tribune Media Company","News","19820","173","4.6","2025-08-07","1","0","9","No Free Trial - Soft Paywall","1 offer set across month, year","1","apps/the-minnesota-star-tribune-476107280.md","screenshots/the-minnesota-star-tribune-476107280/cover.webp","screenshots/the-minnesota-star-tribune-476107280/cover.webp","screenshots/the-minnesota-star-tribune-476107280/paywall-screen-2.webp|screenshots/the-minnesota-star-tribune-476107280/paywall-screen-3.webp","https://www.paywallpro.app/apps/The-Minnesota-Star-Tribune-us?id=1951449&utm_source=github&utm_medium=open_dataset&utm_campaign=paywall_gallery","https://www.paywallpro.app/apps/The-Minnesota-Star-Tribune-us?id=1951449&utm_source=github&utm_medium=open_dataset&utm_campaign=paywall_gallery","2026-07-15"
"1006639052","Add Background Music To Video","Mosaic S.r.l.","Photo & Video","19802","70","5.4.19","2025-01-07","2","8","0","Free Trial - Soft Paywall","1 offer set across week, year","1","apps/add-background-music-to-video-1006639052.md","screenshots/add-background-music-to-video-1006639052/cover.webp","screenshots/add-background-music-to-video-1006639052/cover.webp","screenshots/add-background-music-to-video-1006639052/paywall-screen-2.webp|screenshots/add-background-music-to-video-1006639052/paywall-screen-3.webp","https://www.paywallpro.app/apps/Add-Background-Music-To-Video-us?id=657&utm_source=github&utm_medium=open_dataset&utm_campaign=paywall_gallery","https://www.paywallpro.app/apps/Add-Background-Music-To-Video-us?id=657&utm_source=github&utm_medium=open_dataset&utm_campaign=paywall_gallery","2026-07-15"
"6502703406","Tallflix: Short Dramas & Films","Star Radiance Limited","Entertainment","19712","155","1.6.7","2025-10-11","2","0","8","No Free Trial - Soft Paywall, Currency Paywall","1 offer set across week, year","1","apps/tallflix-short-dramas-and-films-6502703406.md","screenshots/tallflix-short-dramas-and-films-6502703406/cover.webp","screenshots/tallflix-short-dramas-and-films-6502703406/cover.webp","screenshots/tallflix-short-dramas-and-films-6502703406/paywall-currency-paywall.webp|screenshots/tallflix-short-dramas-and-films-6502703406/paywall-screen-3.webp","https://www.paywallpro.app/apps/Tallflix:-Short-Dramas-&-Films-us?id=1251133&utm_source=github&utm_medium=open_dataset&utm_campaign=paywall_gallery","https://www.paywallpro.app/apps/Tallflix:-Short-Dramas-&-Films-us?id=1251133&utm_source=github&utm_medium=open_dataset&utm_campaign=paywall_gallery","2026-07-15"
"6447597892","ASMR Makeup Fun: Makeover Game","Beauty Remembers Ltd.","Entertainment","19705","0","1.7","2024-01-31","1","7","6","Free Trial - Soft Paywall","1 offer set across week, month, year","1","apps/asmr-makeup-fun-makeover-game-6447597892.md","screenshots/asmr-makeup-fun-makeover-game-6447597892/cover.webp","screenshots/asmr-makeup-fun-makeover-game-6447597892/cover.webp","screenshots/asmr-makeup-fun-makeover-game-6447597892/paywall-screen-2.webp|screenshots/asmr-makeup-fun-makeover-game-6447597892/paywall-screen-3.webp","https://www.paywallpro.app/apps/ASMR-Makeup-Fun:-Makeover-Game-us?id=1950757&utm_source=github&utm_medium=open_dataset&utm_campaign=paywall_gallery","https://www.paywallpro.app/apps/ASMR-Makeup-Fun:-Makeover-Game-us?id=1950757&utm_source=github&utm_medium=open_dataset&utm_campaign=paywall_gallery","2026-07-15"
"6464476667","Home AI - AI Interior Design","HUBX","Graphics & Design","19679","1","1.6.9","2026-02-16","8","6","5","Free Trial - Soft Paywall, No Free Trial - Soft Paywall","2 offer sets across week, year","2","apps/home-ai-ai-interior-design-6464476667.md","screenshots/home-ai-ai-interior-design-6464476667/cover.webp","screenshots/home-ai-ai-interior-design-6464476667/cover.webp","screenshots/home-ai-ai-interior-design-6464476667/paywall-annual-19-99.webp|screenshots/home-ai-ai-interior-design-6464476667/paywall-screen-3.webp","https://www.paywallpro.app/apps/Home-AI---AI-Interior-Design-us?id=667576&utm_source=github&utm_medium=open_dataset&utm_campaign=paywall_gallery","https://www.paywallpro.app/apps/Home-AI---AI-Interior-Design-us?id=667576&utm_source=github&utm_medium=open_dataset&utm_campaign=paywall_gallery","2026-07-15"
"1289057196","SCRL: Photo Collage Maker","Appostrophe AB","Photo & Video","19679","14","9.28.4","2026-03-17","11","15","4","Free Trial - Soft Paywall","1 offer set across month, year","1","apps/scrl-photo-collage-maker-1289057196.md","screenshots/scrl-photo-collage-maker-1289057196/cover.webp","screenshots/scrl-photo-collage-maker-1289057196/cover.webp","screenshots/scrl-photo-collage-maker-1289057196/paywall-screen-2.webp|screenshots/scrl-photo-collage-maker-1289057196/paywall-screen-3.webp","https://www.paywallpro.app/apps/SCRL:-Photo-Collage-Maker-us?id=349&utm_source=github&utm_medium=open_dataset&utm_campaign=paywall_gallery","https://www.paywallpro.app/apps/SCRL:-Photo-Collage-Maker-us?id=349&utm_source=github&utm_medium=open_dataset&utm_campaign=paywall_gallery","2026-07-15"
"405075943","AllTrails: Hike, Bike & Run","AllTrails, Inc.","Health & Fitness","19644","13","26.2.11","2026-02-06","5","0","8","Free Trial - Soft Paywall","1 offer set across year","1","apps/alltrails-hike-bike-and-run-405075943.md","screenshots/alltrails-hike-bike-and-run-405075943/cover.webp","screenshots/alltrails-hike-bike-and-run-405075943/cover.webp","screenshots/alltrails-hike-bike-and-run-405075943/paywall-screen-2.webp|screenshots/alltrails-hike-bike-and-run-405075943/paywall-screen-3.webp","https://www.paywallpro.app/apps/AllTrails:-Hike%2C-Bike-&-Run-us?id=75&utm_source=github&utm_medium=open_dataset&utm_campaign=paywall_gallery","https://www.paywallpro.app/apps/AllTrails:-Hike%2C-Bike-&-Run-us?id=75&utm_source=github&utm_medium=open_dataset&utm_campaign=paywall_gallery","2026-07-15"
"1665672552","Coin ID: Coin Value Identifier","AIBY","Reference","19557","56","1.13","2024-04-24","1","7","0","No Free Trial - Soft Paywall, Free Trial - Soft Paywall","2 offer sets across week, year","2","apps/coin-id-coin-value-identifier-1665672552.md","screenshots/coin-id-coin-value-identifier-1665672552/cover.webp","screenshots/coin-id-coin-value-identifier-1665672552/cover.webp","screenshots/coin-id-coin-value-identifier-1665672552/paywall-weekly-6-99.webp|screenshots/coin-id-coin-value-identifier-1665672552/paywall-weekly-6-99-2.webp","https://www.paywallpro.app/apps/Coin-ID:-Coin-Value-Identifier-us?id=687&utm_source=github&utm_medium=open_dataset&utm_campaign=paywall_gallery","https://www.paywallpro.app/apps/Coin-ID:-Coin-Value-Identifier-us?id=687&utm_source=github&utm_medium=open_dataset&utm_campaign=paywall_gallery","2026-07-15"
"1596495598","Stemz: remover vocal audio pro","MWM","Music","19557","195","4.02.13","2025-09-12","2","8","4","Free Trial - Soft Paywall","1 offer set across week, year","1","apps/stemz-remover-vocal-audio-pro-1596495598.md","screenshots/stemz-remover-vocal-audio-pro-1596495598/cover.webp","screenshots/stemz-remover-vocal-audio-pro-1596495598/cover.webp","screenshots/stemz-remover-vocal-audio-pro-1596495598/paywall-screen-2.webp|screenshots/stemz-remover-vocal-audio-pro-1596495598/paywall-screen-3.webp","https://www.paywallpro.app/apps/Stemz:-remover-vocal-audio-pro-us?id=334470&utm_source=github&utm_medium=open_dataset&utm_campaign=paywall_gallery","https://www.paywallpro.app/apps/Stemz:-remover-vocal-audio-pro-us?id=334470&utm_source=github&utm_medium=open_dataset&utm_campaign=paywall_gallery","2026-07-15"
"1506092240","Zigazoo","Zigazoo","Social Networking","19504","200","8.51.1","2025-07-10","1","11","5","Free Trial - Soft Paywall","1 offer set across month, year","1","apps/zigazoo-1506092240.md","screenshots/zigazoo-1506092240/cover.webp","screenshots/zigazoo-1506092240/cover.webp","screenshots/zigazoo-1506092240/paywall-screen-2.webp|screenshots/zigazoo-1506092240/paywall-screen-3.webp","https://www.paywallpro.app/apps/Zigazoo-us?id=1951418&utm_source=github&utm_medium=open_dataset&utm_campaign=paywall_gallery","https://www.paywallpro.app/apps/Zigazoo-us?id=1951418&utm_source=github&utm_medium=open_dataset&utm_campaign=paywall_gallery","2026-07-15"
"6447069698","Solvo: AI Homework Helper","AIBY","Education","19495","183","1.25","2024-06-14","1","6","0","Free Trial - Soft Paywall","1 offer set across week, year","1","apps/solvo-ai-homework-helper-6447069698.md","screenshots/solvo-ai-homework-helper-6447069698/cover.webp","screenshots/solvo-ai-homework-helper-6447069698/cover.webp","screenshots/solvo-ai-homework-helper-6447069698/paywall-screen-2.webp|screenshots/solvo-ai-homework-helper-6447069698/paywall-screen-3.webp","https://www.paywallpro.app/apps/Solvo:-AI-Homework-Helper-us?id=604&utm_source=github&utm_medium=open_dataset&utm_campaign=paywall_gallery","https://www.paywallpro.app/apps/Solvo:-AI-Homework-Helper-us?id=604&utm_source=github&utm_medium=open_dataset&utm_campaign=paywall_gallery","2026-07-15"
"577251728","The Philadelphia Inquirer","Philadelphia Media Network, Inc.","News","19461","106","27.2","2025-09-25","2","4","8","No Free Trial - Soft Paywall","1 offer set across month","1","apps/the-philadelphia-inquirer-577251728.md","screenshots/the-philadelphia-inquirer-577251728/cover.webp","screenshots/the-philadelphia-inquirer-577251728/cover.webp","screenshots/the-philadelphia-inquirer-577251728/paywall-screen-2.webp|screenshots/the-philadelphia-inquirer-577251728/paywall-screen-3.webp","https://www.paywallpro.app/apps/The-Philadelphia-Inquirer-us?id=870501&utm_source=github&utm_medium=open_dataset&utm_campaign=paywall_gallery","https://www.paywallpro.app/apps/The-Philadelphia-Inquirer-us?id=870501&utm_source=github&utm_medium=open_dataset&utm_campaign=paywall_gallery","2026-07-15"
"6514312894","FlickReels: Short Drama Series","FARSUN PTE. LTD.","Entertainment","19444","53","2.1.4.0","2025-09-10","5","0","7","No Free Trial - Soft Paywall","1 offer set across week, month, year","1","apps/flickreels-short-drama-series-6514312894.md","screenshots/flickreels-short-drama-series-6514312894/cover.webp","screenshots/flickreels-short-drama-series-6514312894/cover.webp","screenshots/flickreels-short-drama-series-6514312894/paywall-screen-2.webp|screenshots/flickreels-short-drama-series-6514312894/paywall-screen-3.webp","https://www.paywallpro.app/apps/FlickReels:-Short-Drama-Series-us?id=856939&utm_source=github&utm_medium=open_dataset&utm_campaign=paywall_gallery","https://www.paywallpro.app/apps/FlickReels:-Short-Drama-Series-us?id=856939&utm_source=github&utm_medium=open_dataset&utm_campaign=paywall_gallery","2026-07-15"
"1178656034","Peanut: Find Mom Friends","Peanut App Limited","Lifestyle","19356","0","7.43.1","2025-11-24","1","16","6","No Free Trial - Soft Paywall","2 offer sets across month, year, quarter","2","apps/peanut-find-mom-friends-1178656034.md","screenshots/peanut-find-mom-friends-1178656034/cover.webp","screenshots/peanut-find-mom-friends-1178656034/cover.webp","screenshots/peanut-find-mom-friends-1178656034/paywall-annual-29-99.webp|screenshots/peanut-find-mom-friends-1178656034/paywall-screen-3.webp","https://www.paywallpro.app/apps/Peanut:-Find-Mom-Friends-us?id=1949933&utm_source=github&utm_medium=open_dataset&utm_campaign=paywall_gallery","https://www.paywallpro.app/apps/Peanut:-Find-Mom-Friends-us?id=1949933&utm_source=github&utm_medium=open_dataset&utm_campaign=paywall_gallery","2026-07-15"
"1613120226","ChackTok - Photo Booth Event","LINKSIGN UK CO., LTD","Photo & Video","19249","0","1.7.9","2025-03-10","2","0","0","No Free Trial - Soft Paywall","2 offer sets across week, month, half year, year, quarter","2","apps/chacktok-photo-booth-event-1613120226.md","screenshots/chacktok-photo-booth-event-1613120226/cover.webp","screenshots/chacktok-photo-booth-event-1613120226/cover.webp","screenshots/chacktok-photo-booth-event-1613120226/paywall-monthly-25.webp|screenshots/chacktok-photo-booth-event-1613120226/paywall-screen-3.webp","https://www.paywallpro.app/apps/ChackTok---Photo-Booth-Event-us?id=475594&utm_source=github&utm_medium=open_dataset&utm_campaign=paywall_gallery","https://www.paywallpro.app/apps/ChackTok---Photo-Booth-Event-us?id=475594&utm_source=github&utm_medium=open_dataset&utm_campaign=paywall_gallery","2026-07-15"
"6463116243","Quillbot-AI Writing & Keyboard","QuillBot, a Learneo Inc. business","Productivity","19242","176","2.0.0","2025-10-31","1","3","6","No Free Trial - Soft Paywall","1 offer set across month, half year, year","1","apps/quillbot-ai-writing-and-keyboard-6463116243.md","screenshots/quillbot-ai-writing-and-keyboard-6463116243/cover.webp","screenshots/quillbot-ai-writing-and-keyboard-6463116243/cover.webp","screenshots/quillbot-ai-writing-and-keyboard-6463116243/paywall-screen-2.webp|screenshots/quillbot-ai-writing-and-keyboard-6463116243/paywall-screen-3.webp","https://www.paywallpro.app/apps/Quillbot-AI-Writing-&-Keyboard-us?id=1952016&utm_source=github&utm_medium=open_dataset&utm_campaign=paywall_gallery","https://www.paywallpro.app/apps/Quillbot-AI-Writing-&-Keyboard-us?id=1952016&utm_source=github&utm_medium=open_dataset&utm_campaign=paywall_gallery","2026-07-15"
"1668805457","AI Chatbot - Ask Me Anything","EVOLLY.APP","Productivity","19241","200","2.2.7","2025-09-05","1","7","5","Free Trial - Soft Paywall","1 offer set across week, year","1","apps/ai-chatbot-ask-me-anything-1668805457.md","screenshots/ai-chatbot-ask-me-anything-1668805457/cover.webp","screenshots/ai-chatbot-ask-me-anything-1668805457/cover.webp","screenshots/ai-chatbot-ask-me-anything-1668805457/paywall-screen-2.webp|screenshots/ai-chatbot-ask-me-anything-1668805457/paywall-screen-3.webp","https://www.paywallpro.app/apps/AI-Chatbot---Ask-Me-Anything-us?id=1952029&utm_source=github&utm_medium=open_dataset&utm_campaign=paywall_gallery","https://www.paywallpro.app/apps/AI-Chatbot---Ask-Me-Anything-us?id=1952029&utm_source=github&utm_medium=open_dataset&utm_campaign=paywall_gallery","2026-07-15"
"1639787026","Text Number-Phone Text Message","兰 陈","Productivity","19207","138","2.7.5","2025-09-04","1","2","3","Free Trial - Soft Paywall, No Free Trial - Soft Paywall","2 offer sets across week, year","2","apps/text-number-phone-text-message-1639787026.md","screenshots/text-number-phone-text-message-1639787026/cover.webp","screenshots/text-number-phone-text-message-1639787026/cover.webp","screenshots/text-number-phone-text-message-1639787026/paywall-annual-29-99.webp|screenshots/text-number-phone-text-message-1639787026/paywall-screen-3.webp","https://www.paywallpro.app/apps/Text-Number-Phone-Text-Message-us?id=1951933&utm_source=github&utm_medium=open_dataset&utm_campaign=paywall_gallery","https://www.paywallpro.app/apps/Text-Number-Phone-Text-Message-us?id=1951933&utm_source=github&utm_medium=open_dataset&utm_campaign=paywall_gallery","2026-07-15"
"6478631467","Playlist Transfer for My Music","Virals Dijital Hizmetler Anonim Sirketi","Music","19186","179","9.4","2025-10-08","1","11","4","Free Trial - Soft Paywall, No Free Trial - Soft Paywall","2 offer sets across week, year","2","apps/playlist-transfer-for-my-music-6478631467.md","screenshots/playlist-transfer-for-my-music-6478631467/cover.webp","screenshots/playlist-transfer-for-my-music-6478631467/cover.webp","screenshots/playlist-transfer-for-my-music-6478631467/paywall-annual-19-99.webp|screenshots/playlist-transfer-for-my-music-6478631467/paywall-screen-3.webp","https://www.paywallpro.app/apps/Playlist-Transfer-for-My-Music-us?id=1949971&utm_source=github&utm_medium=open_dataset&utm_campaign=paywall_gallery","https://www.paywallpro.app/apps/Playlist-Transfer-for-My-Music-us?id=1949971&utm_source=github&utm_medium=open_dataset&utm_campaign=paywall_gallery","2026-07-15"
"1475467785","Kids Learning Games: Toddlers","Bimi Boo Kids Learning Games for Toddlers FZ LLC","Education","19111","0","1.1.43","2025-06-05","1","8","3","Free Trial - Soft Paywall","2 offer sets across month, year","2","apps/kids-learning-games-toddlers-1475467785.md","screenshots/kids-learning-games-toddlers-1475467785/cover.webp","screenshots/kids-learning-games-toddlers-1475467785/cover.webp","screenshots/kids-learning-games-toddlers-1475467785/paywall-monthly-6-99.webp|screenshots/kids-learning-games-toddlers-1475467785/paywall-monthly-6-99-2.webp","https://www.paywallpro.app/apps/Kids-Learning-Games:-Toddlers-us?id=1951407&utm_source=github&utm_medium=open_dataset&utm_campaign=paywall_gallery","https://www.paywallpro.app/apps/Kids-Learning-Games:-Toddlers-us?id=1951407&utm_source=github&utm_medium=open_dataset&utm_campaign=paywall_gallery","2026-07-15"
"1189568780","BodyFast: Intermittent Fasting","BodyFast GmbH","Health & Fitness","19062","188","3.35.7","2024-03-28","1","27","0","No Free Trial - Soft Paywall","1 offer set across month, year, quarter","1","apps/bodyfast-intermittent-fasting-1189568780.md","screenshots/bodyfast-intermittent-fasting-1189568780/cover.webp","screenshots/bodyfast-intermittent-fasting-1189568780/cover.webp","screenshots/bodyfast-intermittent-fasting-1189568780/paywall-screen-2.webp|screenshots/bodyfast-intermittent-fasting-1189568780/paywall-screen-3.webp","https://www.paywallpro.app/apps/BodyFast:-Intermittent-Fasting-us?id=688&utm_source=github&utm_medium=open_dataset&utm_campaign=paywall_gallery","https://www.paywallpro.app/apps/BodyFast:-Intermittent-Fasting-us?id=688&utm_source=github&utm_medium=open_dataset&utm_campaign=paywall_gallery","2026-07-15"
"870099476","Copy My Data - Smart Transfer","Red Sky Labs, S.L.","Utilities","19020","0","4.0.3","2025-05-20","1","7","0","Free Trial - Soft Paywall","1 offer set across week","1","apps/copy-my-data-smart-transfer-870099476.md","screenshots/copy-my-data-smart-transfer-870099476/cover.webp","screenshots/copy-my-data-smart-transfer-870099476/cover.webp","screenshots/copy-my-data-smart-transfer-870099476/paywall-screen-2.webp|screenshots/copy-my-data-smart-transfer-870099476/paywall-screen-3.webp","https://www.paywallpro.app/apps/Copy-My-Data---Smart-Transfer-us?id=1950695&utm_source=github&utm_medium=open_dataset&utm_campaign=paywall_gallery","https://www.paywallpro.app/apps/Copy-My-Data---Smart-Transfer-us?id=1950695&utm_source=github&utm_medium=open_dataset&utm_campaign=paywall_gallery","2026-07-15"
"493763132","Lanetalk Bowling","Lanetalk AB","Sports","19019","0","4.14.17","2025-10-13","1","16","8","Free Trial - Soft Paywall","1 offer set across month","1","apps/lanetalk-bowling-493763132.md","screenshots/lanetalk-bowling-493763132/cover.webp","screenshots/lanetalk-bowling-493763132/cover.webp","screenshots/lanetalk-bowling-493763132/paywall-screen-2.webp|screenshots/lanetalk-bowling-493763132/paywall-screen-3.webp","https://www.paywallpro.app/apps/Lanetalk-Bowling-us?id=1949525&utm_source=github&utm_medium=open_dataset&utm_campaign=paywall_gallery","https://www.paywallpro.app/apps/Lanetalk-Bowling-us?id=1949525&utm_source=github&utm_medium=open_dataset&utm_campaign=paywall_gallery","2026-07-15"
"6740345364","Renew - Restore Old Photos AI","Olena Dorohan","Photo & Video","18896","189","3.6","2025-09-07","1","6","3","Free Trial - Soft Paywall","1 offer set across week, year","1","apps/renew-restore-old-photos-ai-6740345364.md","screenshots/renew-restore-old-photos-ai-6740345364/cover.webp","screenshots/renew-restore-old-photos-ai-6740345364/cover.webp","screenshots/renew-restore-old-photos-ai-6740345364/paywall-screen-2.webp|screenshots/renew-restore-old-photos-ai-6740345364/paywall-screen-3.webp","https://www.paywallpro.app/apps/Renew---Restore-Old-Photos-AI-us?id=2062767&utm_source=github&utm_medium=open_dataset&utm_campaign=paywall_gallery","https://www.paywallpro.app/apps/Renew---Restore-Old-Photos-AI-us?id=2062767&utm_source=github&utm_medium=open_dataset&utm_campaign=paywall_gallery","2026-07-15"
"1473934066","AVG Mobile Security","AVG eCommerce CY Limited","Utilities","18871","0","25.8.0","2025-05-19","1","7","5","No Free Trial - Soft Paywall","1 offer set across year","1","apps/avg-mobile-security-1473934066.md","screenshots/avg-mobile-security-1473934066/cover.webp","screenshots/avg-mobile-security-1473934066/cover.webp","screenshots/avg-mobile-security-1473934066/paywall-screen-2.webp|screenshots/avg-mobile-security-1473934066/paywall-screen-3.webp","https://www.paywallpro.app/apps/AVG-Mobile-Security-us?id=1950691&utm_source=github&utm_medium=open_dataset&utm_campaign=paywall_gallery","https://www.paywallpro.app/apps/AVG-Mobile-Security-us?id=1950691&utm_source=github&utm_medium=open_dataset&utm_campaign=paywall_gallery","2026-07-15"
"6738720524","Security Camera - Smart Home","Security 360","Lifestyle","18832","0","2.1","2025-09-12","1","5","5","No Free Trial - Soft Paywall","2 offer sets across week, year, one-time purchase","2","apps/security-camera-smart-home-6738720524.md","screenshots/security-camera-smart-home-6738720524/cover.webp","screenshots/security-camera-smart-home-6738720524/cover.webp","screenshots/security-camera-smart-home-6738720524/paywall-weekly-8-99.webp|screenshots/security-camera-smart-home-6738720524/paywall-screen-3.webp","https://www.paywallpro.app/apps/Security-Camera---Smart-Home-us?id=2406193&utm_source=github&utm_medium=open_dataset&utm_campaign=paywall_gallery","https://www.paywallpro.app/apps/Security-Camera---Smart-Home-us?id=2406193&utm_source=github&utm_medium=open_dataset&utm_campaign=paywall_gallery","2026-07-15"
"332510494","SpanishDictionary.com Learning","Curiosity Media","Education","18778","196","6.30","2025-06-05","1","2","11","Free Trial - Soft Paywall","1 offer set across year","1","apps/spanishdictionary-com-learning-332510494.md","screenshots/spanishdictionary-com-learning-332510494/cover.webp","screenshots/spanishdictionary-com-learning-332510494/cover.webp","screenshots/spanishdictionary-com-learning-332510494/paywall-screen-2.webp|screenshots/spanishdictionary-com-learning-332510494/paywall-screen-3.webp","https://www.paywallpro.app/apps/SpanishDictionary.com-Learning-us?id=1951952&utm_source=github&utm_medium=open_dataset&utm_campaign=paywall_gallery","https://www.paywallpro.app/apps/SpanishDictionary.com-Learning-us?id=1951952&utm_source=github&utm_medium=open_dataset&utm_campaign=paywall_gallery","2026-07-15"
"6451237931","Health Care-Healthy Life&Heart","Brimatrix","Lifestyle","18708","0","1.4","2023-07-21","1","3","6","Free Trial - Soft Paywall","2 offer sets across week, month, year","2","apps/health-care-healthy-life-and-heart-6451237931.md","screenshots/health-care-healthy-life-and-heart-6451237931/cover.webp","screenshots/health-care-healthy-life-and-heart-6451237931/cover.webp","screenshots/health-care-healthy-life-and-heart-6451237931/paywall-weekly-4-99.webp|screenshots/health-care-healthy-life-and-heart-6451237931/paywall-screen-3.webp","https://www.paywallpro.app/apps/Health-Care-Healthy-Life&Heart-us?id=1949960&utm_source=github&utm_medium=open_dataset&utm_campaign=paywall_gallery","https://www.paywallpro.app/apps/Health-Care-Healthy-Life&Heart-us?id=1949960&utm_source=github&utm_medium=open_dataset&utm_campaign=paywall_gallery","2026-07-15"
"577673067","Kodable Basics","SurfScore, Inc","Education","18616","0","18.2.7","2024-12-05","1","17","0","No Free Trial - Soft Paywall","1 offer set across month, year, one-time purchase","1","apps/kodable-basics-577673067.md","screenshots/kodable-basics-577673067/cover.webp","screenshots/kodable-basics-577673067/cover.webp","screenshots/kodable-basics-577673067/paywall-screen-2.webp|screenshots/kodable-basics-577673067/paywall-screen-3.webp","https://www.paywallpro.app/apps/Kodable-Basics-us?id=1174140&utm_source=github&utm_medium=open_dataset&utm_campaign=paywall_gallery","https://www.paywallpro.app/apps/Kodable-Basics-us?id=1174140&utm_source=github&utm_medium=open_dataset&utm_campaign=paywall_gallery","2026-07-15"
"877303791","Contraction Timer & Counter 9m","Aleksei Neiman","Medical","18595","27","3.0.9","2025-06-22","1","8","2","No Free Trial - Soft Paywall","1 offer set across week, one-time purchase","1","apps/contraction-timer-and-counter-9m-877303791.md","screenshots/contraction-timer-and-counter-9m-877303791/cover.webp","screenshots/contraction-timer-and-counter-9m-877303791/cover.webp","screenshots/contraction-timer-and-counter-9m-877303791/paywall-screen-2.webp|screenshots/contraction-timer-and-counter-9m-877303791/paywall-screen-3.webp","https://www.paywallpro.app/apps/Contraction-Timer-&-Counter-9m-us?id=1953095&utm_source=github&utm_medium=open_dataset&utm_campaign=paywall_gallery","https://www.paywallpro.app/apps/Contraction-Timer-&-Counter-9m-us?id=1953095&utm_source=github&utm_medium=open_dataset&utm_campaign=paywall_gallery","2026-07-15"
"1494548587","BlackGentry: Black Dating App","Zeeltech LLC","Social Networking","18479","128","3.30.72","2025-10-23","2","0","10","No Free Trial - Soft Paywall","2 offer sets across month, half year, year, quarter","2","apps/blackgentry-black-dating-app-1494548587.md","screenshots/blackgentry-black-dating-app-1494548587/cover.webp","screenshots/blackgentry-black-dating-app-1494548587/cover.webp","screenshots/blackgentry-black-dating-app-1494548587/paywall-monthly-34-99.webp|screenshots/blackgentry-black-dating-app-1494548587/paywall-screen-3.webp","https://www.paywallpro.app/apps/BlackGentry:-Black-Dating-App-us?id=659&utm_source=github&utm_medium=open_dataset&utm_campaign=paywall_gallery","https://www.paywallpro.app/apps/BlackGentry:-Black-Dating-App-us?id=659&utm_source=github&utm_medium=open_dataset&utm_campaign=paywall_gallery","2026-07-15"
"6499304362","LiteTV - Short Dramas & Movies","Top Innovations US, LLC","Entertainment","18476","138","1.4.27","2025-09-12","2","0","9","No Free Trial - Soft Paywall","2 offer sets across week, month, one-time purchase","2","apps/litetv-short-dramas-and-movies-6499304362.md","screenshots/litetv-short-dramas-and-movies-6499304362/cover.webp","screenshots/litetv-short-dramas-and-movies-6499304362/cover.webp","screenshots/litetv-short-dramas-and-movies-6499304362/paywall-weekly-19-99.webp|screenshots/litetv-short-dramas-and-movies-6499304362/paywall-one-time-purchase-4-99.webp","https://www.paywallpro.app/apps/LiteTV---Short-Dramas-&-Movies-us?id=47271&utm_source=github&utm_medium=open_dataset&utm_campaign=paywall_gallery","https://www.paywallpro.app/apps/LiteTV---Short-Dramas-&-Movies-us?id=47271&utm_source=github&utm_medium=open_dataset&utm_campaign=paywall_gallery","2026-07-15"
"504807361","Splash Jr: Toddler Games 2-4","StudyPad, Inc.","Education","18441","149","7.3.5","2025-09-22","1","21","6","Free Trial - Soft Paywall, No Free Trial - Soft Paywall","2 offer sets across month, year","2","apps/splash-jr-toddler-games-2-4-504807361.md","screenshots/splash-jr-toddler-games-2-4-504807361/cover.webp","screenshots/splash-jr-toddler-games-2-4-504807361/cover.webp","screenshots/splash-jr-toddler-games-2-4-504807361/paywall-monthly-11-99.webp|screenshots/splash-jr-toddler-games-2-4-504807361/paywall-screen-3.webp","https://www.paywallpro.app/apps/Splash-Jr:-Toddler-Games-2-4-us?id=1951900&utm_source=github&utm_medium=open_dataset&utm_campaign=paywall_gallery","https://www.paywallpro.app/apps/Splash-Jr:-Toddler-Games-2-4-us?id=1951900&utm_source=github&utm_medium=open_dataset&utm_campaign=paywall_gallery","2026-07-22"
"998972770","Jamzone - Sing & Play Along","Recisio","Music","18386","0","3.7.3","2024-12-20","1","0","5","No Free Trial - Soft Paywall","1 offer set across month","1","apps/jamzone-sing-and-play-along-998972770.md","screenshots/jamzone-sing-and-play-along-998972770/cover.webp","screenshots/jamzone-sing-and-play-along-998972770/cover.webp","screenshots/jamzone-sing-and-play-along-998972770/paywall-screen-2.webp|screenshots/jamzone-sing-and-play-along-998972770/paywall-screen-3.webp","https://www.paywallpro.app/apps/Jamzone---Sing-&-Play-Along-us?id=1949958&utm_source=github&utm_medium=open_dataset&utm_campaign=paywall_gallery","https://www.paywallpro.app/apps/Jamzone---Sing-&-Play-Along-us?id=1949958&utm_source=github&utm_medium=open_dataset&utm_campaign=paywall_gallery","2026-07-22"
"6476086679","Hair Salon Games for Kids 2-5","JMH Developers OU","Education","18340","0","1.0","2024-03-29","1","5","8","Free Trial - Soft Paywall","2 offer sets across week, month, year","2","apps/hair-salon-games-for-kids-2-5-6476086679.md","screenshots/hair-salon-games-for-kids-2-5-6476086679/cover.webp","screenshots/hair-salon-games-for-kids-2-5-6476086679/cover.webp","screenshots/hair-salon-games-for-kids-2-5-6476086679/paywall-weekly-9-99.webp|screenshots/hair-salon-games-for-kids-2-5-6476086679/paywall-screen-3.webp","https://www.paywallpro.app/apps/Hair-Salon-Games-for-Kids-2-5-us?id=1952074&utm_source=github&utm_medium=open_dataset&utm_campaign=paywall_gallery","https://www.paywallpro.app/apps/Hair-Salon-Games-for-Kids-2-5-us?id=1952074&utm_source=github&utm_medium=open_dataset&utm_campaign=paywall_gallery","2026-07-22"
"881119321","Wonster Words Learning Games","77Sparx Studio, Inc.","Education","18171","0","5.25","2025-10-20","2","22","0","Free Trial - Soft Paywall","1 offer set across month, year","1","apps/wonster-words-learning-games-881119321.md","screenshots/wonster-words-learning-games-881119321/cover.webp","screenshots/wonster-words-learning-games-881119321/cover.webp","screenshots/wonster-words-learning-games-881119321/paywall-screen-2.webp|screenshots/wonster-words-learning-games-881119321/paywall-screen-3.webp","https://www.paywallpro.app/apps/Wonster-Words-Learning-Games-us?id=1951922&utm_source=github&utm_medium=open_dataset&utm_campaign=paywall_gallery","https://www.paywallpro.app/apps/Wonster-Words-Learning-Games-us?id=1951922&utm_source=github&utm_medium=open_dataset&utm_campaign=paywall_gallery","2026-07-22"
"6449351247","AI Video Generator : SelfyzAI","AIGX Technology Co., Limited","Photo & Video","18067","193","3.14.2","2025-09-15","2","7","10","No Free Trial - Soft Paywall, Free Trial - Soft Paywall","5 offer sets across week, year","5","apps/ai-video-generator-selfyzai-6449351247.md","screenshots/ai-video-generator-selfyzai-6449351247/cover.webp","screenshots/ai-video-generator-selfyzai-6449351247/cover.webp","screenshots/ai-video-generator-selfyzai-6449351247/paywall-weekly-4-99.webp|screenshots/ai-video-generator-selfyzai-6449351247/paywall-weekly-0-99-4-99.webp","https://www.paywallpro.app/apps/AI-Video-Generator-:-SelfyzAI-us?id=784487&utm_source=github&utm_medium=open_dataset&utm_campaign=paywall_gallery","https://www.paywallpro.app/apps/AI-Video-Generator-:-SelfyzAI-us?id=784487&utm_source=github&utm_medium=open_dataset&utm_campaign=paywall_gallery","2026-07-22"
"1670649189","TV Remote - Universal","Zap Software Studio BV","Utilities","18050","78","1.18","2025-09-20","1","0","5","Free Trial - Soft Paywall","1 offer set across week, year","1","apps/tv-remote-universal-1670649189.md","screenshots/tv-remote-universal-1670649189/cover.webp","screenshots/tv-remote-universal-1670649189/cover.webp","screenshots/tv-remote-universal-1670649189/paywall-screen-2.webp|screenshots/tv-remote-universal-1670649189/paywall-screen-3.webp","https://www.paywallpro.app/apps/TV-Remote---Universal-us?id=1488818&utm_source=github&utm_medium=open_dataset&utm_campaign=paywall_gallery","https://www.paywallpro.app/apps/TV-Remote---Universal-us?id=1488818&utm_source=github&utm_medium=open_dataset&utm_campaign=paywall_gallery","2026-07-22"
"1634439688","VEED Shorts: AI videos","VEED Ltd","Photo & Video","18032","198","5.7.0","2025-03-06","2","10","0","Free Trial - Soft Paywall","1 offer set across month, year","1","apps/veed-shorts-ai-videos-1634439688.md","screenshots/veed-shorts-ai-videos-1634439688/cover.webp","screenshots/veed-shorts-ai-videos-1634439688/cover.webp","screenshots/veed-shorts-ai-videos-1634439688/paywall-screen-2.webp|screenshots/veed-shorts-ai-videos-1634439688/paywall-screen-3.webp","https://www.paywallpro.app/apps/VEED-Shorts:-AI-videos-us?id=1331486&utm_source=github&utm_medium=open_dataset&utm_campaign=paywall_gallery","https://www.paywallpro.app/apps/VEED-Shorts:-AI-videos-us?id=1331486&utm_source=github&utm_medium=open_dataset&utm_campaign=paywall_gallery","2026-07-22"
"1558659494","10 Minute English","Clever Apps","Education","18016","167","1.4.35","2024-06-12","1","12","0","Free Trial - Hard Paywall","1 offer set across month, year","1","apps/10-minute-english-1558659494.md","screenshots/10-minute-english-1558659494/cover.webp","screenshots/10-minute-english-1558659494/cover.webp","screenshots/10-minute-english-1558659494/paywall-screen-2.webp|screenshots/10-minute-english-1558659494/paywall-screen-3.webp","https://www.paywallpro.app/apps/10-Minute-English-us?id=28408&utm_source=github&utm_medium=open_dataset&utm_campaign=paywall_gallery","https://www.paywallpro.app/apps/10-Minute-English-us?id=28408&utm_source=github&utm_medium=open_dataset&utm_campaign=paywall_gallery","2026-07-22"
"987873536","Mondly: Learn 41 Languages","ATi Studios","Education","18008","194","10.65.0","2025-12-15","5","9","7","Free Trial - Soft Paywall, No Free Trial - Soft Paywall","1 offer set across month, year","1","apps/mondly-learn-41-languages-987873536.md","screenshots/mondly-learn-41-languages-987873536/cover.webp","screenshots/mondly-learn-41-languages-987873536/cover.webp","screenshots/mondly-learn-41-languages-987873536/paywall-screen-2.webp|screenshots/mondly-learn-41-languages-987873536/paywall-screen-3.webp","https://www.paywallpro.app/apps/Mondly:-Learn-41-Languages-us?id=3910&utm_source=github&utm_medium=open_dataset&utm_campaign=paywall_gallery","https://www.paywallpro.app/apps/Mondly:-Learn-41-Languages-us?id=3910&utm_source=github&utm_medium=open_dataset&utm_campaign=paywall_gallery","2026-07-22"
"6741145225","Find My Location: Tracker","DIGITS LTD","Lifestyle","17987","151","2.2","2025-09-19","1","6","4","No Free Trial - Soft Paywall","1 offer set across week, year, quarter","1","apps/find-my-location-tracker-6741145225.md","screenshots/find-my-location-tracker-6741145225/cover.webp","screenshots/find-my-location-tracker-6741145225/cover.webp","screenshots/find-my-location-tracker-6741145225/paywall-screen-2.webp|screenshots/find-my-location-tracker-6741145225/paywall-screen-3.webp","https://www.paywallpro.app/apps/Find-My-Location:-Tracker-us?id=1949949&utm_source=github&utm_medium=open_dataset&utm_campaign=paywall_gallery","https://www.paywallpro.app/apps/Find-My-Location:-Tracker-us?id=1949949&utm_source=github&utm_medium=open_dataset&utm_campaign=paywall_gallery","2026-07-22"
"6446930976","Solvely - AI Study Tools","Aignite Inc.","Education","17970","18","4.9.5","2026-01-13","7","7","7","Free Trial - Soft Paywall, No Free Trial - Soft Paywall","3 offer sets across week, month, year","3","apps/solvely-ai-study-tools-6446930976.md","screenshots/solvely-ai-study-tools-6446930976/cover.webp","screenshots/solvely-ai-study-tools-6446930976/cover.webp","screenshots/solvely-ai-study-tools-6446930976/paywall-weekly-3-99.webp|screenshots/solvely-ai-study-tools-6446930976/paywall-monthly-12-99.webp","https://www.paywallpro.app/apps/Solvely---AI-Study-Tools-us?id=693&utm_source=github&utm_medium=open_dataset&utm_campaign=paywall_gallery","https://www.paywallpro.app/apps/Solvely---AI-Study-Tools-us?id=693&utm_source=github&utm_medium=open_dataset&utm_campaign=paywall_gallery","2026-06-05"
"462638897","Google Health (Fitbit)","Google","Health & Fitness","17891","74","4.56","2025-11-06","3","14","3","Free Trial - Soft Paywall","1 offer set across month, year","1","apps/google-health-fitbit-462638897.md","screenshots/google-health-fitbit-462638897/cover.webp","screenshots/google-health-fitbit-462638897/cover.webp","screenshots/google-health-fitbit-462638897/paywall-screen-2.webp|screenshots/google-health-fitbit-462638897/paywall-screen-3.webp","https://www.paywallpro.app/apps/Google-Health-(Fitbit)-us?id=88&utm_source=github&utm_medium=open_dataset&utm_campaign=paywall_gallery","https://www.paywallpro.app/apps/Google-Health-(Fitbit)-us?id=88&utm_source=github&utm_medium=open_dataset&utm_campaign=paywall_gallery","2026-07-22"
"1511472597","AI Dermatologist: Skin Scanner","Acina","Health & Fitness","17884","194","6.1.1","2025-07-18","3","10","8","No Free Trial - Soft Paywall","1 offer set across week, month, year","1","apps/ai-dermatologist-skin-scanner-1511472597.md","screenshots/ai-dermatologist-skin-scanner-1511472597/cover.webp","screenshots/ai-dermatologist-skin-scanner-1511472597/cover.webp","screenshots/ai-dermatologist-skin-scanner-1511472597/paywall-screen-2.webp|screenshots/ai-dermatologist-skin-scanner-1511472597/paywall-screen-3.webp","https://www.paywallpro.app/apps/AI-Dermatologist:-Skin-Scanner-us?id=1025138&utm_source=github&utm_medium=open_dataset&utm_campaign=paywall_gallery","https://www.paywallpro.app/apps/AI-Dermatologist:-Skin-Scanner-us?id=1025138&utm_source=github&utm_medium=open_dataset&utm_campaign=paywall_gallery","2026-07-22"
"1635153294","Monster Truck Game for Kids 2+","JMH Developers OU","Education","17837","0","1.0.4","2024-02-22","1","8","0","Free Trial - Soft Paywall","1 offer set across week, year","1","apps/monster-truck-game-for-kids-2-1635153294.md","screenshots/monster-truck-game-for-kids-2-1635153294/cover.webp","screenshots/monster-truck-game-for-kids-2-1635153294/cover.webp","screenshots/monster-truck-game-for-kids-2-1635153294/paywall-screen-2.webp|screenshots/monster-truck-game-for-kids-2-1635153294/paywall-screen-3.webp","https://www.paywallpro.app/apps/Monster-Truck-Game-for-Kids-2%2B-us?id=1952057&utm_source=github&utm_medium=open_dataset&utm_campaign=paywall_gallery","https://www.paywallpro.app/apps/Monster-Truck-Game-for-Kids-2%2B-us?id=1952057&utm_source=github&utm_medium=open_dataset&utm_campaign=paywall_gallery","2026-07-22"
"6478281150","Coursiv – AI Tools Mastery","Coursiv Limited","Education","17678","68","1.13.0","2025-01-10","1","31","0","Free Trial - Hard Paywall","1 offer set across week, month","1","apps/coursiv-ai-tools-mastery-6478281150.md","screenshots/coursiv-ai-tools-mastery-6478281150/cover.webp","screenshots/coursiv-ai-tools-mastery-6478281150/cover.webp","screenshots/coursiv-ai-tools-mastery-6478281150/paywall-screen-2.webp|screenshots/coursiv-ai-tools-mastery-6478281150/paywall-screen-3.webp","https://www.paywallpro.app/apps/Coursiv-%E2%80%93-AI-Tools-Mastery-us?id=1224657&utm_source=github&utm_medium=open_dataset&utm_campaign=paywall_gallery","https://www.paywallpro.app/apps/Coursiv-%E2%80%93-AI-Tools-Mastery-us?id=1224657&utm_source=github&utm_medium=open_dataset&utm_campaign=paywall_gallery","2026-07-22"
"6575352839","SolveLab AI - Smart & Fast","玉莹 胡","Utilities","17659","0","3.0","2025-08-14","1","2","5","Free Trial - Soft Paywall","1 offer set across week","1","apps/solvelab-ai-smart-and-fast-6575352839.md","screenshots/solvelab-ai-smart-and-fast-6575352839/cover.webp","screenshots/solvelab-ai-smart-and-fast-6575352839/cover.webp","screenshots/solvelab-ai-smart-and-fast-6575352839/paywall-screen-2.webp|screenshots/solvelab-ai-smart-and-fast-6575352839/paywall-screen-3.webp","https://www.paywallpro.app/apps/SolveLab-AI---Smart-&-Fast-us?id=2468040&utm_source=github&utm_medium=open_dataset&utm_campaign=paywall_gallery","https://www.paywallpro.app/apps/SolveLab-AI---Smart-&-Fast-us?id=2468040&utm_source=github&utm_medium=open_dataset&utm_campaign=paywall_gallery","2026-07-22"
"509771809","Preschool & Kindergarten Games","RosiMosi LLC","Education","17651","0","14.2.3","2025-10-16","1","5","4","Free Trial - Soft Paywall","1 offer set across month, year","1","apps/preschool-and-kindergarten-games-509771809.md","screenshots/preschool-and-kindergarten-games-509771809/cover.webp","screenshots/preschool-and-kindergarten-games-509771809/cover.webp","screenshots/preschool-and-kindergarten-games-509771809/paywall-screen-2.webp|screenshots/preschool-and-kindergarten-games-509771809/paywall-screen-3.webp","https://www.paywallpro.app/apps/Preschool-&-Kindergarten-Games-us?id=1424206&utm_source=github&utm_medium=open_dataset&utm_campaign=paywall_gallery","https://www.paywallpro.app/apps/Preschool-&-Kindergarten-Games-us?id=1424206&utm_source=github&utm_medium=open_dataset&utm_campaign=paywall_gallery","2026-07-22"
"477971748","MyHeritage: Family Tree & DNA","MyHeritage.com","Reference","17634","100","6.4.6","2024-05-15","1","12","0","Free Trial - Soft Paywall, No Free Trial - Soft Paywall","2 offer sets across year","2","apps/myheritage-family-tree-and-dna-477971748.md","screenshots/myheritage-family-tree-and-dna-477971748/cover.webp","screenshots/myheritage-family-tree-and-dna-477971748/cover.webp","screenshots/myheritage-family-tree-and-dna-477971748/paywall-annual-139-99-199-99.webp|screenshots/myheritage-family-tree-and-dna-477971748/paywall-screen-3.webp","https://www.paywallpro.app/apps/MyHeritage:-Family-Tree-&-DNA-us?id=754&utm_source=github&utm_medium=open_dataset&utm_campaign=paywall_gallery","https://www.paywallpro.app/apps/MyHeritage:-Family-Tree-&-DNA-us?id=754&utm_source=github&utm_medium=open_dataset&utm_campaign=paywall_gallery","2026-07-22"
"1237516490","TipRanks Stock Market Analysis","TipRanks Ltd.","Finance","17624","22","3.44.1","2025-09-08","4","0","10","No Free Trial - Soft Paywall","1 offer set across year","1","apps/tipranks-stock-market-analysis-1237516490.md","screenshots/tipranks-stock-market-analysis-1237516490/cover.webp","screenshots/tipranks-stock-market-analysis-1237516490/cover.webp","screenshots/tipranks-stock-market-analysis-1237516490/paywall-screen-2.webp|screenshots/tipranks-stock-market-analysis-1237516490/paywall-screen-3.webp","https://www.paywallpro.app/apps/TipRanks-Stock-Market-Analysis-us?id=457539&utm_source=github&utm_medium=open_dataset&utm_campaign=paywall_gallery","https://www.paywallpro.app/apps/TipRanks-Stock-Market-Analysis-us?id=457539&utm_source=github&utm_medium=open_dataset&utm_campaign=paywall_gallery","2026-07-22"
"794462227","Hole19: Golf GPS Range Finder","Stat Track Technologies Lda.","Sports","17606","196","6.21.2","2025-10-29","2","3","8","No Free Trial - Soft Paywall","1 offer set across month, half year, year","1","apps/hole19-golf-gps-range-finder-794462227.md","screenshots/hole19-golf-gps-range-finder-794462227/cover.webp","screenshots/hole19-golf-gps-range-finder-794462227/cover.webp","screenshots/hole19-golf-gps-range-finder-794462227/paywall-screen-2.webp|screenshots/hole19-golf-gps-range-finder-794462227/paywall-screen-3.webp","https://www.paywallpro.app/apps/Hole19:-Golf-GPS-Range-Finder-us?id=9528&utm_source=github&utm_medium=open_dataset&utm_campaign=paywall_gallery","https://www.paywallpro.app/apps/Hole19:-Golf-GPS-Range-Finder-us?id=9528&utm_source=github&utm_medium=open_dataset&utm_campaign=paywall_gallery","2026-07-22"
"6479605427","Workout Planner MuscleFit","Next Vision Limited","Health & Fitness","17575","200","1.0.40","2025-09-22","2","2","7","Free Trial - Soft Paywall","1 offer set across month, year","1","apps/workout-planner-musclefit-6479605427.md","screenshots/workout-planner-musclefit-6479605427/cover.webp","screenshots/workout-planner-musclefit-6479605427/cover.webp","screenshots/workout-planner-musclefit-6479605427/paywall-screen-2.webp|screenshots/workout-planner-musclefit-6479605427/paywall-screen-3.webp","https://www.paywallpro.app/apps/Workout-Planner-MuscleFit-us?id=1238375&utm_source=github&utm_medium=open_dataset&utm_campaign=paywall_gallery","https://www.paywallpro.app/apps/Workout-Planner-MuscleFit-us?id=1238375&utm_source=github&utm_medium=open_dataset&utm_campaign=paywall_gallery","2026-07-22"
"907366587","PhotoDirector: AI Photo Editor","CyberLink","Photo & Video","17546","195","20.5.2","2025-09-11","3","7","4","Free Trial - Soft Paywall","1 offer set across month, year","1","apps/photodirector-ai-photo-editor-907366587.md","screenshots/photodirector-ai-photo-editor-907366587/cover.webp","screenshots/photodirector-ai-photo-editor-907366587/cover.webp","screenshots/photodirector-ai-photo-editor-907366587/paywall-screen-2.webp|screenshots/photodirector-ai-photo-editor-907366587/paywall-screen-3.webp","https://www.paywallpro.app/apps/PhotoDirector:-AI-Photo-Editor-us?id=4845&utm_source=github&utm_medium=open_dataset&utm_campaign=paywall_gallery","https://www.paywallpro.app/apps/PhotoDirector:-AI-Photo-Editor-us?id=4845&utm_source=github&utm_medium=open_dataset&utm_campaign=paywall_gallery","2026-07-22"
"399922064","eFax® Plus-Pro-Protect","Consensus Cloud Solutions LLC","Business","17483","60","6.2.7","2025-11-10","1","3","0","No Free Trial - Soft Paywall","1 offer set across month","1","apps/efax-plus-pro-protect-399922064.md","screenshots/efax-plus-pro-protect-399922064/cover.webp","screenshots/efax-plus-pro-protect-399922064/cover.webp","screenshots/efax-plus-pro-protect-399922064/paywall-screen-2.webp|screenshots/efax-plus-pro-protect-399922064/paywall-screen-3.webp","https://www.paywallpro.app/apps/eFax%C2%AE-Plus-Pro-Protect-us?id=689869&utm_source=github&utm_medium=open_dataset&utm_campaign=paywall_gallery","https://www.paywallpro.app/apps/eFax%C2%AE-Plus-Pro-Protect-us?id=689869&utm_source=github&utm_medium=open_dataset&utm_campaign=paywall_gallery","2026-07-22"
"6462986894","Blood pressure-i Heart tracker","深圳市喜噜科技有限公司","Health & Fitness","17444","184","2.1.0","2025-06-13","2","6","4","Free Trial - Soft Paywall","1 offer set across week, month","1","apps/blood-pressure-i-heart-tracker-6462986894.md","screenshots/blood-pressure-i-heart-tracker-6462986894/cover.webp","screenshots/blood-pressure-i-heart-tracker-6462986894/cover.webp","screenshots/blood-pressure-i-heart-tracker-6462986894/paywall-screen-2.webp|screenshots/blood-pressure-i-heart-tracker-6462986894/paywall-screen-3.webp","https://www.paywallpro.app/apps/Blood-pressure-i-Heart-tracker-us?id=1428745&utm_source=github&utm_medium=open_dataset&utm_campaign=paywall_gallery","https://www.paywallpro.app/apps/Blood-pressure-i-Heart-tracker-us?id=1428745&utm_source=github&utm_medium=open_dataset&utm_campaign=paywall_gallery","2026-07-22"
"1558276033","SMS Virtual - Receive SMS","Tecrow LLP","Utilities","17404","0","3.5.2","2025-04-08","1","2","5","No Free Trial - Soft Paywall","1 offer set across one-time purchase","1","apps/sms-virtual-receive-sms-1558276033.md","screenshots/sms-virtual-receive-sms-1558276033/cover.webp","screenshots/sms-virtual-receive-sms-1558276033/cover.webp","screenshots/sms-virtual-receive-sms-1558276033/paywall-screen-2.webp|screenshots/sms-virtual-receive-sms-1558276033/paywall-screen-3.webp","https://www.paywallpro.app/apps/SMS-Virtual---Receive-SMS-us?id=2013560&utm_source=github&utm_medium=open_dataset&utm_campaign=paywall_gallery","https://www.paywallpro.app/apps/SMS-Virtual---Receive-SMS-us?id=2013560&utm_source=github&utm_medium=open_dataset&utm_campaign=paywall_gallery","2026-07-22"
"1147094379","WhatSticker - Sticker Maker","WHATSTICKER APPS SRL","Utilities","17392","149","9.9.6","2025-09-11","2","8","7","Free Trial - Soft Paywall","2 offer sets across week, year","2","apps/whatsticker-sticker-maker-1147094379.md","screenshots/whatsticker-sticker-maker-1147094379/cover.webp","screenshots/whatsticker-sticker-maker-1147094379/cover.webp","screenshots/whatsticker-sticker-maker-1147094379/paywall-weekly-5-99-3-99.webp|screenshots/whatsticker-sticker-maker-1147094379/paywall-screen-3.webp","https://www.paywallpro.app/apps/WhatSticker---Sticker-Maker-us?id=1950711&utm_source=github&utm_medium=open_dataset&utm_campaign=paywall_gallery","https://www.paywallpro.app/apps/WhatSticker---Sticker-Maker-us?id=1950711&utm_source=github&utm_medium=open_dataset&utm_campaign=paywall_gallery","2026-07-22"
"1261193709","LingoDeer - Learn Languages","LingoDeer Co, Ltd.","Education","17391","106","3.1.1","2025-11-04","2","4","5","No Free Trial - Soft Paywall","1 offer set across month, half year, year, one-time purchase","1","apps/lingodeer-learn-languages-1261193709.md","screenshots/lingodeer-learn-languages-1261193709/cover.webp","screenshots/lingodeer-learn-languages-1261193709/cover.webp","screenshots/lingodeer-learn-languages-1261193709/paywall-screen-2.webp|screenshots/lingodeer-learn-languages-1261193709/paywall-screen-3.webp","https://www.paywallpro.app/apps/LingoDeer---Learn-Languages-us?id=4834&utm_source=github&utm_medium=open_dataset&utm_campaign=paywall_gallery","https://www.paywallpro.app/apps/LingoDeer---Learn-Languages-us?id=4834&utm_source=github&utm_medium=open_dataset&utm_campaign=paywall_gallery","2026-07-22"
"6746596173","Glam App - AI Video Generator","Osmancan ALKAN","Photo & Video","17347","137","1.4","2025-06-20","1","8","0","No Free Trial - Soft Paywall","1 offer set across month, year","1","apps/glam-app-ai-video-generator-6746596173.md","screenshots/glam-app-ai-video-generator-6746596173/cover.webp","screenshots/glam-app-ai-video-generator-6746596173/cover.webp","screenshots/glam-app-ai-video-generator-6746596173/paywall-screen-2.webp|screenshots/glam-app-ai-video-generator-6746596173/paywall-screen-3.webp","https://www.paywallpro.app/apps/Glam-App---AI-Video-Generator-us?id=1955256&utm_source=github&utm_medium=open_dataset&utm_campaign=paywall_gallery","https://www.paywallpro.app/apps/Glam-App---AI-Video-Generator-us?id=1955256&utm_source=github&utm_medium=open_dataset&utm_campaign=paywall_gallery","2026-07-22"
"6740797755","Ease - Body & Mental Health","Sparksful","Lifestyle","17338","155","1.5","2025-02-28","1","2","6","Free Trial - Soft Paywall","2 offer sets across week, month, year","2","apps/ease-body-and-mental-health-6740797755.md","screenshots/ease-body-and-mental-health-6740797755/cover.webp","screenshots/ease-body-and-mental-health-6740797755/cover.webp","screenshots/ease-body-and-mental-health-6740797755/paywall-weekly-7-99.webp|screenshots/ease-body-and-mental-health-6740797755/paywall-screen-3.webp","https://www.paywallpro.app/apps/Ease---Body-&-Mental-Health-us?id=1949988&utm_source=github&utm_medium=open_dataset&utm_campaign=paywall_gallery","https://www.paywallpro.app/apps/Ease---Body-&-Mental-Health-us?id=1949988&utm_source=github&utm_medium=open_dataset&utm_campaign=paywall_gallery","2026-07-22"
"6463803046","Good Inside: Parenting","Good Inside","Education","17309","152","1.44.0","2025-10-14","3","13","0","No Free Trial - Hard Paywall","1 offer set across year, quarter","1","apps/good-inside-parenting-6463803046.md","screenshots/good-inside-parenting-6463803046/cover.webp","screenshots/good-inside-parenting-6463803046/cover.webp","screenshots/good-inside-parenting-6463803046/paywall-screen-2.webp|screenshots/good-inside-parenting-6463803046/paywall-screen-3.webp","https://www.paywallpro.app/apps/Good-Inside:-Parenting-us?id=528958&utm_source=github&utm_medium=open_dataset&utm_campaign=paywall_gallery","https://www.paywallpro.app/apps/Good-Inside:-Parenting-us?id=528958&utm_source=github&utm_medium=open_dataset&utm_campaign=paywall_gallery","2026-07-22"
"1049321283","Univision Now","Univision Communications Inc.","Entertainment","17254","183","13.4.12 (40)","2025-09-04","2","0","10","No Free Trial - Soft Paywall","1 offer set across month","1","apps/univision-now-1049321283.md","screenshots/univision-now-1049321283/cover.webp","screenshots/univision-now-1049321283/cover.webp","screenshots/univision-now-1049321283/paywall-screen-2.webp|screenshots/univision-now-1049321283/paywall-screen-3.webp","https://www.paywallpro.app/apps/Univision-Now-us?id=2446&utm_source=github&utm_medium=open_dataset&utm_campaign=paywall_gallery","https://www.paywallpro.app/apps/Univision-Now-us?id=2446&utm_source=github&utm_medium=open_dataset&utm_campaign=paywall_gallery","2026-07-22"
"547166701","百度网盘","Beijing Duyou Science and Technology Co.,Ltd.","Productivity","17233","143","13.0.0","2025-04-02","2","0","0","No Free Trial - Soft Paywall","3 offer sets across month, year, quarter","3","apps/-547166701.md","screenshots/-547166701/cover.webp","screenshots/-547166701/cover.webp","screenshots/-547166701/paywall-quarterly-10-49.webp|screenshots/-547166701/paywall-annual-17-99-34-99-41-99.webp","https://www.paywallpro.app/apps/%E7%99%BE%E5%BA%A6%E7%BD%91%E7%9B%98-us?id=34042&utm_source=github&utm_medium=open_dataset&utm_campaign=paywall_gallery","https://www.paywallpro.app/apps/%E7%99%BE%E5%BA%A6%E7%BD%91%E7%9B%98-us?id=34042&utm_source=github&utm_medium=open_dataset&utm_campaign=paywall_gallery","2026-07-22"
"1470100930","Ringtones: for iPhone","Ringtones LLC","Music","17224","97","2.9","2025-03-05","1","2","7","Free Trial - Soft Paywall","1 offer set across week, year","1","apps/ringtones-for-iphone-1470100930.md","screenshots/ringtones-for-iphone-1470100930/cover.webp","screenshots/ringtones-for-iphone-1470100930/cover.webp","screenshots/ringtones-for-iphone-1470100930/paywall-screen-2.webp|screenshots/ringtones-for-iphone-1470100930/paywall-screen-3.webp","https://www.paywallpro.app/apps/Ringtones:-for-iPhone-us?id=1949941&utm_source=github&utm_medium=open_dataset&utm_campaign=paywall_gallery","https://www.paywallpro.app/apps/Ringtones:-for-iPhone-us?id=1949941&utm_source=github&utm_medium=open_dataset&utm_campaign=paywall_gallery","2026-07-22"
"1438033563","CatholicMatch Dating App","Catholic Match","Social Networking","17131","113","3.1.4","2025-10-01","2","35","0","No Free Trial - Soft Paywall","1 offer set across month, half year, year","1","apps/catholicmatch-dating-app-1438033563.md","screenshots/catholicmatch-dating-app-1438033563/cover.webp","screenshots/catholicmatch-dating-app-1438033563/cover.webp","screenshots/catholicmatch-dating-app-1438033563/paywall-screen-2.webp|screenshots/catholicmatch-dating-app-1438033563/paywall-screen-3.webp","https://www.paywallpro.app/apps/CatholicMatch-Dating-App-us?id=739305&utm_source=github&utm_medium=open_dataset&utm_campaign=paywall_gallery","https://www.paywallpro.app/apps/CatholicMatch-Dating-App-us?id=739305&utm_source=github&utm_medium=open_dataset&utm_campaign=paywall_gallery","2026-07-22"
"1169487026","AMBOSS Medical Knowledge","AMBOSS","Medical","17109","19","2.27.0","2025-09-03","2","6","7","Free Trial - Soft Paywall","1 offer set across month","1","apps/amboss-medical-knowledge-1169487026.md","screenshots/amboss-medical-knowledge-1169487026/cover.webp","screenshots/amboss-medical-knowledge-1169487026/cover.webp","screenshots/amboss-medical-knowledge-1169487026/paywall-screen-2.webp|screenshots/amboss-medical-knowledge-1169487026/paywall-screen-3.webp","https://www.paywallpro.app/apps/AMBOSS-Medical-Knowledge-us?id=838712&utm_source=github&utm_medium=open_dataset&utm_campaign=paywall_gallery","https://www.paywallpro.app/apps/AMBOSS-Medical-Knowledge-us?id=838712&utm_source=github&utm_medium=open_dataset&utm_campaign=paywall_gallery","2026-07-22"
"1602635337","Smart Printer App - Air Print","Maple Labs Co., Ltd","Business","17104","0","4.8.16","2025-06-21","1","7","5","No Free Trial - Soft Paywall","2 offer sets across week, year, one-time purchase","2","apps/smart-printer-app-air-print-1602635337.md","screenshots/smart-printer-app-air-print-1602635337/cover.webp","screenshots/smart-printer-app-air-print-1602635337/cover.webp","screenshots/smart-printer-app-air-print-1602635337/paywall-weekly-9-99.webp|screenshots/smart-printer-app-air-print-1602635337/paywall-screen-3.webp","https://www.paywallpro.app/apps/Smart-Printer-App---Air-Print-us?id=1952316&utm_source=github&utm_medium=open_dataset&utm_campaign=paywall_gallery","https://www.paywallpro.app/apps/Smart-Printer-App---Air-Print-us?id=1952316&utm_source=github&utm_medium=open_dataset&utm_campaign=paywall_gallery","2026-07-22"
"6740195889","Pure Cleaner: Clean Storage","森 李","Utilities","17092","193","2.0.0","2025-08-07","2","7","5","Free Trial - Soft Paywall","2 offer sets across week, year","2","apps/pure-cleaner-clean-storage-6740195889.md","screenshots/pure-cleaner-clean-storage-6740195889/cover.webp","screenshots/pure-cleaner-clean-storage-6740195889/cover.webp","screenshots/pure-cleaner-clean-storage-6740195889/paywall-weekly-5-99.webp|screenshots/pure-cleaner-clean-storage-6740195889/paywall-screen-3.webp","https://www.paywallpro.app/apps/Pure-Cleaner:-Clean-Storage-us?id=1520532&utm_source=github&utm_medium=open_dataset&utm_campaign=paywall_gallery","https://www.paywallpro.app/apps/Pure-Cleaner:-Clean-Storage-us?id=1520532&utm_source=github&utm_medium=open_dataset&utm_campaign=paywall_gallery","2026-07-22"
"6473790677","Math Solver AI Homework Helper","Zenecom LLC","Education","17070","199","1.23.0","2025-03-21","2","6","0","Free Trial - Hard Paywall","1 offer set across month, year","1","apps/math-solver-ai-homework-helper-6473790677.md","screenshots/math-solver-ai-homework-helper-6473790677/cover.webp","screenshots/math-solver-ai-homework-helper-6473790677/cover.webp","screenshots/math-solver-ai-homework-helper-6473790677/paywall-screen-2.webp|screenshots/math-solver-ai-homework-helper-6473790677/paywall-screen-3.webp","https://www.paywallpro.app/apps/Math-Solver-AI-Homework-Helper-us?id=627106&utm_source=github&utm_medium=open_dataset&utm_campaign=paywall_gallery","https://www.paywallpro.app/apps/Math-Solver-AI-Homework-Helper-us?id=627106&utm_source=github&utm_medium=open_dataset&utm_campaign=paywall_gallery","2026-07-22"
"804913240","Rapchat: Music Maker Studio","Rapchat, Inc.","Music","17028","168","11.6.1","2025-05-19","1","15","5","Free Trial - Soft Paywall, No Free Trial - Soft Paywall","2 offer sets across month, year","2","apps/rapchat-music-maker-studio-804913240.md","screenshots/rapchat-music-maker-studio-804913240/cover.webp","screenshots/rapchat-music-maker-studio-804913240/cover.webp","screenshots/rapchat-music-maker-studio-804913240/paywall-monthly-19-99.webp|screenshots/rapchat-music-maker-studio-804913240/paywall-screen-3.webp","https://www.paywallpro.app/apps/Rapchat:-Music-Maker-Studio-us?id=1949935&utm_source=github&utm_medium=open_dataset&utm_campaign=paywall_gallery","https://www.paywallpro.app/apps/Rapchat:-Music-Maker-Studio-us?id=1949935&utm_source=github&utm_medium=open_dataset&utm_campaign=paywall_gallery","2026-07-22"
"6448704223","WingAI: Your AI Wingman","Ignition Dating LLC","Lifestyle","17019","176","2.0.7","2025-10-10","1","31","0","Free Trial - Hard Paywall","1 offer set across week, month","1","apps/wingai-your-ai-wingman-6448704223.md","screenshots/wingai-your-ai-wingman-6448704223/cover.webp","screenshots/wingai-your-ai-wingman-6448704223/cover.webp","screenshots/wingai-your-ai-wingman-6448704223/paywall-screen-2.webp|screenshots/wingai-your-ai-wingman-6448704223/paywall-screen-3.webp","https://www.paywallpro.app/apps/WingAI:-Your-AI-Wingman-us?id=1949979&utm_source=github&utm_medium=open_dataset&utm_campaign=paywall_gallery","https://www.paywallpro.app/apps/WingAI:-Your-AI-Wingman-us?id=1949979&utm_source=github&utm_medium=open_dataset&utm_campaign=paywall_gallery","2026-07-22"
"554260576","Business Insider: News & more","Insider, Inc.","News","16982","144","16.2.2","2025-08-27","1","0","5","No Free Trial - Soft Paywall","1 offer set across month, year","1","apps/business-insider-news-and-more-554260576.md","screenshots/business-insider-news-and-more-554260576/cover.webp","screenshots/business-insider-news-and-more-554260576/cover.webp","screenshots/business-insider-news-and-more-554260576/paywall-screen-2.webp|screenshots/business-insider-news-and-more-554260576/paywall-screen-3.webp","https://www.paywallpro.app/apps/Business-Insider:-News-&-more-us?id=1951411&utm_source=github&utm_medium=open_dataset&utm_campaign=paywall_gallery","https://www.paywallpro.app/apps/Business-Insider:-News-&-more-us?id=1951411&utm_source=github&utm_medium=open_dataset&utm_campaign=paywall_gallery","2026-07-22"
"6444559661","Ice Cream - Cooking for Kids","JMH Developers OU","Education","16962","190","1.0.10","2025-08-20","1","5","5","Free Trial - Soft Paywall","1 offer set across week, year","1","apps/ice-cream-cooking-for-kids-6444559661.md","screenshots/ice-cream-cooking-for-kids-6444559661/cover.webp","screenshots/ice-cream-cooking-for-kids-6444559661/cover.webp","screenshots/ice-cream-cooking-for-kids-6444559661/paywall-screen-2.webp|screenshots/ice-cream-cooking-for-kids-6444559661/paywall-screen-3.webp","https://www.paywallpro.app/apps/Ice-Cream---Cooking-for-Kids-us?id=1951450&utm_source=github&utm_medium=open_dataset&utm_campaign=paywall_gallery","https://www.paywallpro.app/apps/Ice-Cream---Cooking-for-Kids-us?id=1951450&utm_source=github&utm_medium=open_dataset&utm_campaign=paywall_gallery","2026-07-22"
"6464002625","ShortMax - Short Dramas & TV","SHORTTV LIMITED","Entertainment","16938","44","2.16.3","2026-02-14","6","0","10","No Free Trial - Soft Paywall, Currency Paywall","1 offer set across week, month, year","1","apps/shortmax-short-dramas-and-tv-6464002625.md","screenshots/shortmax-short-dramas-and-tv-6464002625/cover.webp","screenshots/shortmax-short-dramas-and-tv-6464002625/cover.webp","screenshots/shortmax-short-dramas-and-tv-6464002625/paywall-screen-2.webp|screenshots/shortmax-short-dramas-and-tv-6464002625/paywall-screen-3.webp","https://www.paywallpro.app/apps/ShortMax---Short-Dramas-&-TV-us?id=37&utm_source=github&utm_medium=open_dataset&utm_campaign=paywall_gallery","https://www.paywallpro.app/apps/ShortMax---Short-Dramas-&-TV-us?id=37&utm_source=github&utm_medium=open_dataset&utm_campaign=paywall_gallery","2026-07-22"
"749133753","Clime: NOAA Weather Radar Live","Mosaic S.r.l.","Weather","16932","13","5.13.63","2025-11-13","3","5","6","No Free Trial - Soft Paywall","1 offer set across week","1","apps/clime-noaa-weather-radar-live-749133753.md","screenshots/clime-noaa-weather-radar-live-749133753/cover.webp","screenshots/clime-noaa-weather-radar-live-749133753/cover.webp","screenshots/clime-noaa-weather-radar-live-749133753/paywall-screen-2.webp|screenshots/clime-noaa-weather-radar-live-749133753/paywall-screen-3.webp","https://www.paywallpro.app/apps/Clime:-NOAA-Weather-Radar-Live-us?id=147&utm_source=github&utm_medium=open_dataset&utm_campaign=paywall_gallery","https://www.paywallpro.app/apps/Clime:-NOAA-Weather-Radar-Live-us?id=147&utm_source=github&utm_medium=open_dataset&utm_campaign=paywall_gallery","2026-07-22"
"1663473665","Clario AntiSpy","CLARIO TECH FZCO","Lifestyle","16708","116","3.4.8","2025-10-24","2","17","3","No Free Trial - Soft Paywall","1 offer set across month, half year, quarter","1","apps/clario-antispy-1663473665.md","screenshots/clario-antispy-1663473665/cover.webp","screenshots/clario-antispy-1663473665/cover.webp","screenshots/clario-antispy-1663473665/paywall-screen-2.webp|screenshots/clario-antispy-1663473665/paywall-screen-3.webp","https://www.paywallpro.app/apps/Clario-AntiSpy-us?id=33102&utm_source=github&utm_medium=open_dataset&utm_campaign=paywall_gallery","https://www.paywallpro.app/apps/Clario-AntiSpy-us?id=33102&utm_source=github&utm_medium=open_dataset&utm_campaign=paywall_gallery","2026-07-22"
"1194023242","Daylio Journal - Mood Tracker","Relaxio s.r.o.","Lifestyle","16656","155","1.64.1","2025-01-02","1","8","0","Free Trial - Soft Paywall","2 offer sets across month, year, one-time purchase","2","apps/daylio-journal-mood-tracker-1194023242.md","screenshots/daylio-journal-mood-tracker-1194023242/cover.webp","screenshots/daylio-journal-mood-tracker-1194023242/cover.webp","screenshots/daylio-journal-mood-tracker-1194023242/paywall-monthly-4-99.webp|screenshots/daylio-journal-mood-tracker-1194023242/paywall-screen-3.webp","https://www.paywallpro.app/apps/Daylio-Journal---Mood-Tracker-us?id=1255741&utm_source=github&utm_medium=open_dataset&utm_campaign=paywall_gallery","https://www.paywallpro.app/apps/Daylio-Journal---Mood-Tracker-us?id=1255741&utm_source=github&utm_medium=open_dataset&utm_campaign=paywall_gallery","2026-07-22"
"1586113521","Car games for toddler and kids","JMH Developers OU","Education","16654","0","1.4.8","2025-09-02","1","6","5","Free Trial - Soft Paywall","1 offer set across week, year","1","apps/car-games-for-toddler-and-kids-1586113521.md","screenshots/car-games-for-toddler-and-kids-1586113521/cover.webp","screenshots/car-games-for-toddler-and-kids-1586113521/cover.webp","screenshots/car-games-for-toddler-and-kids-1586113521/paywall-screen-2.webp|screenshots/car-games-for-toddler-and-kids-1586113521/paywall-screen-3.webp","https://www.paywallpro.app/apps/Car-games-for-toddler-and-kids-us?id=1951915&utm_source=github&utm_medium=open_dataset&utm_campaign=paywall_gallery","https://www.paywallpro.app/apps/Car-games-for-toddler-and-kids-us?id=1951915&utm_source=github&utm_medium=open_dataset&utm_campaign=paywall_gallery","2026-07-22"
"6444398254","Kids Coloring. Drawing Games","Bimi Boo Kids Learning Games for Toddlers FZ LLC","Education","16582","0","1.63","2025-09-03","1","9","4","Free Trial - Soft Paywall","2 offer sets across month, year","2","apps/kids-coloring-drawing-games-6444398254.md","screenshots/kids-coloring-drawing-games-6444398254/cover.webp","screenshots/kids-coloring-drawing-games-6444398254/cover.webp","screenshots/kids-coloring-drawing-games-6444398254/paywall-monthly-4-99.webp|screenshots/kids-coloring-drawing-games-6444398254/paywall-screen-3.webp","https://www.paywallpro.app/apps/Kids-Coloring.-Drawing-Games-us?id=1951430&utm_source=github&utm_medium=open_dataset&utm_campaign=paywall_gallery","https://www.paywallpro.app/apps/Kids-Coloring.-Drawing-Games-us?id=1951430&utm_source=github&utm_medium=open_dataset&utm_campaign=paywall_gallery","2026-07-22"
"6504555661","TouchShort-TV","Sheng Rui Culture","Entertainment","16503","197","2.3.7","2025-10-17","2","0","8","No Free Trial - Soft Paywall, Currency Paywall","1 offer set across week, year","1","apps/touchshort-tv-6504555661.md","screenshots/touchshort-tv-6504555661/cover.webp","screenshots/touchshort-tv-6504555661/cover.webp","screenshots/touchshort-tv-6504555661/paywall-currency-paywall.webp|screenshots/touchshort-tv-6504555661/paywall-screen-3.webp","https://www.paywallpro.app/apps/TouchShort-TV-us?id=1066667&utm_source=github&utm_medium=open_dataset&utm_campaign=paywall_gallery","https://www.paywallpro.app/apps/TouchShort-TV-us?id=1066667&utm_source=github&utm_medium=open_dataset&utm_campaign=paywall_gallery","2026-07-22"
"6473621954","Photo Math: AI Homework Helper","Anton Vasyliev","Education","16418","172","1.4.0","2025-05-13","1","7","0","Free Trial - Soft Paywall","1 offer set across week, quarter","1","apps/photo-math-ai-homework-helper-6473621954.md","screenshots/photo-math-ai-homework-helper-6473621954/cover.webp","screenshots/photo-math-ai-homework-helper-6473621954/cover.webp","screenshots/photo-math-ai-homework-helper-6473621954/paywall-screen-2.webp|screenshots/photo-math-ai-homework-helper-6473621954/paywall-screen-3.webp","https://www.paywallpro.app/apps/Photo-Math:-AI-Homework-Helper-us?id=1951969&utm_source=github&utm_medium=open_dataset&utm_campaign=paywall_gallery","https://www.paywallpro.app/apps/Photo-Math:-AI-Homework-Helper-us?id=1951969&utm_source=github&utm_medium=open_dataset&utm_campaign=paywall_gallery","2026-07-22"
"6462593274","iHeart-Pulse Rate Monitor App.","kkheartmail@proton.me","Health & Fitness","16340","107","2.2.6","2025-02-22","3","4","0","No Free Trial - Soft Paywall","1 offer set across week, year","1","apps/iheart-pulse-rate-monitor-app-6462593274.md","screenshots/iheart-pulse-rate-monitor-app-6462593274/cover.webp","screenshots/iheart-pulse-rate-monitor-app-6462593274/cover.webp","screenshots/iheart-pulse-rate-monitor-app-6462593274/paywall-screen-2.webp|screenshots/iheart-pulse-rate-monitor-app-6462593274/paywall-screen-3.webp","https://www.paywallpro.app/apps/iHeart-Pulse-Rate-Monitor-App.-us?id=865935&utm_source=github&utm_medium=open_dataset&utm_campaign=paywall_gallery","https://www.paywallpro.app/apps/iHeart-Pulse-Rate-Monitor-App.-us?id=865935&utm_source=github&utm_medium=open_dataset&utm_campaign=paywall_gallery","2026-07-22"
"6467655857","Check Heart Rate Now","Epiphany Digital Ltd.","Health & Fitness","16315","150","3.20","2025-10-13","4","11","3","Free Trial - Soft Paywall","2 offer sets across week","2","apps/check-heart-rate-now-6467655857.md","screenshots/check-heart-rate-now-6467655857/cover.webp","screenshots/check-heart-rate-now-6467655857/cover.webp","screenshots/check-heart-rate-now-6467655857/paywall-weekly-4-99.webp|screenshots/check-heart-rate-now-6467655857/paywall-screen-3.webp","https://www.paywallpro.app/apps/Check-Heart-Rate-Now-us?id=557&utm_source=github&utm_medium=open_dataset&utm_campaign=paywall_gallery","https://www.paywallpro.app/apps/Check-Heart-Rate-Now-us?id=557&utm_source=github&utm_medium=open_dataset&utm_campaign=paywall_gallery","2026-07-29"
"904023476","Detroit Free Press: Freep","Gannett","News","16212","136","8.5.4","2025-09-30","1","6","6","No Free Trial - Soft Paywall","1 offer set across month","1","apps/detroit-free-press-freep-904023476.md","screenshots/detroit-free-press-freep-904023476/cover.webp","screenshots/detroit-free-press-freep-904023476/cover.webp","screenshots/detroit-free-press-freep-904023476/paywall-screen-2.webp|screenshots/detroit-free-press-freep-904023476/paywall-screen-3.webp","https://www.paywallpro.app/apps/Detroit-Free-Press:-Freep-us?id=1950697&utm_source=github&utm_medium=open_dataset&utm_campaign=paywall_gallery","https://www.paywallpro.app/apps/Detroit-Free-Press:-Freep-us?id=1950697&utm_source=github&utm_medium=open_dataset&utm_campaign=paywall_gallery","2026-07-29"
"6740606447","SnapAI: Scan Anything","亚飞 陕","Utilities","16203","112","3.3","2025-08-06","1","0","6","Free Trial - Soft Paywall","1 offer set across week, month","1","apps/snapai-scan-anything-6740606447.md","screenshots/snapai-scan-anything-6740606447/cover.webp","screenshots/snapai-scan-anything-6740606447/cover.webp","screenshots/snapai-scan-anything-6740606447/paywall-screen-2.webp|screenshots/snapai-scan-anything-6740606447/paywall-screen-3.webp","https://www.paywallpro.app/apps/SnapAI:-Scan-Anything-us?id=2227216&utm_source=github&utm_medium=open_dataset&utm_campaign=paywall_gallery","https://www.paywallpro.app/apps/SnapAI:-Scan-Anything-us?id=2227216&utm_source=github&utm_medium=open_dataset&utm_campaign=paywall_gallery","2026-07-29"
"977559373","Nixplay","nixplay","Photo & Video","16197","154","3.71.3","2026-01-22","3","0","12","Free Trial - Soft Paywall","2 offer sets across year","2","apps/nixplay-977559373.md","screenshots/nixplay-977559373/cover.webp","screenshots/nixplay-977559373/cover.webp","screenshots/nixplay-977559373/paywall-annual-29-99.webp|screenshots/nixplay-977559373/paywall-screen-3.webp","https://www.paywallpro.app/apps/Nixplay-us?id=196952&utm_source=github&utm_medium=open_dataset&utm_campaign=paywall_gallery","https://www.paywallpro.app/apps/Nixplay-us?id=196952&utm_source=github&utm_medium=open_dataset&utm_campaign=paywall_gallery","2026-07-29"
"496889629","FamilyWall: Family Organizer","Family & Co","Productivity","16189","181","11.6.2","2025-06-18","1","7","5","Free Trial - Soft Paywall","1 offer set across month, year","1","apps/familywall-family-organizer-496889629.md","screenshots/familywall-family-organizer-496889629/cover.webp","screenshots/familywall-family-organizer-496889629/cover.webp","screenshots/familywall-family-organizer-496889629/paywall-screen-2.webp|screenshots/familywall-family-organizer-496889629/paywall-screen-3.webp","https://www.paywallpro.app/apps/FamilyWall:-Family-Organizer-us?id=1951977&utm_source=github&utm_medium=open_dataset&utm_campaign=paywall_gallery","https://www.paywallpro.app/apps/FamilyWall:-Family-Organizer-us?id=1951977&utm_source=github&utm_medium=open_dataset&utm_campaign=paywall_gallery","2026-07-29"
"6470302849","Second Phone Number, 2nd Line","Municorn Limited","Utilities","16168","188","2.3.1","2024-11-28","1","3","0","No Free Trial - Soft Paywall","1 offer set across week","1","apps/second-phone-number-2nd-line-6470302849.md","screenshots/second-phone-number-2nd-line-6470302849/cover.webp","screenshots/second-phone-number-2nd-line-6470302849/cover.webp","screenshots/second-phone-number-2nd-line-6470302849/paywall-screen-2.webp|screenshots/second-phone-number-2nd-line-6470302849/paywall-screen-3.webp","https://www.paywallpro.app/apps/Second-Phone-Number%2C-2nd-Line-us?id=698863&utm_source=github&utm_medium=open_dataset&utm_campaign=paywall_gallery","https://www.paywallpro.app/apps/Second-Phone-Number%2C-2nd-Line-us?id=698863&utm_source=github&utm_medium=open_dataset&utm_campaign=paywall_gallery","2026-07-29"
"1527399597","PlantIn: Plant Identifier・Care","Vortemol Limited","Education","16108","81","5.46.0","2026-03-18","7","10","7","Free Trial - Soft Paywall, No Free Trial - Soft Paywall","3 offer sets across week, year, one-time purchase","3","apps/plantin-plant-identifier-care-1527399597.md","screenshots/plantin-plant-identifier-care-1527399597/cover.webp","screenshots/plantin-plant-identifier-care-1527399597/cover.webp","screenshots/plantin-plant-identifier-care-1527399597/paywall-one-time-purchase-19-99.webp|screenshots/plantin-plant-identifier-care-1527399597/paywall-annual-29-99.webp","https://www.paywallpro.app/apps/PlantIn:-Plant-Identifier%E3%83%BBCare-us?id=155&utm_source=github&utm_medium=open_dataset&utm_campaign=paywall_gallery","https://www.paywallpro.app/apps/PlantIn:-Plant-Identifier%E3%83%BBCare-us?id=155&utm_source=github&utm_medium=open_dataset&utm_campaign=paywall_gallery","2026-07-29"
"1325756279","Prequel: Photo & Video Editor","Prequel Inc.","Photo & Video","16082","66","2.92","2026-03-27","5","27","8","Free Trial - Soft Paywall, No Free Trial - Soft Paywall","2 offer sets across week, year","2","apps/prequel-photo-and-video-editor-1325756279.md","screenshots/prequel-photo-and-video-editor-1325756279/cover.webp","screenshots/prequel-photo-and-video-editor-1325756279/cover.webp","screenshots/prequel-photo-and-video-editor-1325756279/paywall-annual-14-99.webp|screenshots/prequel-photo-and-video-editor-1325756279/paywall-screen-3.webp","https://www.paywallpro.app/apps/Prequel:-Photo-&-Video-Editor-us?id=277&utm_source=github&utm_medium=open_dataset&utm_campaign=paywall_gallery","https://www.paywallpro.app/apps/Prequel:-Photo-&-Video-Editor-us?id=277&utm_source=github&utm_medium=open_dataset&utm_campaign=paywall_gallery","2026-07-29"
"1318671922","Hungry Caterpillar Play School","StoryToys Limited","Education","15998","0","18.0.0","2025-12-04","2","0","12","Free Trial - Soft Paywall","1 offer set across month, year","1","apps/hungry-caterpillar-play-school-1318671922.md","screenshots/hungry-caterpillar-play-school-1318671922/cover.webp","screenshots/hungry-caterpillar-play-school-1318671922/cover.webp","screenshots/hungry-caterpillar-play-school-1318671922/paywall-screen-2.webp|screenshots/hungry-caterpillar-play-school-1318671922/paywall-screen-3.webp","https://www.paywallpro.app/apps/Hungry-Caterpillar-Play-School-us?id=1951424&utm_source=github&utm_medium=open_dataset&utm_campaign=paywall_gallery","https://www.paywallpro.app/apps/Hungry-Caterpillar-Play-School-us?id=1951424&utm_source=github&utm_medium=open_dataset&utm_campaign=paywall_gallery","2026-07-29"
"914825567","Parental Control App - Kidslox","Kidslox Trading Ltd","Lifestyle","15997","192","10.8.1","2025-10-25","2","14","0","No Free Trial - Soft Paywall","3 offer sets across week, month, year","3","apps/parental-control-app-kidslox-914825567.md","screenshots/parental-control-app-kidslox-914825567/cover.webp","screenshots/parental-control-app-kidslox-914825567/cover.webp","screenshots/parental-control-app-kidslox-914825567/paywall-weekly-0-77-1-23.webp|screenshots/parental-control-app-kidslox-914825567/paywall-weekly-1-23.webp","https://www.paywallpro.app/apps/Parental-Control-App---Kidslox-us?id=1978914&utm_source=github&utm_medium=open_dataset&utm_campaign=paywall_gallery","https://www.paywallpro.app/apps/Parental-Control-App---Kidslox-us?id=1978914&utm_source=github&utm_medium=open_dataset&utm_campaign=paywall_gallery","2026-07-29"
"6474010687","Remote for Samsung TV Smart","Controlla TV LTD.","Utilities","15990","147","1.0.31","2025-08-20","1","14","4","Free Trial - Soft Paywall","2 offer sets across week, year, one-time purchase","2","apps/remote-for-samsung-tv-smart-6474010687.md","screenshots/remote-for-samsung-tv-smart-6474010687/cover.webp","screenshots/remote-for-samsung-tv-smart-6474010687/cover.webp","screenshots/remote-for-samsung-tv-smart-6474010687/paywall-weekly-9-99.webp|screenshots/remote-for-samsung-tv-smart-6474010687/paywall-screen-3.webp","https://www.paywallpro.app/apps/Remote-for-Samsung-TV-Smart-us?id=2070500&utm_source=github&utm_medium=open_dataset&utm_campaign=paywall_gallery","https://www.paywallpro.app/apps/Remote-for-Samsung-TV-Smart-us?id=2070500&utm_source=github&utm_medium=open_dataset&utm_campaign=paywall_gallery","2026-07-29"
"949737354","Hello Kitty Nail Salon","Budge Studios","Entertainment","15933","187","2025.2.0","2025-06-17","1","7","2","No Free Trial - Soft Paywall","1 offer set across month","1","apps/hello-kitty-nail-salon-949737354.md","screenshots/hello-kitty-nail-salon-949737354/cover.webp","screenshots/hello-kitty-nail-salon-949737354/cover.webp","screenshots/hello-kitty-nail-salon-949737354/paywall-screen-2.webp|screenshots/hello-kitty-nail-salon-949737354/paywall-screen-3.webp","https://www.paywallpro.app/apps/Hello-Kitty-Nail-Salon-us?id=1950706&utm_source=github&utm_medium=open_dataset&utm_campaign=paywall_gallery","https://www.paywallpro.app/apps/Hello-Kitty-Nail-Salon-us?id=1950706&utm_source=github&utm_medium=open_dataset&utm_campaign=paywall_gallery","2026-07-29"
"6590635174","SpyGuard VPN Pro","NEW SOL, SRL","Productivity","15922","109","1.1","2024-08-15","1","5","0","No Free Trial - Soft Paywall","2 offer sets across month","2","apps/spyguard-vpn-pro-6590635174.md","screenshots/spyguard-vpn-pro-6590635174/cover.webp","screenshots/spyguard-vpn-pro-6590635174/cover.webp","screenshots/spyguard-vpn-pro-6590635174/paywall-monthly-14-99.webp|screenshots/spyguard-vpn-pro-6590635174/paywall-screen-3.webp","https://www.paywallpro.app/apps/SpyGuard-VPN-Pro-us?id=861422&utm_source=github&utm_medium=open_dataset&utm_campaign=paywall_gallery","https://www.paywallpro.app/apps/SpyGuard-VPN-Pro-us?id=861422&utm_source=github&utm_medium=open_dataset&utm_campaign=paywall_gallery","2026-07-29"
"6452017015","Banger: AI Music Generator","42 Digital","Music","15904","164","9.1","2025-12-11","5","5","7","No Free Trial - Soft Paywall, Currency Paywall","1 offer set across week, year","1","apps/banger-ai-music-generator-6452017015.md","screenshots/banger-ai-music-generator-6452017015/cover.webp","screenshots/banger-ai-music-generator-6452017015/cover.webp","screenshots/banger-ai-music-generator-6452017015/paywall-currency-paywall.webp|screenshots/banger-ai-music-generator-6452017015/paywall-screen-3.webp","https://www.paywallpro.app/apps/Banger:-AI-Music-Generator-us?id=610&utm_source=github&utm_medium=open_dataset&utm_campaign=paywall_gallery","https://www.paywallpro.app/apps/Banger:-AI-Music-Generator-us?id=610&utm_source=github&utm_medium=open_dataset&utm_campaign=paywall_gallery","2026-07-29"
"6740904053","Location Tracker: Find Family","Location Tracker","Social Networking","15729","198","1.24","2025-06-27","1","5","0","No Free Trial - Soft Paywall","1 offer set across week, year, quarter","1","apps/location-tracker-find-family-6740904053.md","screenshots/location-tracker-find-family-6740904053/cover.webp","screenshots/location-tracker-find-family-6740904053/cover.webp","screenshots/location-tracker-find-family-6740904053/paywall-screen-2.webp|screenshots/location-tracker-find-family-6740904053/paywall-screen-3.webp","https://www.paywallpro.app/apps/Location-Tracker:-Find-Family-us?id=1720130&utm_source=github&utm_medium=open_dataset&utm_campaign=paywall_gallery","https://www.paywallpro.app/apps/Location-Tracker:-Find-Family-us?id=1720130&utm_source=github&utm_medium=open_dataset&utm_campaign=paywall_gallery","2026-07-29"
"6755904405","Pixi Ai：Photo Magic&Ai Video","INSTANOVA INNOVATION TECHNOLOGY LIMITED","Photo & Video","15710","0","1.2.4","2026-02-03","1","4","6","No Free Trial - Soft Paywall","2 offer sets across week, year","2","apps/pixi-ai-photo-magic-and-ai-video-6755904405.md","screenshots/pixi-ai-photo-magic-and-ai-video-6755904405/cover.webp","screenshots/pixi-ai-photo-magic-and-ai-video-6755904405/cover.webp","screenshots/pixi-ai-photo-magic-and-ai-video-6755904405/paywall-weekly-7-99.webp|screenshots/pixi-ai-photo-magic-and-ai-video-6755904405/paywall-screen-3.webp","https://www.paywallpro.app/apps/Pixi-Ai%EF%BC%9APhoto-Magic&Ai-Video-us?id=2854663&utm_source=github&utm_medium=open_dataset&utm_campaign=paywall_gallery","https://www.paywallpro.app/apps/Pixi-Ai%EF%BC%9APhoto-Magic&Ai-Video-us?id=2854663&utm_source=github&utm_medium=open_dataset&utm_campaign=paywall_gallery","2026-07-29"
"6476081894","Emochi: Unlimited Chat with AI","FlowGPT Co.","Entertainment","15708","99","1.10.7","2026-01-19","4","3","8","No Free Trial - Soft Paywall","1 offer set across month, year, quarter","1","apps/emochi-unlimited-chat-with-ai-6476081894.md","screenshots/emochi-unlimited-chat-with-ai-6476081894/cover.webp","screenshots/emochi-unlimited-chat-with-ai-6476081894/cover.webp","screenshots/emochi-unlimited-chat-with-ai-6476081894/paywall-screen-2.webp|screenshots/emochi-unlimited-chat-with-ai-6476081894/paywall-screen-3.webp","https://www.paywallpro.app/apps/Emochi:-Unlimited-Chat-with-AI-us?id=1988711&utm_source=github&utm_medium=open_dataset&utm_campaign=paywall_gallery","https://www.paywallpro.app/apps/Emochi:-Unlimited-Chat-with-AI-us?id=1988711&utm_source=github&utm_medium=open_dataset&utm_campaign=paywall_gallery","2026-07-29"
"1561027917","Market Movers","Sports Card Investor, LLC","Sports","15579","196","4.2.0","2025-06-14","1","4","0","No Free Trial - Soft Paywall","1 offer set across month, year","1","apps/market-movers-1561027917.md","screenshots/market-movers-1561027917/cover.webp","screenshots/market-movers-1561027917/cover.webp","screenshots/market-movers-1561027917/paywall-screen-2.webp|screenshots/market-movers-1561027917/paywall-screen-3.webp","https://www.paywallpro.app/apps/Market-Movers-us?id=1949521&utm_source=github&utm_medium=open_dataset&utm_campaign=paywall_gallery","https://www.paywallpro.app/apps/Market-Movers-us?id=1949521&utm_source=github&utm_medium=open_dataset&utm_campaign=paywall_gallery","2026-07-29"
"6737295005","AI Video Generator-VideoMax","COREMAX AI PTE. LTD.","Photo & Video","15497","200","2.0.3","2025-05-29","1","4","5","No Free Trial - Soft Paywall","2 offer sets across week, month, year","2","apps/ai-video-generator-videomax-6737295005.md","screenshots/ai-video-generator-videomax-6737295005/cover.webp","screenshots/ai-video-generator-videomax-6737295005/cover.webp","screenshots/ai-video-generator-videomax-6737295005/paywall-weekly-8-99.webp|screenshots/ai-video-generator-videomax-6737295005/paywall-screen-3.webp","https://www.paywallpro.app/apps/AI-Video-Generator-VideoMax-us?id=1951448&utm_source=github&utm_medium=open_dataset&utm_campaign=paywall_gallery","https://www.paywallpro.app/apps/AI-Video-Generator-VideoMax-us?id=1951448&utm_source=github&utm_medium=open_dataset&utm_campaign=paywall_gallery","2026-07-29"
"6749560333","AI Defender - Phone Cleaner","AIBobile","Utilities","15469","0","1.0.7","2025-11-21","1","5","6","No Free Trial - Soft Paywall","1 offer set across week","1","apps/ai-defender-phone-cleaner-6749560333.md","screenshots/ai-defender-phone-cleaner-6749560333/cover.webp","screenshots/ai-defender-phone-cleaner-6749560333/cover.webp","screenshots/ai-defender-phone-cleaner-6749560333/paywall-screen-2.webp|screenshots/ai-defender-phone-cleaner-6749560333/paywall-screen-3.webp","https://www.paywallpro.app/apps/AI-Defender---Phone-Cleaner-us?id=2548364&utm_source=github&utm_medium=open_dataset&utm_campaign=paywall_gallery","https://www.paywallpro.app/apps/AI-Defender---Phone-Cleaner-us?id=2548364&utm_source=github&utm_medium=open_dataset&utm_campaign=paywall_gallery","2026-07-29"
"6446992925","AI Chatbot with Сhat - Chatrun","Faliane Ltd.","Productivity","15435","191","1.45","2025-05-27","2","6","0","Free Trial - Soft Paywall","1 offer set across week, year","1","apps/ai-chatbot-with-hat-chatrun-6446992925.md","screenshots/ai-chatbot-with-hat-chatrun-6446992925/cover.webp","screenshots/ai-chatbot-with-hat-chatrun-6446992925/cover.webp","screenshots/ai-chatbot-with-hat-chatrun-6446992925/paywall-screen-2.webp|screenshots/ai-chatbot-with-hat-chatrun-6446992925/paywall-screen-3.webp","https://www.paywallpro.app/apps/AI-Chatbot-with-%D0%A1hat---Chatrun-us?id=310&utm_source=github&utm_medium=open_dataset&utm_campaign=paywall_gallery","https://www.paywallpro.app/apps/AI-Chatbot-with-%D0%A1hat---Chatrun-us?id=310&utm_source=github&utm_medium=open_dataset&utm_campaign=paywall_gallery","2026-07-29"
"1487048203","rekordbox - DJ App & DJ Mixer","AlphaTheta Corporation","Music","15409","192","4.4.4","2025-05-08","1","10","0","Free Trial - Soft Paywall","1 offer set across week, month, year","1","apps/rekordbox-dj-app-and-dj-mixer-1487048203.md","screenshots/rekordbox-dj-app-and-dj-mixer-1487048203/cover.webp","screenshots/rekordbox-dj-app-and-dj-mixer-1487048203/cover.webp","screenshots/rekordbox-dj-app-and-dj-mixer-1487048203/paywall-screen-2.webp|screenshots/rekordbox-dj-app-and-dj-mixer-1487048203/paywall-screen-3.webp","https://www.paywallpro.app/apps/rekordbox---DJ-App-&-DJ-Mixer-us?id=1950020&utm_source=github&utm_medium=open_dataset&utm_campaign=paywall_gallery","https://www.paywallpro.app/apps/rekordbox---DJ-App-&-DJ-Mixer-us?id=1950020&utm_source=github&utm_medium=open_dataset&utm_campaign=paywall_gallery","2026-07-29"
"326574411","Baby Connect: Newborn Tracker","Seacloud Software LLC","Medical","15361","200","12.15","2025-10-21","2","4","11","No Free Trial - Soft Paywall","1 offer set across month, half year, year","1","apps/baby-connect-newborn-tracker-326574411.md","screenshots/baby-connect-newborn-tracker-326574411/cover.webp","screenshots/baby-connect-newborn-tracker-326574411/cover.webp","screenshots/baby-connect-newborn-tracker-326574411/paywall-screen-2.webp|screenshots/baby-connect-newborn-tracker-326574411/paywall-screen-3.webp","https://www.paywallpro.app/apps/Baby-Connect:-Newborn-Tracker-us?id=921354&utm_source=github&utm_medium=open_dataset&utm_campaign=paywall_gallery","https://www.paywallpro.app/apps/Baby-Connect:-Newborn-Tracker-us?id=921354&utm_source=github&utm_medium=open_dataset&utm_campaign=paywall_gallery","2026-07-29"
"1457411537","Resume Builder Pro with AI","Uncaught Exception Inc","Business","15327","0","4.5.6","2025-10-17","1","0","13","Free Trial - Soft Paywall","1 offer set across week, month, quarter","1","apps/resume-builder-pro-with-ai-1457411537.md","screenshots/resume-builder-pro-with-ai-1457411537/cover.webp","screenshots/resume-builder-pro-with-ai-1457411537/cover.webp","screenshots/resume-builder-pro-with-ai-1457411537/paywall-screen-2.webp|screenshots/resume-builder-pro-with-ai-1457411537/paywall-screen-3.webp","https://www.paywallpro.app/apps/Resume-Builder-Pro-with-AI-us?id=1952320&utm_source=github&utm_medium=open_dataset&utm_campaign=paywall_gallery","https://www.paywallpro.app/apps/Resume-Builder-Pro-with-AI-us?id=1952320&utm_source=github&utm_medium=open_dataset&utm_campaign=paywall_gallery","2026-07-29"
"6733226170","AI Song Generator - Jukebox","TWOWISE","Music","15315","160","2.0.3","2025-09-20","1","4","6","No Free Trial - Soft Paywall","1 offer set across week, month","1","apps/ai-song-generator-jukebox-6733226170.md","screenshots/ai-song-generator-jukebox-6733226170/cover.webp","screenshots/ai-song-generator-jukebox-6733226170/cover.webp","screenshots/ai-song-generator-jukebox-6733226170/paywall-screen-2.webp|screenshots/ai-song-generator-jukebox-6733226170/paywall-screen-3.webp","https://www.paywallpro.app/apps/AI-Song-Generator---Jukebox-us?id=1950053&utm_source=github&utm_medium=open_dataset&utm_campaign=paywall_gallery","https://www.paywallpro.app/apps/AI-Song-Generator---Jukebox-us?id=1950053&utm_source=github&utm_medium=open_dataset&utm_campaign=paywall_gallery","2026-07-29"
"1530907314","Thinkrolls: Fun Kids Games 2-8","AVOKIDDO","Education","15305","0","5.5","2025-12-04","2","7","2","Free Trial - Soft Paywall","1 offer set across month, year","1","apps/thinkrolls-fun-kids-games-2-8-1530907314.md","screenshots/thinkrolls-fun-kids-games-2-8-1530907314/cover.webp","screenshots/thinkrolls-fun-kids-games-2-8-1530907314/cover.webp","screenshots/thinkrolls-fun-kids-games-2-8-1530907314/paywall-screen-2.webp|screenshots/thinkrolls-fun-kids-games-2-8-1530907314/paywall-screen-3.webp","https://www.paywallpro.app/apps/Thinkrolls:-Fun-Kids-Games-2-8-us?id=1951935&utm_source=github&utm_medium=open_dataset&utm_campaign=paywall_gallery","https://www.paywallpro.app/apps/Thinkrolls:-Fun-Kids-Games-2-8-us?id=1951935&utm_source=github&utm_medium=open_dataset&utm_campaign=paywall_gallery","2026-07-29"
"498127541","PicPlayPost: Video Editor","Mixcord Inc.","Photo & Video","15275","141","9.12","2025-11-18","1","0","5","Free Trial - Soft Paywall","1 offer set across month, year, one-time purchase","1","apps/picplaypost-video-editor-498127541.md","screenshots/picplaypost-video-editor-498127541/cover.webp","screenshots/picplaypost-video-editor-498127541/cover.webp","screenshots/picplaypost-video-editor-498127541/paywall-screen-2.webp|screenshots/picplaypost-video-editor-498127541/paywall-screen-3.webp","https://www.paywallpro.app/apps/PicPlayPost:-Video-Editor-us?id=29344&utm_source=github&utm_medium=open_dataset&utm_campaign=paywall_gallery","https://www.paywallpro.app/apps/PicPlayPost:-Video-Editor-us?id=29344&utm_source=github&utm_medium=open_dataset&utm_campaign=paywall_gallery","2026-07-29"
"6738591269","ATI TEAS EXAM PREP 2026 - 2027","Prepia Inc","Education","15242","0","1.9.008","2025-10-02","1","18","5","No Free Trial - Soft Paywall","1 offer set across week, month, quarter","1","apps/ati-teas-exam-prep-2026-2027-6738591269.md","screenshots/ati-teas-exam-prep-2026-2027-6738591269/cover.webp","screenshots/ati-teas-exam-prep-2026-2027-6738591269/cover.webp","screenshots/ati-teas-exam-prep-2026-2027-6738591269/paywall-screen-2.webp|screenshots/ati-teas-exam-prep-2026-2027-6738591269/paywall-screen-3.webp","https://www.paywallpro.app/apps/ATI-TEAS-EXAM-PREP-2026---2027-us?id=2200835&utm_source=github&utm_medium=open_dataset&utm_campaign=paywall_gallery","https://www.paywallpro.app/apps/ATI-TEAS-EXAM-PREP-2026---2027-us?id=2200835&utm_source=github&utm_medium=open_dataset&utm_campaign=paywall_gallery","2026-07-29"
"6744824597","Version AI: AI Photo Creator","Apptribe Dijital Hizmetler Limited Sirketi","Photo & Video","15162","193","1.3.6","2025-12-12","1","5","5","No Free Trial - Soft Paywall","1 offer set across week, year","1","apps/version-ai-ai-photo-creator-6744824597.md","screenshots/version-ai-ai-photo-creator-6744824597/cover.webp","screenshots/version-ai-ai-photo-creator-6744824597/cover.webp","screenshots/version-ai-ai-photo-creator-6744824597/paywall-screen-2.webp|screenshots/version-ai-ai-photo-creator-6744824597/paywall-screen-3.webp","https://www.paywallpro.app/apps/Version-AI:-AI-Photo-Creator-us?id=2358773&utm_source=github&utm_medium=open_dataset&utm_campaign=paywall_gallery","https://www.paywallpro.app/apps/Version-AI:-AI-Photo-Creator-us?id=2358773&utm_source=github&utm_medium=open_dataset&utm_campaign=paywall_gallery","2026-07-29"
"1309253074","Complete Anatomy for iPhone","3D4Medical from Elsevier","Medical","15126","106","11.5","2025-09-11","1","9","6","No Free Trial - Soft Paywall","1 offer set across year","1","apps/complete-anatomy-for-iphone-1309253074.md","screenshots/complete-anatomy-for-iphone-1309253074/cover.webp","screenshots/complete-anatomy-for-iphone-1309253074/cover.webp","screenshots/complete-anatomy-for-iphone-1309253074/paywall-screen-2.webp|screenshots/complete-anatomy-for-iphone-1309253074/paywall-screen-3.webp","https://www.paywallpro.app/apps/Complete-Anatomy-for-iPhone-us?id=1919255&utm_source=github&utm_medium=open_dataset&utm_campaign=paywall_gallery","https://www.paywallpro.app/apps/Complete-Anatomy-for-iPhone-us?id=1919255&utm_source=github&utm_medium=open_dataset&utm_campaign=paywall_gallery","2026-07-29"
"1490305477","Faves - cloud video storage","The Hive Social Network, Inc.","Social Networking","14962","198","16.9.2","2025-10-29","3","13","0","Free Trial - Soft Paywall","2 offer sets across year","2","apps/faves-cloud-video-storage-1490305477.md","screenshots/faves-cloud-video-storage-1490305477/cover.webp","screenshots/faves-cloud-video-storage-1490305477/cover.webp","screenshots/faves-cloud-video-storage-1490305477/paywall-annual-49-99.webp|screenshots/faves-cloud-video-storage-1490305477/paywall-screen-3.webp","https://www.paywallpro.app/apps/Faves---cloud-video-storage-us?id=1191735&utm_source=github&utm_medium=open_dataset&utm_campaign=paywall_gallery","https://www.paywallpro.app/apps/Faves---cloud-video-storage-us?id=1191735&utm_source=github&utm_medium=open_dataset&utm_campaign=paywall_gallery","2026-07-29"
"1617942783","iRecord: Transcribe Voice Memo","Youdao (Hong Kong) Limited","Utilities","14937","0","4.0.0","2025-09-06","1","7","4","Free Trial - Soft Paywall, No Free Trial - Soft Paywall","1 offer set across week, year","1","apps/irecord-transcribe-voice-memo-1617942783.md","screenshots/irecord-transcribe-voice-memo-1617942783/cover.webp","screenshots/irecord-transcribe-voice-memo-1617942783/cover.webp","screenshots/irecord-transcribe-voice-memo-1617942783/paywall-screen-2.webp|screenshots/irecord-transcribe-voice-memo-1617942783/paywall-screen-3.webp","https://www.paywallpro.app/apps/iRecord:-Transcribe-Voice-Memo-us?id=1972760&utm_source=github&utm_medium=open_dataset&utm_campaign=paywall_gallery","https://www.paywallpro.app/apps/iRecord:-Transcribe-Voice-Memo-us?id=1972760&utm_source=github&utm_medium=open_dataset&utm_campaign=paywall_gallery","2026-07-29"
"1546156891","Heartify: Heart Health Monitor","HEARTIFY HEALTH, INC.","Health & Fitness","14900","149","2.4.5","2025-07-21","2","14","4","Free Trial - Soft Paywall","1 offer set across week, year","1","apps/heartify-heart-health-monitor-1546156891.md","screenshots/heartify-heart-health-monitor-1546156891/cover.webp","screenshots/heartify-heart-health-monitor-1546156891/cover.webp","screenshots/heartify-heart-health-monitor-1546156891/paywall-screen-2.webp|screenshots/heartify-heart-health-monitor-1546156891/paywall-screen-3.webp","https://www.paywallpro.app/apps/Heartify:-Heart-Health-Monitor-us?id=364&utm_source=github&utm_medium=open_dataset&utm_campaign=paywall_gallery","https://www.paywallpro.app/apps/Heartify:-Heart-Health-Monitor-us?id=364&utm_source=github&utm_medium=open_dataset&utm_campaign=paywall_gallery","2026-07-29"
"6447676034","Castly+","HONGKONG BLUE WHALE AND OCEAN TECHNOLOGY CO., LIMITED","Utilities","14748","0","2.0.1","2025-02-11","1","0","4","No Free Trial - Soft Paywall","1 offer set across month, year","1","apps/castly-6447676034.md","screenshots/castly-6447676034/cover.webp","screenshots/castly-6447676034/cover.webp","screenshots/castly-6447676034/paywall-screen-2.webp|screenshots/castly-6447676034/paywall-screen-3.webp","https://www.paywallpro.app/apps/Castly%2B-us?id=2028186&utm_source=github&utm_medium=open_dataset&utm_campaign=paywall_gallery","https://www.paywallpro.app/apps/Castly%2B-us?id=2028186&utm_source=github&utm_medium=open_dataset&utm_campaign=paywall_gallery","2026-07-29"
"1544750895","CHAI: Social AI Platform- Chat","Chai Research Corp.","Entertainment","14735","56","2.131","2025-10-21","4","3","5","Free Trial - Soft Paywall","1 offer set across month, year","1","apps/chai-social-ai-platform-chat-1544750895.md","screenshots/chai-social-ai-platform-chat-1544750895/cover.webp","screenshots/chai-social-ai-platform-chat-1544750895/cover.webp","screenshots/chai-social-ai-platform-chat-1544750895/paywall-screen-2.webp|screenshots/chai-social-ai-platform-chat-1544750895/paywall-screen-3.webp","https://www.paywallpro.app/apps/CHAI:-Social-AI-Platform--Chat-us?id=630&utm_source=github&utm_medium=open_dataset&utm_campaign=paywall_gallery","https://www.paywallpro.app/apps/CHAI:-Social-AI-Platform--Chat-us?id=630&utm_source=github&utm_medium=open_dataset&utm_campaign=paywall_gallery","2026-07-29"
"1438312320","Video Editor ·","Luni","Photo & Video","14731","0","3.20.0","2025-06-26","1","15","0","Free Trial - Soft Paywall, No Free Trial - Soft Paywall","4 offer sets across week, month, year","4","apps/video-editor-1438312320.md","screenshots/video-editor-1438312320/cover.webp","screenshots/video-editor-1438312320/cover.webp","screenshots/video-editor-1438312320/paywall-monthly-12-99.webp|screenshots/video-editor-1438312320/paywall-annual-29-99.webp","https://www.paywallpro.app/apps/Video-Editor-%C2%B7-us?id=1951926&utm_source=github&utm_medium=open_dataset&utm_campaign=paywall_gallery","https://www.paywallpro.app/apps/Video-Editor-%C2%B7-us?id=1951926&utm_source=github&utm_medium=open_dataset&utm_campaign=paywall_gallery","2026-07-29"
"661574705","Learn Spanish – Studycat","Studycat Limited","Education","14710","0","29.11.5","2025-06-16","1","12","0","Free Trial - Soft Paywall","1 offer set across month, year","1","apps/learn-spanish-studycat-661574705.md","screenshots/learn-spanish-studycat-661574705/cover.webp","screenshots/learn-spanish-studycat-661574705/cover.webp","screenshots/learn-spanish-studycat-661574705/paywall-screen-2.webp|screenshots/learn-spanish-studycat-661574705/paywall-screen-3.webp","https://www.paywallpro.app/apps/Learn-Spanish-%E2%80%93-Studycat-us?id=1951457&utm_source=github&utm_medium=open_dataset&utm_campaign=paywall_gallery","https://www.paywallpro.app/apps/Learn-Spanish-%E2%80%93-Studycat-us?id=1951457&utm_source=github&utm_medium=open_dataset&utm_campaign=paywall_gallery","2026-07-29"
"1585824635","Video Up! Video Editor & Maker","Video editor & maker app","Photo & Video","14427","77","2.5.0","2026-03-19","4","7","2","No Free Trial - Soft Paywall","1 offer set across week, year","1","apps/video-up-video-editor-and-maker-1585824635.md","screenshots/video-up-video-editor-and-maker-1585824635/cover.webp","screenshots/video-up-video-editor-and-maker-1585824635/cover.webp","screenshots/video-up-video-editor-and-maker-1585824635/paywall-screen-2.webp|screenshots/video-up-video-editor-and-maker-1585824635/paywall-screen-3.webp","https://www.paywallpro.app/apps/Video-Up!-Video-Editor-&-Maker-us?id=302&utm_source=github&utm_medium=open_dataset&utm_campaign=paywall_gallery","https://www.paywallpro.app/apps/Video-Up!-Video-Editor-&-Maker-us?id=302&utm_source=github&utm_medium=open_dataset&utm_campaign=paywall_gallery","2026-06-05"
"1528940523","VPN - Fast VPN Super ™","TOPAPPS TECH PTE LTD","Productivity","14416","24","2.17","2025-06-12","1","0","5","No Free Trial - Soft Paywall, Free Trial - Soft Paywall","2 offer sets across week, month, year","2","apps/vpn-fast-vpn-super-1528940523.md","screenshots/vpn-fast-vpn-super-1528940523/cover.webp","screenshots/vpn-fast-vpn-super-1528940523/cover.webp","screenshots/vpn-fast-vpn-super-1528940523/paywall-monthly-5-99.webp|screenshots/vpn-fast-vpn-super-1528940523/paywall-screen-3.webp","https://www.paywallpro.app/apps/VPN---Fast-VPN-Super-%E2%84%A2-us?id=1305772&utm_source=github&utm_medium=open_dataset&utm_campaign=paywall_gallery","https://www.paywallpro.app/apps/VPN---Fast-VPN-Super-%E2%84%A2-us?id=1305772&utm_source=github&utm_medium=open_dataset&utm_campaign=paywall_gallery","2026-07-29"
"6630382800","BerryChat - Video","FRIEND FUSION LIMITED","Entertainment","14413","200","3.2.0","2025-06-30","1","8","4","Currency Paywall","Not available in preview","0","apps/berrychat-video-6630382800.md","screenshots/berrychat-video-6630382800/cover.webp","screenshots/berrychat-video-6630382800/cover.webp","screenshots/berrychat-video-6630382800/paywall-screen-2.webp|screenshots/berrychat-video-6630382800/paywall-screen-3.webp","https://www.paywallpro.app/apps/BerryChat---Video-us?id=1463336&utm_source=github&utm_medium=open_dataset&utm_campaign=paywall_gallery","https://www.paywallpro.app/apps/BerryChat---Video-us?id=1463336&utm_source=github&utm_medium=open_dataset&utm_campaign=paywall_gallery","2026-07-29"
"6596773195","Natal - Pregnancy & Postpartum","Natal LLC","Health & Fitness","14407","189","0.0.11","2025-02-25","1","10","0","Free Trial - Soft Paywall","1 offer set across month, year, quarter","1","apps/natal-pregnancy-and-postpartum-6596773195.md","screenshots/natal-pregnancy-and-postpartum-6596773195/cover.webp","screenshots/natal-pregnancy-and-postpartum-6596773195/cover.webp","screenshots/natal-pregnancy-and-postpartum-6596773195/paywall-screen-2.webp|screenshots/natal-pregnancy-and-postpartum-6596773195/paywall-screen-3.webp","https://www.paywallpro.app/apps/Natal---Pregnancy-&-Postpartum-us?id=1392197&utm_source=github&utm_medium=open_dataset&utm_campaign=paywall_gallery","https://www.paywallpro.app/apps/Natal---Pregnancy-&-Postpartum-us?id=1392197&utm_source=github&utm_medium=open_dataset&utm_campaign=paywall_gallery","2026-07-29"
"493868874","TinyTap: Kids' Learning Games","TinyTap Ltd.","Education","14377","159","4.5.30","2025-09-15","2","11","0","Free Trial - Soft Paywall","1 offer set across year","1","apps/tinytap-kids-learning-games-493868874.md","screenshots/tinytap-kids-learning-games-493868874/cover.webp","screenshots/tinytap-kids-learning-games-493868874/cover.webp","screenshots/tinytap-kids-learning-games-493868874/paywall-screen-2.webp|screenshots/tinytap-kids-learning-games-493868874/paywall-screen-3.webp","https://www.paywallpro.app/apps/TinyTap:-Kids'-Learning-Games-us?id=908&utm_source=github&utm_medium=open_dataset&utm_campaign=paywall_gallery","https://www.paywallpro.app/apps/TinyTap:-Kids'-Learning-Games-us?id=908&utm_source=github&utm_medium=open_dataset&utm_campaign=paywall_gallery","2026-07-29"
"6756100560","AI Secure Suite","帅 许","Lifestyle","14352","0","1.0.2","2026-01-28","1","3","3","No Free Trial - Soft Paywall","1 offer set across week","1","apps/ai-secure-suite-6756100560.md","screenshots/ai-secure-suite-6756100560/cover.webp","screenshots/ai-secure-suite-6756100560/cover.webp","screenshots/ai-secure-suite-6756100560/paywall-screen-2.webp|screenshots/ai-secure-suite-6756100560/paywall-screen-3.webp","https://www.paywallpro.app/apps/AI-Secure-Suite-us?id=2783106&utm_source=github&utm_medium=open_dataset&utm_campaign=paywall_gallery","https://www.paywallpro.app/apps/AI-Secure-Suite-us?id=2783106&utm_source=github&utm_medium=open_dataset&utm_campaign=paywall_gallery","2026-07-29"
"383137151","Chicago Tribune","Tribune Publishing Company, LLC","News","14284","190","10.0.45","2025-08-27","1","0","8","No Free Trial - Soft Paywall","1 offer set across month, year","1","apps/chicago-tribune-383137151.md","screenshots/chicago-tribune-383137151/cover.webp","screenshots/chicago-tribune-383137151/cover.webp","screenshots/chicago-tribune-383137151/paywall-screen-2.webp|screenshots/chicago-tribune-383137151/paywall-screen-3.webp","https://www.paywallpro.app/apps/Chicago-Tribune-us?id=916801&utm_source=github&utm_medium=open_dataset&utm_campaign=paywall_gallery","https://www.paywallpro.app/apps/Chicago-Tribune-us?id=916801&utm_source=github&utm_medium=open_dataset&utm_campaign=paywall_gallery","2026-07-29"
"477967747","Fishbrain - Fishing App","FishBrain","Sports","14199","55","9.46.0","2026-02-09","3","12","7","Free Trial - Soft Paywall","2 offer sets across month, year","2","apps/fishbrain-fishing-app-477967747.md","screenshots/fishbrain-fishing-app-477967747/cover.webp","screenshots/fishbrain-fishing-app-477967747/cover.webp","screenshots/fishbrain-fishing-app-477967747/paywall-monthly-12-99.webp|screenshots/fishbrain-fishing-app-477967747/paywall-screen-3.webp","https://www.paywallpro.app/apps/Fishbrain---Fishing-App-us?id=197&utm_source=github&utm_medium=open_dataset&utm_campaign=paywall_gallery","https://www.paywallpro.app/apps/Fishbrain---Fishing-App-us?id=197&utm_source=github&utm_medium=open_dataset&utm_campaign=paywall_gallery","2026-06-05"
"1457185832","Headway - Daily Micro Learning","GTHW App Limited","Education","14179","40","282.1","2024-06-14","1","33","0","No Free Trial - Soft Paywall, Free Trial - Soft Paywall","4 offer sets across month, year, quarter","4","apps/headway-daily-micro-learning-1457185832.md","screenshots/headway-daily-micro-learning-1457185832/cover.webp","screenshots/headway-daily-micro-learning-1457185832/cover.webp","screenshots/headway-daily-micro-learning-1457185832/paywall-annual-49-99.webp|screenshots/headway-daily-micro-learning-1457185832/paywall-annual-89-99.webp","https://www.paywallpro.app/apps/Headway---Daily-Micro-Learning-us?id=122&utm_source=github&utm_medium=open_dataset&utm_campaign=paywall_gallery","https://www.paywallpro.app/apps/Headway---Daily-Micro-Learning-us?id=122&utm_source=github&utm_medium=open_dataset&utm_campaign=paywall_gallery","2026-07-29"
"1628381103","Umi - Language Learning","Immersely Inc.","Education","14141","193","3.12.0","2025-11-04","1","11","5","Free Trial - Soft Paywall","1 offer set across month, half year, year, one-time purchase","1","apps/umi-language-learning-1628381103.md","screenshots/umi-language-learning-1628381103/cover.webp","screenshots/umi-language-learning-1628381103/cover.webp","screenshots/umi-language-learning-1628381103/paywall-screen-2.webp|screenshots/umi-language-learning-1628381103/paywall-screen-3.webp","https://www.paywallpro.app/apps/Umi---Language-Learning-us?id=1951462&utm_source=github&utm_medium=open_dataset&utm_campaign=paywall_gallery","https://www.paywallpro.app/apps/Umi---Language-Learning-us?id=1951462&utm_source=github&utm_medium=open_dataset&utm_campaign=paywall_gallery","2026-07-29"
"1564051387","OnPhone: Second Number & eSIM","AnyDay Apps","Business","14091","133","13.16.0","2024-08-06","1","17","0","No Free Trial - Soft Paywall, Free Trial - Soft Paywall","2 offer sets across week, month, year, quarter","2","apps/onphone-second-number-and-esim-1564051387.md","screenshots/onphone-second-number-and-esim-1564051387/cover.webp","screenshots/onphone-second-number-and-esim-1564051387/cover.webp","screenshots/onphone-second-number-and-esim-1564051387/paywall-weekly-5-99.webp|screenshots/onphone-second-number-and-esim-1564051387/paywall-screen-3.webp","https://www.paywallpro.app/apps/OnPhone:-Second-Number-&-eSIM-us?id=393960&utm_source=github&utm_medium=open_dataset&utm_campaign=paywall_gallery","https://www.paywallpro.app/apps/OnPhone:-Second-Number-&-eSIM-us?id=393960&utm_source=github&utm_medium=open_dataset&utm_campaign=paywall_gallery","2026-07-29"
"388389451","Muslim Pro: Quran & Athan","Bitsmedia Pte Ltd","Reference","14082","48","16.17.1","2025-10-09","5","8","13","Free Trial - Soft Paywall","1 offer set across month, year, one-time purchase","1","apps/muslim-pro-quran-and-athan-388389451.md","screenshots/muslim-pro-quran-and-athan-388389451/cover.webp","screenshots/muslim-pro-quran-and-athan-388389451/cover.webp","screenshots/muslim-pro-quran-and-athan-388389451/paywall-screen-2.webp|screenshots/muslim-pro-quran-and-athan-388389451/paywall-screen-3.webp","https://www.paywallpro.app/apps/Muslim-Pro:-Quran-&-Athan-us?id=901&utm_source=github&utm_medium=open_dataset&utm_campaign=paywall_gallery","https://www.paywallpro.app/apps/Muslim-Pro:-Quran-&-Athan-us?id=901&utm_source=github&utm_medium=open_dataset&utm_campaign=paywall_gallery","2026-07-29"
"1601321143","ColombianCupid: Latin Dating","Cupid Media Pty Ltd","Social Networking","13962","0","10.20.5","2025-06-17","1","22","0","No Free Trial - Soft Paywall","1 offer set across month, year, quarter","1","apps/colombiancupid-latin-dating-1601321143.md","screenshots/colombiancupid-latin-dating-1601321143/cover.webp","screenshots/colombiancupid-latin-dating-1601321143/cover.webp","screenshots/colombiancupid-latin-dating-1601321143/paywall-screen-2.webp|screenshots/colombiancupid-latin-dating-1601321143/paywall-screen-3.webp","https://www.paywallpro.app/apps/ColombianCupid:-Latin-Dating-us?id=1979722&utm_source=github&utm_medium=open_dataset&utm_campaign=paywall_gallery","https://www.paywallpro.app/apps/ColombianCupid:-Latin-Dating-us?id=1979722&utm_source=github&utm_medium=open_dataset&utm_campaign=paywall_gallery","2026-07-29"
"6458737333","EaShort-Popular short dramas","Easou Tech","Entertainment","13904","119","1.9.4","2025-06-30","2","0","4","No Free Trial - Soft Paywall","1 offer set across month, half year","1","apps/eashort-popular-short-dramas-6458737333.md","screenshots/eashort-popular-short-dramas-6458737333/cover.webp","screenshots/eashort-popular-short-dramas-6458737333/cover.webp","screenshots/eashort-popular-short-dramas-6458737333/paywall-screen-2.webp|screenshots/eashort-popular-short-dramas-6458737333/paywall-screen-3.webp","https://www.paywallpro.app/apps/EaShort-Popular-short-dramas-us?id=13310&utm_source=github&utm_medium=open_dataset&utm_campaign=paywall_gallery","https://www.paywallpro.app/apps/EaShort-Popular-short-dramas-us?id=13310&utm_source=github&utm_medium=open_dataset&utm_campaign=paywall_gallery","2026-07-29"
"1615501545","HilYal Live:Stream and Friends","GLOBAL META UNIVERSE PTE. LTD.","Social Networking","13792","0","2.0.0","2025-01-22","1","2","13","Currency Paywall","Not available in preview","0","apps/hilyal-live-stream-and-friends-1615501545.md","screenshots/hilyal-live-stream-and-friends-1615501545/cover.webp","screenshots/hilyal-live-stream-and-friends-1615501545/cover.webp","screenshots/hilyal-live-stream-and-friends-1615501545/paywall-screen-2.webp|screenshots/hilyal-live-stream-and-friends-1615501545/paywall-screen-3.webp","https://www.paywallpro.app/apps/HilYal-Live:Stream-and-Friends-us?id=1949996&utm_source=github&utm_medium=open_dataset&utm_campaign=paywall_gallery","https://www.paywallpro.app/apps/HilYal-Live:Stream-and-Friends-us?id=1949996&utm_source=github&utm_medium=open_dataset&utm_campaign=paywall_gallery","2026-07-29"
"1544733488","Puzzle Games for Kids 2-6 year","Bimi Boo Kids Learning Games for Toddlers FZ LLC","Education","13775","0","2.70","2025-11-01","1","6","6","Free Trial - Soft Paywall","2 offer sets across month, year, one-time purchase","2","apps/puzzle-games-for-kids-2-6-year-1544733488.md","screenshots/puzzle-games-for-kids-2-6-year-1544733488/cover.webp","screenshots/puzzle-games-for-kids-2-6-year-1544733488/cover.webp","screenshots/puzzle-games-for-kids-2-6-year-1544733488/paywall-monthly-4-99.webp|screenshots/puzzle-games-for-kids-2-6-year-1544733488/paywall-screen-3.webp","https://www.paywallpro.app/apps/Puzzle-Games-for-Kids-2-6-year-us?id=1951910&utm_source=github&utm_medium=open_dataset&utm_campaign=paywall_gallery","https://www.paywallpro.app/apps/Puzzle-Games-for-Kids-2-6-year-us?id=1951910&utm_source=github&utm_medium=open_dataset&utm_campaign=paywall_gallery","2026-08-05"
"1477221636","Brickit: Your Brick Collection","Brickit Inc.","Entertainment","13769","193","4.35.2","2025-06-06","1","7","5","Free Trial - Soft Paywall","2 offer sets across month, year, one-time purchase","2","apps/brickit-your-brick-collection-1477221636.md","screenshots/brickit-your-brick-collection-1477221636/cover.webp","screenshots/brickit-your-brick-collection-1477221636/cover.webp","screenshots/brickit-your-brick-collection-1477221636/paywall-monthly-6-99.webp|screenshots/brickit-your-brick-collection-1477221636/paywall-monthly-6-99-2.webp","https://www.paywallpro.app/apps/Brickit:-Your-Brick-Collection-us?id=1950805&utm_source=github&utm_medium=open_dataset&utm_campaign=paywall_gallery","https://www.paywallpro.app/apps/Brickit:-Your-Brick-Collection-us?id=1950805&utm_source=github&utm_medium=open_dataset&utm_campaign=paywall_gallery","2026-08-05"
"294047850","Le Monde, Live News","Societe Editrice du Monde","News","13625","91","9.16","2025-09-15","1","0","7","No Free Trial - Soft Paywall","1 offer set across month, year","1","apps/le-monde-live-news-294047850.md","screenshots/le-monde-live-news-294047850/cover.webp","screenshots/le-monde-live-news-294047850/cover.webp","screenshots/le-monde-live-news-294047850/paywall-screen-2.webp|screenshots/le-monde-live-news-294047850/paywall-screen-3.webp","https://www.paywallpro.app/apps/Le-Monde%2C-Live-News-us?id=1951415&utm_source=github&utm_medium=open_dataset&utm_campaign=paywall_gallery","https://www.paywallpro.app/apps/Le-Monde%2C-Live-News-us?id=1951415&utm_source=github&utm_medium=open_dataset&utm_campaign=paywall_gallery","2026-08-05"
"547109049","Yokee Karaoke – Start Singing","Yokee Music","Music","13609","195","7.7.7","2024-01-18","1","7","0","Free Trial - Soft Paywall","2 offer sets across week, month, year","2","apps/yokee-karaoke-start-singing-547109049.md","screenshots/yokee-karaoke-start-singing-547109049/cover.webp","screenshots/yokee-karaoke-start-singing-547109049/cover.webp","screenshots/yokee-karaoke-start-singing-547109049/paywall-weekly-9-99.webp|screenshots/yokee-karaoke-start-singing-547109049/paywall-screen-3.webp","https://www.paywallpro.app/apps/Yokee-Karaoke-%E2%80%93-Start-Singing-us?id=896&utm_source=github&utm_medium=open_dataset&utm_campaign=paywall_gallery","https://www.paywallpro.app/apps/Yokee-Karaoke-%E2%80%93-Start-Singing-us?id=896&utm_source=github&utm_medium=open_dataset&utm_campaign=paywall_gallery","2026-08-05"
"1547252782","Lingvano - Learn Sign Language","Lingvano GmbH","Education","13579","45","4.3.6","2025-09-08","3","38","9","Free Trial - Soft Paywall","1 offer set across month, year, quarter","1","apps/lingvano-learn-sign-language-1547252782.md","screenshots/lingvano-learn-sign-language-1547252782/cover.webp","screenshots/lingvano-learn-sign-language-1547252782/cover.webp","screenshots/lingvano-learn-sign-language-1547252782/paywall-screen-2.webp|screenshots/lingvano-learn-sign-language-1547252782/paywall-screen-3.webp","https://www.paywallpro.app/apps/Lingvano---Learn-Sign-Language-us?id=483&utm_source=github&utm_medium=open_dataset&utm_campaign=paywall_gallery","https://www.paywallpro.app/apps/Lingvano---Learn-Sign-Language-us?id=483&utm_source=github&utm_medium=open_dataset&utm_campaign=paywall_gallery","2026-06-05"
"1011626777","YI Home","ZK (HK) LIMITED","Lifestyle","13566","27","6.5.9","2025-03-06","2","4","0","Free Trial - Soft Paywall","1 offer set across month, year","1","apps/yi-home-1011626777.md","screenshots/yi-home-1011626777/cover.webp","screenshots/yi-home-1011626777/cover.webp","screenshots/yi-home-1011626777/paywall-screen-2.webp|screenshots/yi-home-1011626777/paywall-screen-3.webp","https://www.paywallpro.app/apps/YI-Home-us?id=244&utm_source=github&utm_medium=open_dataset&utm_campaign=paywall_gallery","https://www.paywallpro.app/apps/YI-Home-us?id=244&utm_source=github&utm_medium=open_dataset&utm_campaign=paywall_gallery","2026-08-05"
"6737974524","HealthGuard:Heart&Blood Sugar","AURALIS NOVA TECHNOLOGY PTE. LTD.","Health & Fitness","13538","196","1.1.6","2025-07-24","2","6","5","Free Trial - Soft Paywall, No Free Trial - Soft Paywall","2 offer sets across week, month, year","2","apps/healthguard-heart-and-blood-sugar-6737974524.md","screenshots/healthguard-heart-and-blood-sugar-6737974524/cover.webp","screenshots/healthguard-heart-and-blood-sugar-6737974524/cover.webp","screenshots/healthguard-heart-and-blood-sugar-6737974524/paywall-annual-19-99.webp|screenshots/healthguard-heart-and-blood-sugar-6737974524/paywall-screen-3.webp","https://www.paywallpro.app/apps/HealthGuard:Heart&Blood-Sugar-us?id=1471522&utm_source=github&utm_medium=open_dataset&utm_campaign=paywall_gallery","https://www.paywallpro.app/apps/HealthGuard:Heart&Blood-Sugar-us?id=1471522&utm_source=github&utm_medium=open_dataset&utm_campaign=paywall_gallery","2026-08-05"
"1160668178","Skoove: Learn to Play Piano","Learnfield GmbH","Education","13535","0","2.6.19","2025-10-23","2","24","5","Free Trial - Soft Paywall","1 offer set across year, quarter","1","apps/skoove-learn-to-play-piano-1160668178.md","screenshots/skoove-learn-to-play-piano-1160668178/cover.webp","screenshots/skoove-learn-to-play-piano-1160668178/cover.webp","screenshots/skoove-learn-to-play-piano-1160668178/paywall-screen-2.webp|screenshots/skoove-learn-to-play-piano-1160668178/paywall-screen-3.webp","https://www.paywallpro.app/apps/Skoove:-Learn-to-Play-Piano-us?id=1224647&utm_source=github&utm_medium=open_dataset&utm_campaign=paywall_gallery","https://www.paywallpro.app/apps/Skoove:-Learn-to-Play-Piano-us?id=1224647&utm_source=github&utm_medium=open_dataset&utm_campaign=paywall_gallery","2026-08-05"
"672401817","Strides: Habit Tracker + Goals","Goals LLC","Productivity","13413","0","18.8","2025-10-20","2","9","4","Free Trial - Soft Paywall","3 offer sets across month, year","3","apps/strides-habit-tracker-goals-672401817.md","screenshots/strides-habit-tracker-goals-672401817/cover.webp","screenshots/strides-habit-tracker-goals-672401817/cover.webp","screenshots/strides-habit-tracker-goals-672401817/paywall-monthly-7-99.webp|screenshots/strides-habit-tracker-goals-672401817/paywall-annual-29-99.webp","https://www.paywallpro.app/apps/Strides:-Habit-Tracker-%2B-Goals-us?id=1255742&utm_source=github&utm_medium=open_dataset&utm_campaign=paywall_gallery","https://www.paywallpro.app/apps/Strides:-Habit-Tracker-%2B-Goals-us?id=1255742&utm_source=github&utm_medium=open_dataset&utm_campaign=paywall_gallery","2026-08-05"
"6448989090","Ask Assist - AI Chat Bot","GM UniverseApps Limited","Utilities","13406","100","3.0.1","2024-08-12","2","6","0","Free Trial - Soft Paywall","1 offer set across week, year","1","apps/ask-assist-ai-chat-bot-6448989090.md","screenshots/ask-assist-ai-chat-bot-6448989090/cover.webp","screenshots/ask-assist-ai-chat-bot-6448989090/cover.webp","screenshots/ask-assist-ai-chat-bot-6448989090/paywall-screen-2.webp|screenshots/ask-assist-ai-chat-bot-6448989090/paywall-screen-3.webp","https://www.paywallpro.app/apps/Ask-Assist---AI-Chat-Bot-us?id=740&utm_source=github&utm_medium=open_dataset&utm_campaign=paywall_gallery","https://www.paywallpro.app/apps/Ask-Assist---AI-Chat-Bot-us?id=740&utm_source=github&utm_medium=open_dataset&utm_campaign=paywall_gallery","2026-08-05"
"1255711035","#Bible - Verse of the Day","Mind Blown Apps, LLC","Reference","13403","28","11.0.1","2025-10-08","1","24","5","Free Trial - Soft Paywall, No Free Trial - Soft Paywall","2 offer sets across year","2","apps/bible-verse-of-the-day-1255711035.md","screenshots/bible-verse-of-the-day-1255711035/cover.webp","screenshots/bible-verse-of-the-day-1255711035/cover.webp","screenshots/bible-verse-of-the-day-1255711035/paywall-annual-99-99-59-99-49-99.webp|screenshots/bible-verse-of-the-day-1255711035/paywall-screen-3.webp","https://www.paywallpro.app/apps/%23Bible---Verse-of-the-Day-us?id=1953066&utm_source=github&utm_medium=open_dataset&utm_campaign=paywall_gallery","https://www.paywallpro.app/apps/%23Bible---Verse-of-the-Day-us?id=1953066&utm_source=github&utm_medium=open_dataset&utm_campaign=paywall_gallery","2026-08-05"
"6449190344","PolyBuzz: Chat with Characters","CLOUD WHALE INTERACTIVE TECHNOLOGY LLC.","Entertainment","13402","36","2.1.75","2025-12-23","6","0","11","No Free Trial - Soft Paywall","1 offer set across month, year","1","apps/polybuzz-chat-with-characters-6449190344.md","screenshots/polybuzz-chat-with-characters-6449190344/cover.webp","screenshots/polybuzz-chat-with-characters-6449190344/cover.webp","screenshots/polybuzz-chat-with-characters-6449190344/paywall-screen-2.webp|screenshots/polybuzz-chat-with-characters-6449190344/paywall-screen-3.webp","https://www.paywallpro.app/apps/PolyBuzz:-Chat-with-Characters-us?id=541598&utm_source=github&utm_medium=open_dataset&utm_campaign=paywall_gallery","https://www.paywallpro.app/apps/PolyBuzz:-Chat-with-Characters-us?id=541598&utm_source=github&utm_medium=open_dataset&utm_campaign=paywall_gallery","2026-08-05"
"312101965","Epicurious","Advance Magazine Publishers Inc.","Food & Drink","13379","8","7.3.2","2024-09-20","1","6","0","Free Trial - Soft Paywall","2 offer sets across month, year","2","apps/epicurious-312101965.md","screenshots/epicurious-312101965/cover.webp","screenshots/epicurious-312101965/cover.webp","screenshots/epicurious-312101965/paywall-annual-39-99.webp|screenshots/epicurious-312101965/paywall-screen-3.webp","https://www.paywallpro.app/apps/Epicurious-us?id=743804&utm_source=github&utm_medium=open_dataset&utm_campaign=paywall_gallery","https://www.paywallpro.app/apps/Epicurious-us?id=743804&utm_source=github&utm_medium=open_dataset&utm_campaign=paywall_gallery","2026-08-05"
"440185993","Adam4Adam Gay Dating Chat A4A","A4A Network Inc.","Social Networking","13353","0","16.4","2025-10-29","1","5","4","Free Trial - Soft Paywall","1 offer set across month, half year, year, quarter","1","apps/adam4adam-gay-dating-chat-a4a-440185993.md","screenshots/adam4adam-gay-dating-chat-a4a-440185993/cover.webp","screenshots/adam4adam-gay-dating-chat-a4a-440185993/cover.webp","screenshots/adam4adam-gay-dating-chat-a4a-440185993/paywall-screen-2.webp|screenshots/adam4adam-gay-dating-chat-a4a-440185993/paywall-screen-3.webp","https://www.paywallpro.app/apps/Adam4Adam-Gay-Dating-Chat-A4A-us?id=1949997&utm_source=github&utm_medium=open_dataset&utm_campaign=paywall_gallery","https://www.paywallpro.app/apps/Adam4Adam-Gay-Dating-Chat-A4A-us?id=1949997&utm_source=github&utm_medium=open_dataset&utm_campaign=paywall_gallery","2026-08-05"
"6590603158","GTO Preflop Wizard Poker AI","Heater LLC","Education","13351","0","3.2","2025-08-30","1","27","0","No Free Trial - Hard Paywall, No Free Trial - Soft Paywall","2 offer sets across month, year, quarter","2","apps/gto-preflop-wizard-poker-ai-6590603158.md","screenshots/gto-preflop-wizard-poker-ai-6590603158/cover.webp","screenshots/gto-preflop-wizard-poker-ai-6590603158/cover.webp","screenshots/gto-preflop-wizard-poker-ai-6590603158/paywall-annual-64-99-129-99.webp|screenshots/gto-preflop-wizard-poker-ai-6590603158/paywall-screen-3.webp","https://www.paywallpro.app/apps/GTO-Preflop-Wizard-Poker-AI-us?id=1978916&utm_source=github&utm_medium=open_dataset&utm_campaign=paywall_gallery","https://www.paywallpro.app/apps/GTO-Preflop-Wizard-Poker-AI-us?id=1978916&utm_source=github&utm_medium=open_dataset&utm_campaign=paywall_gallery","2026-08-05"
"6746222411","Retra - app console emulator","MODERN DEV LP","Entertainment","13312","187","1.1","2025-06-16","1","4","0","No Free Trial - Soft Paywall","1 offer set across week, one-time purchase","1","apps/retra-app-console-emulator-6746222411.md","screenshots/retra-app-console-emulator-6746222411/cover.webp","screenshots/retra-app-console-emulator-6746222411/cover.webp","screenshots/retra-app-console-emulator-6746222411/paywall-screen-2.webp|screenshots/retra-app-console-emulator-6746222411/paywall-screen-3.webp","https://www.paywallpro.app/apps/Retra---app-console-emulator-us?id=1998599&utm_source=github&utm_medium=open_dataset&utm_campaign=paywall_gallery","https://www.paywallpro.app/apps/Retra---app-console-emulator-us?id=1998599&utm_source=github&utm_medium=open_dataset&utm_campaign=paywall_gallery","2026-08-05"
"835022598","Formula 1®","Formula One Digital Media Limited","Sports","13259","149","13.7.0","2025-11-10","3","9","10","No Free Trial - Soft Paywall","1 offer set across month, year","1","apps/formula-1-835022598.md","screenshots/formula-1-835022598/cover.webp","screenshots/formula-1-835022598/cover.webp","screenshots/formula-1-835022598/paywall-screen-2.webp|screenshots/formula-1-835022598/paywall-screen-3.webp","https://www.paywallpro.app/apps/Formula-1%C2%AE-us?id=266&utm_source=github&utm_medium=open_dataset&utm_campaign=paywall_gallery","https://www.paywallpro.app/apps/Formula-1%C2%AE-us?id=266&utm_source=github&utm_medium=open_dataset&utm_campaign=paywall_gallery","2026-08-05"
"1669091583","Bluey: Let's Play!","Budge Studios","Entertainment","13251","61","2024.7.0","2024-06-10","1","7","0","No Free Trial - Soft Paywall","1 offer set across month","1","apps/bluey-let-s-play-1669091583.md","screenshots/bluey-let-s-play-1669091583/cover.webp","screenshots/bluey-let-s-play-1669091583/cover.webp","screenshots/bluey-let-s-play-1669091583/paywall-screen-2.webp|screenshots/bluey-let-s-play-1669091583/paywall-screen-3.webp","https://www.paywallpro.app/apps/Bluey:-Let's-Play!-us?id=207&utm_source=github&utm_medium=open_dataset&utm_campaign=paywall_gallery","https://www.paywallpro.app/apps/Bluey:-Let's-Play!-us?id=207&utm_source=github&utm_medium=open_dataset&utm_campaign=paywall_gallery","2026-08-05"
"6745899751","Affemity: Relationship Coach","AFFEMITY ENTERPRISES LIMITED","Education","13249","190","1.2.5","2025-11-03","2","46","0","No Free Trial - Soft Paywall","1 offer set across week, month, quarter","1","apps/affemity-relationship-coach-6745899751.md","screenshots/affemity-relationship-coach-6745899751/cover.webp","screenshots/affemity-relationship-coach-6745899751/cover.webp","screenshots/affemity-relationship-coach-6745899751/paywall-screen-2.webp|screenshots/affemity-relationship-coach-6745899751/paywall-screen-3.webp","https://www.paywallpro.app/apps/Affemity:-Relationship-Coach-us?id=2187235&utm_source=github&utm_medium=open_dataset&utm_campaign=paywall_gallery","https://www.paywallpro.app/apps/Affemity:-Relationship-Coach-us?id=2187235&utm_source=github&utm_medium=open_dataset&utm_campaign=paywall_gallery","2026-08-05"
"1269788228","Freedom: Screen Time Control","Eighty Percent Solutions","Productivity","13243","0","6.59","2025-11-24","3","6","8","Free Trial - Soft Paywall","2 offer sets across year, one-time purchase","2","apps/freedom-screen-time-control-1269788228.md","screenshots/freedom-screen-time-control-1269788228/cover.webp","screenshots/freedom-screen-time-control-1269788228/cover.webp","screenshots/freedom-screen-time-control-1269788228/paywall-annual-39-99.webp|screenshots/freedom-screen-time-control-1269788228/paywall-screen-3.webp","https://www.paywallpro.app/apps/Freedom:-Screen-Time-Control-us?id=1952011&utm_source=github&utm_medium=open_dataset&utm_campaign=paywall_gallery","https://www.paywallpro.app/apps/Freedom:-Screen-Time-Control-us?id=1952011&utm_source=github&utm_medium=open_dataset&utm_campaign=paywall_gallery","2026-08-05"
"6446039122","CDL Prep - Practice Test 2026","Best Fun Games","Education","13150","200","2.0","2025-05-13","1","18","3","Free Trial - Soft Paywall","1 offer set across month, one-time purchase","1","apps/cdl-prep-practice-test-2026-6446039122.md","screenshots/cdl-prep-practice-test-2026-6446039122/cover.webp","screenshots/cdl-prep-practice-test-2026-6446039122/cover.webp","screenshots/cdl-prep-practice-test-2026-6446039122/paywall-screen-2.webp|screenshots/cdl-prep-practice-test-2026-6446039122/paywall-screen-3.webp","https://www.paywallpro.app/apps/CDL-Prep---Practice-Test-2026-us?id=1951446&utm_source=github&utm_medium=open_dataset&utm_campaign=paywall_gallery","https://www.paywallpro.app/apps/CDL-Prep---Practice-Test-2026-us?id=1951446&utm_source=github&utm_medium=open_dataset&utm_campaign=paywall_gallery","2026-08-05"
"1572515807","ClearSpace: Reduce Screen Time","clearspace","Productivity","13142","193","2.6.6","2025-08-26","2","13","5","Free Trial - Soft Paywall, No Free Trial - Soft Paywall","2 offer sets across year","2","apps/clearspace-reduce-screen-time-1572515807.md","screenshots/clearspace-reduce-screen-time-1572515807/cover.webp","screenshots/clearspace-reduce-screen-time-1572515807/cover.webp","screenshots/clearspace-reduce-screen-time-1572515807/paywall-annual-79-99.webp|screenshots/clearspace-reduce-screen-time-1572515807/paywall-screen-3.webp","https://www.paywallpro.app/apps/ClearSpace:-Reduce-Screen-Time-us?id=1238371&utm_source=github&utm_medium=open_dataset&utm_campaign=paywall_gallery","https://www.paywallpro.app/apps/ClearSpace:-Reduce-Screen-Time-us?id=1238371&utm_source=github&utm_medium=open_dataset&utm_campaign=paywall_gallery","2026-08-05"
"1148728253","Math Learner: Learning Game","Wildlife Studios","Education","13138","0","3.0.3","2023-12-19","1","13","8","Free Trial - Soft Paywall","1 offer set across month","1","apps/math-learner-learning-game-1148728253.md","screenshots/math-learner-learning-game-1148728253/cover.webp","screenshots/math-learner-learning-game-1148728253/cover.webp","screenshots/math-learner-learning-game-1148728253/paywall-screen-2.webp|screenshots/math-learner-learning-game-1148728253/paywall-screen-3.webp","https://www.paywallpro.app/apps/Math-Learner:-Learning-Game-us?id=1952072&utm_source=github&utm_medium=open_dataset&utm_campaign=paywall_gallery","https://www.paywallpro.app/apps/Math-Learner:-Learning-Game-us?id=1952072&utm_source=github&utm_medium=open_dataset&utm_campaign=paywall_gallery","2026-08-05"
"6746169351","Emu — Game Consoles App","METRONOM YAZILIM LIMITED SIRKETI","Entertainment","13108","161","1.2.0","2025-10-11","2","4","3","No Free Trial - Soft Paywall","1 offer set across week, year","1","apps/emu-game-consoles-app-6746169351.md","screenshots/emu-game-consoles-app-6746169351/cover.webp","screenshots/emu-game-consoles-app-6746169351/cover.webp","screenshots/emu-game-consoles-app-6746169351/paywall-screen-2.webp|screenshots/emu-game-consoles-app-6746169351/paywall-screen-3.webp","https://www.paywallpro.app/apps/Emu-%E2%80%94-Game-Consoles-App-us?id=1993385&utm_source=github&utm_medium=open_dataset&utm_campaign=paywall_gallery","https://www.paywallpro.app/apps/Emu-%E2%80%94-Game-Consoles-App-us?id=1993385&utm_source=github&utm_medium=open_dataset&utm_campaign=paywall_gallery","2026-08-05"
"6496865463","AI Cleaner: Storage Cleaner","娜 石","Utilities","13007","182","1.0.9","2024-08-20","1","7","0","Free Trial - Soft Paywall","1 offer set across week, month","1","apps/ai-cleaner-storage-cleaner-6496865463.md","screenshots/ai-cleaner-storage-cleaner-6496865463/cover.webp","screenshots/ai-cleaner-storage-cleaner-6496865463/cover.webp","screenshots/ai-cleaner-storage-cleaner-6496865463/paywall-screen-2.webp|screenshots/ai-cleaner-storage-cleaner-6496865463/paywall-screen-3.webp","https://www.paywallpro.app/apps/AI-Cleaner:-Storage-Cleaner-us?id=421008&utm_source=github&utm_medium=open_dataset&utm_campaign=paywall_gallery","https://www.paywallpro.app/apps/AI-Cleaner:-Storage-Cleaner-us?id=421008&utm_source=github&utm_medium=open_dataset&utm_campaign=paywall_gallery","2026-08-05"
"441813332","JioSaavn – Music & Podcasts","Saavn Media Limited","Music","12962","0","10.0","2025-10-15","1","0","9","No Free Trial - Soft Paywall, Free Trial - Soft Paywall","2 offer sets across month, year","2","apps/jiosaavn-music-and-podcasts-441813332.md","screenshots/jiosaavn-music-and-podcasts-441813332/cover.webp","screenshots/jiosaavn-music-and-podcasts-441813332/cover.webp","screenshots/jiosaavn-music-and-podcasts-441813332/paywall-annual-59-99.webp|screenshots/jiosaavn-music-and-podcasts-441813332/paywall-screen-3.webp","https://www.paywallpro.app/apps/JioSaavn-%E2%80%93-Music-&-Podcasts-us?id=1949981&utm_source=github&utm_medium=open_dataset&utm_campaign=paywall_gallery","https://www.paywallpro.app/apps/JioSaavn-%E2%80%93-Music-&-Podcasts-us?id=1949981&utm_source=github&utm_medium=open_dataset&utm_campaign=paywall_gallery","2026-08-05"
"1461694973","Picture Insect: Bug Identifier","Next Vision Limited","Education","12899","118","2.20.0","2025-09-03","4","16","5","Free Trial - Soft Paywall","1 offer set across month, year","1","apps/picture-insect-bug-identifier-1461694973.md","screenshots/picture-insect-bug-identifier-1461694973/cover.webp","screenshots/picture-insect-bug-identifier-1461694973/cover.webp","screenshots/picture-insect-bug-identifier-1461694973/paywall-screen-2.webp|screenshots/picture-insect-bug-identifier-1461694973/paywall-screen-3.webp","https://www.paywallpro.app/apps/Picture-Insect:-Bug-Identifier-us?id=3907&utm_source=github&utm_medium=open_dataset&utm_campaign=paywall_gallery","https://www.paywallpro.app/apps/Picture-Insect:-Bug-Identifier-us?id=3907&utm_source=github&utm_medium=open_dataset&utm_campaign=paywall_gallery","2026-08-05"
"6740556805","Car.Play Connect: Auto Sync","5SKay Software","Utilities","12868","193","1.7","2025-11-27","1","2","7","Free Trial - Soft Paywall","2 offer sets across week, month, year, one-time purchase","2","apps/car-play-connect-auto-sync-6740556805.md","screenshots/car-play-connect-auto-sync-6740556805/cover.webp","screenshots/car-play-connect-auto-sync-6740556805/cover.webp","screenshots/car-play-connect-auto-sync-6740556805/paywall-weekly-7-99.webp|screenshots/car-play-connect-auto-sync-6740556805/paywall-screen-3.webp","https://www.paywallpro.app/apps/Car.Play-Connect:-Auto-Sync-us?id=2207584&utm_source=github&utm_medium=open_dataset&utm_campaign=paywall_gallery","https://www.paywallpro.app/apps/Car.Play-Connect:-Auto-Sync-us?id=2207584&utm_source=github&utm_medium=open_dataset&utm_campaign=paywall_gallery","2026-08-05"
"1170782544","Fax.Plus - Receive & Send Fax","Alohi","Business","12865","0","17.3","2025-05-19","1","0","0","No Free Trial - Soft Paywall","1 offer set across month, year","1","apps/fax-plus-receive-and-send-fax-1170782544.md","screenshots/fax-plus-receive-and-send-fax-1170782544/cover.webp","screenshots/fax-plus-receive-and-send-fax-1170782544/cover.webp","screenshots/fax-plus-receive-and-send-fax-1170782544/paywall-screen-2.webp|screenshots/fax-plus-receive-and-send-fax-1170782544/paywall-screen-3.webp","https://www.paywallpro.app/apps/Fax.Plus---Receive-&-Send-Fax-us?id=1952345&utm_source=github&utm_medium=open_dataset&utm_campaign=paywall_gallery","https://www.paywallpro.app/apps/Fax.Plus---Receive-&-Send-Fax-us?id=1952345&utm_source=github&utm_medium=open_dataset&utm_campaign=paywall_gallery","2026-08-05"
"1635552708","Coloring Book - Kids Games 2+","JMH Developers OU","Education","12852","0","1.0.6","2025-03-04","1","5","7","Free Trial - Soft Paywall","2 offer sets across week, month, year","2","apps/coloring-book-kids-games-2-1635552708.md","screenshots/coloring-book-kids-games-2-1635552708/cover.webp","screenshots/coloring-book-kids-games-2-1635552708/cover.webp","screenshots/coloring-book-kids-games-2-1635552708/paywall-weekly-9-99.webp|screenshots/coloring-book-kids-games-2-1635552708/paywall-screen-3.webp","https://www.paywallpro.app/apps/Coloring-Book---Kids-Games-2%2B-us?id=1952047&utm_source=github&utm_medium=open_dataset&utm_campaign=paywall_gallery","https://www.paywallpro.app/apps/Coloring-Book---Kids-Games-2%2B-us?id=1952047&utm_source=github&utm_medium=open_dataset&utm_campaign=paywall_gallery","2026-08-05"
"6469768761","MP3 Converter : music editor","斐峥 刘","Music","12767","194","1.4.6","2025-08-20","1","5","7","Free Trial - Soft Paywall, No Free Trial - Soft Paywall","3 offer sets across week, month, year, one-time purchase","3","apps/mp3-converter-music-editor-6469768761.md","screenshots/mp3-converter-music-editor-6469768761/cover.webp","screenshots/mp3-converter-music-editor-6469768761/cover.webp","screenshots/mp3-converter-music-editor-6469768761/paywall-monthly-12-99.webp|screenshots/mp3-converter-music-editor-6469768761/paywall-weekly-0-99-5-99.webp","https://www.paywallpro.app/apps/MP3-Converter-:-music-editor-us?id=1950059&utm_source=github&utm_medium=open_dataset&utm_campaign=paywall_gallery","https://www.paywallpro.app/apps/MP3-Converter-:-music-editor-us?id=1950059&utm_source=github&utm_medium=open_dataset&utm_campaign=paywall_gallery","2026-08-05"
"1527978047","Toddler Games for 3+ years old","Play & Learn - Learning games for kids and toddlers","Education","12738","0","1.10.0","2025-10-27","2","0","10","Free Trial - Soft Paywall, No Free Trial - Soft Paywall","2 offer sets across week, year","2","apps/toddler-games-for-3-years-old-1527978047.md","screenshots/toddler-games-for-3-years-old-1527978047/cover.webp","screenshots/toddler-games-for-3-years-old-1527978047/cover.webp","screenshots/toddler-games-for-3-years-old-1527978047/paywall-annual-39-99.webp|screenshots/toddler-games-for-3-years-old-1527978047/paywall-screen-3.webp","https://www.paywallpro.app/apps/Toddler-Games-for-3%2B-years-old-us?id=1951955&utm_source=github&utm_medium=open_dataset&utm_campaign=paywall_gallery","https://www.paywallpro.app/apps/Toddler-Games-for-3%2B-years-old-us?id=1951955&utm_source=github&utm_medium=open_dataset&utm_campaign=paywall_gallery","2026-08-05"
"1064893690","Ukulele Tuner & Lessons: Kala","Musopia","Music","12728","194","3.15.9","2025-12-19","3","13","9","Free Trial - Soft Paywall","1 offer set across month, year","1","apps/ukulele-tuner-and-lessons-kala-1064893690.md","screenshots/ukulele-tuner-and-lessons-kala-1064893690/cover.webp","screenshots/ukulele-tuner-and-lessons-kala-1064893690/cover.webp","screenshots/ukulele-tuner-and-lessons-kala-1064893690/paywall-screen-2.webp|screenshots/ukulele-tuner-and-lessons-kala-1064893690/paywall-screen-3.webp","https://www.paywallpro.app/apps/Ukulele-Tuner-&-Lessons:-Kala-us?id=1224650&utm_source=github&utm_medium=open_dataset&utm_campaign=paywall_gallery","https://www.paywallpro.app/apps/Ukulele-Tuner-&-Lessons:-Kala-us?id=1224650&utm_source=github&utm_medium=open_dataset&utm_campaign=paywall_gallery","2026-08-05"
"6446102275","CellarTracker: #1 Wine Tracker","CellarTracker","Food & Drink","12693","132","2.15.0","2025-10-01","1","11","5","Free Trial - Soft Paywall","2 offer sets across month","2","apps/cellartracker-1-wine-tracker-6446102275.md","screenshots/cellartracker-1-wine-tracker-6446102275/cover.webp","screenshots/cellartracker-1-wine-tracker-6446102275/cover.webp","screenshots/cellartracker-1-wine-tracker-6446102275/paywall-monthly-5-99-4-99-7-99-14-99-29-99-44-99.webp|screenshots/cellartracker-1-wine-tracker-6446102275/paywall-screen-3.webp","https://www.paywallpro.app/apps/CellarTracker:-%231-Wine-Tracker-us?id=1950465&utm_source=github&utm_medium=open_dataset&utm_campaign=paywall_gallery","https://www.paywallpro.app/apps/CellarTracker:-%231-Wine-Tracker-us?id=1950465&utm_source=github&utm_medium=open_dataset&utm_campaign=paywall_gallery","2026-08-05"
"6468313323","Bitcoin Mining: Crypto Miner","Lowhill Games Oy","Finance","12684","23","1.4.3","2025-08-05","3","5","7","No Free Trial - Soft Paywall","3 offer sets across month","3","apps/bitcoin-mining-crypto-miner-6468313323.md","screenshots/bitcoin-mining-crypto-miner-6468313323/cover.webp","screenshots/bitcoin-mining-crypto-miner-6468313323/cover.webp","screenshots/bitcoin-mining-crypto-miner-6468313323/paywall-monthly-19-99.webp|screenshots/bitcoin-mining-crypto-miner-6468313323/paywall-monthly-4-99-34-99-144-99-244-99-344-99-444-99-579-779.webp","https://www.paywallpro.app/apps/Bitcoin-Mining:-Crypto-Miner-us?id=18979&utm_source=github&utm_medium=open_dataset&utm_campaign=paywall_gallery","https://www.paywallpro.app/apps/Bitcoin-Mining:-Crypto-Miner-us?id=18979&utm_source=github&utm_medium=open_dataset&utm_campaign=paywall_gallery","2026-08-05"
"919790315","Shudder: Horror & Thrillers","AMC Networks Inc.","Entertainment","12673","186","4.0.48 (728)","2025-09-02","2","4","6","Free Trial - Soft Paywall","2 offer sets across month, year","2","apps/shudder-horror-and-thrillers-919790315.md","screenshots/shudder-horror-and-thrillers-919790315/cover.webp","screenshots/shudder-horror-and-thrillers-919790315/cover.webp","screenshots/shudder-horror-and-thrillers-919790315/paywall-monthly-8-99.webp|screenshots/shudder-horror-and-thrillers-919790315/paywall-screen-3.webp","https://www.paywallpro.app/apps/Shudder:-Horror-&-Thrillers-us?id=570&utm_source=github&utm_medium=open_dataset&utm_campaign=paywall_gallery","https://www.paywallpro.app/apps/Shudder:-Horror-&-Thrillers-us?id=570&utm_source=github&utm_medium=open_dataset&utm_campaign=paywall_gallery","2026-08-05"
"1534938305","Learn to Read - Reading.com","Teaching.com","Education","12666","181","5.4.09","2025-09-02","2","30","5","Free Trial - Soft Paywall","1 offer set across month, year","1","apps/learn-to-read-reading-com-1534938305.md","screenshots/learn-to-read-reading-com-1534938305/cover.webp","screenshots/learn-to-read-reading-com-1534938305/cover.webp","screenshots/learn-to-read-reading-com-1534938305/paywall-screen-2.webp|screenshots/learn-to-read-reading-com-1534938305/paywall-screen-3.webp","https://www.paywallpro.app/apps/Learn-to-Read---Reading.com-us?id=386&utm_source=github&utm_medium=open_dataset&utm_campaign=paywall_gallery","https://www.paywallpro.app/apps/Learn-to-Read---Reading.com-us?id=386&utm_source=github&utm_medium=open_dataset&utm_campaign=paywall_gallery","2026-08-05"
"6747262267","ClearNet VPN Secure","KRAS TEKHNOLODZHI TOV","Productivity","12592","193","1.6","2025-08-11","1","5","7","Free Trial - Soft Paywall","3 offer sets across week","3","apps/clearnet-vpn-secure-6747262267.md","screenshots/clearnet-vpn-secure-6747262267/cover.webp","screenshots/clearnet-vpn-secure-6747262267/cover.webp","screenshots/clearnet-vpn-secure-6747262267/paywall-weekly-7-99.webp|screenshots/clearnet-vpn-secure-6747262267/paywall-weekly-2-99.webp","https://www.paywallpro.app/apps/ClearNet-VPN-Secure-us?id=2104656&utm_source=github&utm_medium=open_dataset&utm_campaign=paywall_gallery","https://www.paywallpro.app/apps/ClearNet-VPN-Secure-us?id=2104656&utm_source=github&utm_medium=open_dataset&utm_campaign=paywall_gallery","2026-08-05"
"1239397626","The Economist: News & Analysis","The Economist","News","12577","16","4.73.0","2026-02-05","7","5","8","Free Trial - Soft Paywall","1 offer set across month, year","1","apps/the-economist-news-and-analysis-1239397626.md","screenshots/the-economist-news-and-analysis-1239397626/cover.webp","screenshots/the-economist-news-and-analysis-1239397626/cover.webp","screenshots/the-economist-news-and-analysis-1239397626/paywall-screen-2.webp|screenshots/the-economist-news-and-analysis-1239397626/paywall-screen-3.webp","https://www.paywallpro.app/apps/The-Economist:-News-&-Analysis-us?id=461&utm_source=github&utm_medium=open_dataset&utm_campaign=paywall_gallery","https://www.paywallpro.app/apps/The-Economist:-News-&-Analysis-us?id=461&utm_source=github&utm_medium=open_dataset&utm_campaign=paywall_gallery","2026-08-05"
"1569379048","WeTransfer: Transfer Files","Wetransfer B.V.","Productivity","12566","54","3.3.22","2025-10-02","3","7","9","Free Trial - Soft Paywall, No Free Trial - Soft Paywall","2 offer sets across week, year","2","apps/wetransfer-transfer-files-1569379048.md","screenshots/wetransfer-transfer-files-1569379048/cover.webp","screenshots/wetransfer-transfer-files-1569379048/cover.webp","screenshots/wetransfer-transfer-files-1569379048/paywall-weekly-3-99-9-99.webp|screenshots/wetransfer-transfer-files-1569379048/paywall-screen-3.webp","https://www.paywallpro.app/apps/WeTransfer:-Transfer-Files-us?id=664&utm_source=github&utm_medium=open_dataset&utm_campaign=paywall_gallery","https://www.paywallpro.app/apps/WeTransfer:-Transfer-Files-us?id=664&utm_source=github&utm_medium=open_dataset&utm_campaign=paywall_gallery","2026-08-05"
"943630636","Hit Em Up: Mass Text Bulk SMS","Zakery Kline","Social Networking","12539","145","3.18.0","2025-10-30","2","4","18","No Free Trial - Soft Paywall","1 offer set across month","1","apps/hit-em-up-mass-text-bulk-sms-943630636.md","screenshots/hit-em-up-mass-text-bulk-sms-943630636/cover.webp","screenshots/hit-em-up-mass-text-bulk-sms-943630636/cover.webp","screenshots/hit-em-up-mass-text-bulk-sms-943630636/paywall-screen-2.webp|screenshots/hit-em-up-mass-text-bulk-sms-943630636/paywall-screen-3.webp","https://www.paywallpro.app/apps/Hit-Em-Up:-Mass-Text-Bulk-SMS-us?id=1199476&utm_source=github&utm_medium=open_dataset&utm_campaign=paywall_gallery","https://www.paywallpro.app/apps/Hit-Em-Up:-Mass-Text-Bulk-SMS-us?id=1199476&utm_source=github&utm_medium=open_dataset&utm_campaign=paywall_gallery","2026-08-05"
"6755166256","Kokoa AI: Chat, Talk, Text","Guarda Net Limited","Entertainment","12463","0","1.0.8","2026-01-25","1","0","8","No Free Trial - Soft Paywall, Currency Paywall","1 offer set across month, year, one-time purchase","1","apps/kokoa-ai-chat-talk-text-6755166256.md","screenshots/kokoa-ai-chat-talk-text-6755166256/cover.webp","screenshots/kokoa-ai-chat-talk-text-6755166256/cover.webp","screenshots/kokoa-ai-chat-talk-text-6755166256/paywall-screen-2.webp|screenshots/kokoa-ai-chat-talk-text-6755166256/paywall-currency-paywall.webp","https://www.paywallpro.app/apps/Kokoa-AI:-Chat%2C-Talk%2C-Text-us?id=2654517&utm_source=github&utm_medium=open_dataset&utm_campaign=paywall_gallery","https://www.paywallpro.app/apps/Kokoa-AI:-Chat%2C-Talk%2C-Text-us?id=2654517&utm_source=github&utm_medium=open_dataset&utm_campaign=paywall_gallery","2026-08-05"
"933921849","Call Santa Claus! create video","First Class Media B.V.","Entertainment","12312","0","4.1.2","2025-06-12","2","0","5","No Free Trial - Soft Paywall","2 offer sets across month, year, one-time purchase","2","apps/call-santa-claus-create-video-933921849.md","screenshots/call-santa-claus-create-video-933921849/cover.webp","screenshots/call-santa-claus-create-video-933921849/cover.webp","screenshots/call-santa-claus-create-video-933921849/paywall-monthly-1-49.webp|screenshots/call-santa-claus-create-video-933921849/paywall-screen-3.webp","https://www.paywallpro.app/apps/Call-Santa-Claus!-create-video-us?id=1192239&utm_source=github&utm_medium=open_dataset&utm_campaign=paywall_gallery","https://www.paywallpro.app/apps/Call-Santa-Claus!-create-video-us?id=1192239&utm_source=github&utm_medium=open_dataset&utm_campaign=paywall_gallery","2026-08-05"
"6477533581","‎AI Remodel — Interior Design","PulseApps Solutions OÜ","Graphics & Design","12286","36","2.26.0","2026-01-26","8","5","4","No Free Trial - Soft Paywall","1 offer set across week, month, year","1","apps/ai-remodel-interior-design-6477533581.md","screenshots/ai-remodel-interior-design-6477533581/cover.webp","screenshots/ai-remodel-interior-design-6477533581/cover.webp","screenshots/ai-remodel-interior-design-6477533581/paywall-screen-2.webp|screenshots/ai-remodel-interior-design-6477533581/paywall-screen-3.webp","https://www.paywallpro.app/apps/%E2%80%8EAI-Remodel-%E2%80%94-Interior-Design-us?id=1088301&utm_source=github&utm_medium=open_dataset&utm_campaign=paywall_gallery","https://www.paywallpro.app/apps/%E2%80%8EAI-Remodel-%E2%80%94-Interior-Design-us?id=1088301&utm_source=github&utm_medium=open_dataset&utm_campaign=paywall_gallery","2026-08-05"
"1194749500","WOW Presents Plus","World of Wonder Productions","Entertainment","12264","70","8.800.1","2024-07-31","2","3","0","No Free Trial - Soft Paywall","1 offer set across month, year","1","apps/wow-presents-plus-1194749500.md","screenshots/wow-presents-plus-1194749500/cover.webp","screenshots/wow-presents-plus-1194749500/cover.webp","screenshots/wow-presents-plus-1194749500/paywall-screen-2.webp|screenshots/wow-presents-plus-1194749500/paywall-screen-3.webp","https://www.paywallpro.app/apps/WOW-Presents-Plus-us?id=263401&utm_source=github&utm_medium=open_dataset&utm_campaign=paywall_gallery","https://www.paywallpro.app/apps/WOW-Presents-Plus-us?id=263401&utm_source=github&utm_medium=open_dataset&utm_campaign=paywall_gallery","2026-08-05"
"1485459932","The Information: Tech News","The Information","News","12264","77","2.7.13","2025-12-19","2","7","6","No Free Trial - Soft Paywall","1 offer set across month, year","1","apps/the-information-tech-news-1485459932.md","screenshots/the-information-tech-news-1485459932/cover.webp","screenshots/the-information-tech-news-1485459932/cover.webp","screenshots/the-information-tech-news-1485459932/paywall-screen-2.webp|screenshots/the-information-tech-news-1485459932/paywall-screen-3.webp","https://www.paywallpro.app/apps/The-Information:-Tech-News-us?id=1950740&utm_source=github&utm_medium=open_dataset&utm_campaign=paywall_gallery","https://www.paywallpro.app/apps/The-Information:-Tech-News-us?id=1950740&utm_source=github&utm_medium=open_dataset&utm_campaign=paywall_gallery","2026-08-05"
"6448085430","Novellair","QVON","Books","12199","44","2.0.6","2025-09-23","2","0","9","Currency Paywall, No Free Trial - Soft Paywall","1 offer set across month","1","apps/novellair-6448085430.md","screenshots/novellair-6448085430/cover.webp","screenshots/novellair-6448085430/cover.webp","screenshots/novellair-6448085430/paywall-monthly-19-99-29-99.webp|screenshots/novellair-6448085430/paywall-currency-paywall.webp","https://www.paywallpro.app/apps/Novellair-us?id=264&utm_source=github&utm_medium=open_dataset&utm_campaign=paywall_gallery","https://www.paywallpro.app/apps/Novellair-us?id=264&utm_source=github&utm_medium=open_dataset&utm_campaign=paywall_gallery","2026-08-05"
"414834813","Pocket Casts: Podcast Player","Automattic","News","12193","62","7.99.1","2025-10-16","1","6","7","Free Trial - Soft Paywall","1 offer set across month, year","1","apps/pocket-casts-podcast-player-414834813.md","screenshots/pocket-casts-podcast-player-414834813/cover.webp","screenshots/pocket-casts-podcast-player-414834813/cover.webp","screenshots/pocket-casts-podcast-player-414834813/paywall-screen-2.webp|screenshots/pocket-casts-podcast-player-414834813/paywall-screen-3.webp","https://www.paywallpro.app/apps/Pocket-Casts:-Podcast-Player-us?id=1951992&utm_source=github&utm_medium=open_dataset&utm_campaign=paywall_gallery","https://www.paywallpro.app/apps/Pocket-Casts:-Podcast-Player-us?id=1951992&utm_source=github&utm_medium=open_dataset&utm_campaign=paywall_gallery","2026-08-05"
"1010391170","Clarity: CBT Self Help Journal","Inquiry Health LLC","Medical","12193","198","5.5.6","2025-09-22","3","38","8","Free Trial - Soft Paywall","1 offer set across year","1","apps/clarity-cbt-self-help-journal-1010391170.md","screenshots/clarity-cbt-self-help-journal-1010391170/cover.webp","screenshots/clarity-cbt-self-help-journal-1010391170/cover.webp","screenshots/clarity-cbt-self-help-journal-1010391170/paywall-screen-2.webp|screenshots/clarity-cbt-self-help-journal-1010391170/paywall-screen-3.webp","https://www.paywallpro.app/apps/Clarity:-CBT-Self-Help-Journal-us?id=838707&utm_source=github&utm_medium=open_dataset&utm_campaign=paywall_gallery","https://www.paywallpro.app/apps/Clarity:-CBT-Self-Help-Journal-us?id=838707&utm_source=github&utm_medium=open_dataset&utm_campaign=paywall_gallery","2026-08-05"
"6476502171","Chatbot AI - Smart Search Bot","Codespace Dijital Hizmetler Anonim Şirketi","Productivity","12187","79","1.5.0","2024-05-17","1","6","0","Free Trial - Soft Paywall","1 offer set across week, one-time purchase","1","apps/chatbot-ai-smart-search-bot-6476502171.md","screenshots/chatbot-ai-smart-search-bot-6476502171/cover.webp","screenshots/chatbot-ai-smart-search-bot-6476502171/cover.webp","screenshots/chatbot-ai-smart-search-bot-6476502171/paywall-screen-2.webp|screenshots/chatbot-ai-smart-search-bot-6476502171/paywall-screen-3.webp","https://www.paywallpro.app/apps/Chatbot-AI---Smart-Search-Bot-us?id=44440&utm_source=github&utm_medium=open_dataset&utm_campaign=paywall_gallery","https://www.paywallpro.app/apps/Chatbot-AI---Smart-Search-Bot-us?id=44440&utm_source=github&utm_medium=open_dataset&utm_campaign=paywall_gallery","2026-08-05"
"1565527320","Stocks To Buy Now : AI Signals","Hello Stocker","Finance","12184","15","23.0","2025-12-13","3","12","6","No Free Trial - Soft Paywall","1 offer set across month, half year, year","1","apps/stocks-to-buy-now-ai-signals-1565527320.md","screenshots/stocks-to-buy-now-ai-signals-1565527320/cover.webp","screenshots/stocks-to-buy-now-ai-signals-1565527320/cover.webp","screenshots/stocks-to-buy-now-ai-signals-1565527320/paywall-screen-2.webp|screenshots/stocks-to-buy-now-ai-signals-1565527320/paywall-screen-3.webp","https://www.paywallpro.app/apps/Stocks-To-Buy-Now-:-AI-Signals-us?id=389439&utm_source=github&utm_medium=open_dataset&utm_campaign=paywall_gallery","https://www.paywallpro.app/apps/Stocks-To-Buy-Now-:-AI-Signals-us?id=389439&utm_source=github&utm_medium=open_dataset&utm_campaign=paywall_gallery","2026-08-05"
"1362809276","Christian Hypnobirthing","Gather Pty Ltd","Medical","12175","168","18.3.0","2025-12-29","1","3","5","Free Trial - Soft Paywall","1 offer set across month, year","1","apps/christian-hypnobirthing-1362809276.md","screenshots/christian-hypnobirthing-1362809276/cover.webp","screenshots/christian-hypnobirthing-1362809276/cover.webp","screenshots/christian-hypnobirthing-1362809276/paywall-screen-2.webp|screenshots/christian-hypnobirthing-1362809276/paywall-screen-3.webp","https://www.paywallpro.app/apps/Christian-Hypnobirthing-us?id=1953061&utm_source=github&utm_medium=open_dataset&utm_campaign=paywall_gallery","https://www.paywallpro.app/apps/Christian-Hypnobirthing-us?id=1953061&utm_source=github&utm_medium=open_dataset&utm_campaign=paywall_gallery","2026-08-12"
"1114223104","Aura: Meditation & Sleep, CBT","Aura Health Inc.","Health & Fitness","12160","112","3.18.165","2025-11-11","2","16","6","Free Trial - Soft Paywall","1 offer set across month, half year, year","1","apps/aura-meditation-and-sleep-cbt-1114223104.md","screenshots/aura-meditation-and-sleep-cbt-1114223104/cover.webp","screenshots/aura-meditation-and-sleep-cbt-1114223104/cover.webp","screenshots/aura-meditation-and-sleep-cbt-1114223104/paywall-screen-2.webp|screenshots/aura-meditation-and-sleep-cbt-1114223104/paywall-screen-3.webp","https://www.paywallpro.app/apps/Aura:-Meditation-&-Sleep%2C-CBT-us?id=694&utm_source=github&utm_medium=open_dataset&utm_campaign=paywall_gallery","https://www.paywallpro.app/apps/Aura:-Meditation-&-Sleep%2C-CBT-us?id=694&utm_source=github&utm_medium=open_dataset&utm_campaign=paywall_gallery","2026-08-12"
"1531728753","Planto: Plant Identifier","Agnes Frances","Education","12158","160","2.2.9","2025-05-09","1","1","3","Free Trial - Soft Paywall","1 offer set across week","1","apps/planto-plant-identifier-1531728753.md","screenshots/planto-plant-identifier-1531728753/cover.webp","screenshots/planto-plant-identifier-1531728753/cover.webp","screenshots/planto-plant-identifier-1531728753/paywall-screen-2.webp|screenshots/planto-plant-identifier-1531728753/paywall-screen-3.webp","https://www.paywallpro.app/apps/Planto:-Plant-Identifier-us?id=1951937&utm_source=github&utm_medium=open_dataset&utm_campaign=paywall_gallery","https://www.paywallpro.app/apps/Planto:-Plant-Identifier-us?id=1951937&utm_source=github&utm_medium=open_dataset&utm_campaign=paywall_gallery","2026-08-12"
"6738049229","Kling AI: AI Image&Video Maker","KLING AI PTE. LTD.","Graphics & Design","12071","43","3.0.21","2026-01-17","6","0","13","No Free Trial - Soft Paywall, Free Trial - Soft Paywall, Currency Paywall","2 offer sets across month, year, one-time purchase","2","apps/kling-ai-ai-image-and-video-maker-6738049229.md","screenshots/kling-ai-ai-image-and-video-maker-6738049229/cover.webp","screenshots/kling-ai-ai-image-and-video-maker-6738049229/cover.webp","screenshots/kling-ai-ai-image-and-video-maker-6738049229/paywall-monthly-10-37-92-179-99.webp|screenshots/kling-ai-ai-image-and-video-maker-6738049229/paywall-monthly-10-37-92-179-99-2.webp","https://www.paywallpro.app/apps/Kling-AI:-AI-Image&Video-Maker-us?id=1330531&utm_source=github&utm_medium=open_dataset&utm_campaign=paywall_gallery","https://www.paywallpro.app/apps/Kling-AI:-AI-Image&Video-Maker-us?id=1330531&utm_source=github&utm_medium=open_dataset&utm_campaign=paywall_gallery","2026-08-12"
"1515080485","Voice Recorder－Audio Memos Арр","Tonti Laguna","Utilities","12042","88","2.0.5","2024-11-14","1","6","0","Free Trial - Soft Paywall","1 offer set across week, year","1","apps/voice-recorder-audio-memos-1515080485.md","screenshots/voice-recorder-audio-memos-1515080485/cover.webp","screenshots/voice-recorder-audio-memos-1515080485/cover.webp","screenshots/voice-recorder-audio-memos-1515080485/paywall-screen-2.webp|screenshots/voice-recorder-audio-memos-1515080485/paywall-screen-3.webp","https://www.paywallpro.app/apps/Voice-Recorder%EF%BC%8DAudio-Memos-%D0%90%D1%80%D1%80-us?id=894118&utm_source=github&utm_medium=open_dataset&utm_campaign=paywall_gallery","https://www.paywallpro.app/apps/Voice-Recorder%EF%BC%8DAudio-Memos-%D0%90%D1%80%D1%80-us?id=894118&utm_source=github&utm_medium=open_dataset&utm_campaign=paywall_gallery","2026-08-12"
"1471102783","快连VPN","LGN Global Tech Inc.","Utilities","11996","129","2.14.5","2025-12-22","2","0","7","No Free Trial - Soft Paywall","1 offer set across week, month, year, quarter","1","apps/vpn-1471102783.md","screenshots/vpn-1471102783/cover.webp","screenshots/vpn-1471102783/cover.webp","screenshots/vpn-1471102783/paywall-screen-2.webp|screenshots/vpn-1471102783/paywall-screen-3.webp","https://www.paywallpro.app/apps/%E5%BF%AB%E8%BF%9EVPN-us?id=1950667&utm_source=github&utm_medium=open_dataset&utm_campaign=paywall_gallery","https://www.paywallpro.app/apps/%E5%BF%AB%E8%BF%9EVPN-us?id=1950667&utm_source=github&utm_medium=open_dataset&utm_campaign=paywall_gallery","2026-08-12"
"1460579936","Falou - Fast language learning","Moymer","Education","11985","198","0.0.380","2025-10-13","2","18","1","No Free Trial - Soft Paywall","2 offer sets across year","2","apps/falou-fast-language-learning-1460579936.md","screenshots/falou-fast-language-learning-1460579936/cover.webp","screenshots/falou-fast-language-learning-1460579936/cover.webp","screenshots/falou-fast-language-learning-1460579936/paywall-annual-49-99.webp|screenshots/falou-fast-language-learning-1460579936/paywall-screen-3.webp","https://www.paywallpro.app/apps/Falou---Fast-language-learning-us?id=894&utm_source=github&utm_medium=open_dataset&utm_campaign=paywall_gallery","https://www.paywallpro.app/apps/Falou---Fast-language-learning-us?id=894&utm_source=github&utm_medium=open_dataset&utm_campaign=paywall_gallery","2026-08-12"
"388947468","The Telegraph: UK & World News","TELEGRAPH MEDIA GROUP HOLDINGS LIMITED","News","11879","101","5.9.0","2025-09-17","1","0","10","Free Trial - Soft Paywall","1 offer set across month","1","apps/the-telegraph-uk-and-world-news-388947468.md","screenshots/the-telegraph-uk-and-world-news-388947468/cover.webp","screenshots/the-telegraph-uk-and-world-news-388947468/cover.webp","screenshots/the-telegraph-uk-and-world-news-388947468/paywall-screen-2.webp|screenshots/the-telegraph-uk-and-world-news-388947468/paywall-screen-3.webp","https://www.paywallpro.app/apps/The-Telegraph:-UK-&-World-News-us?id=1950709&utm_source=github&utm_medium=open_dataset&utm_campaign=paywall_gallery","https://www.paywallpro.app/apps/The-Telegraph:-UK-&-World-News-us?id=1950709&utm_source=github&utm_medium=open_dataset&utm_campaign=paywall_gallery","2026-08-12"
"1545593132","Glam AI: Video & Photo Editor","Glam Labs, Inc.","Photo & Video","11852","71","6.4.3","2024-09-19","2","11","0","No Free Trial - Soft Paywall","3 offer sets across week, year","3","apps/glam-ai-video-and-photo-editor-1545593132.md","screenshots/glam-ai-video-and-photo-editor-1545593132/cover.webp","screenshots/glam-ai-video-and-photo-editor-1545593132/cover.webp","screenshots/glam-ai-video-and-photo-editor-1545593132/paywall-annual-39-99-119.webp|screenshots/glam-ai-video-and-photo-editor-1545593132/paywall-annual-32-49.webp","https://www.paywallpro.app/apps/Glam-AI:-Video-&-Photo-Editor-us?id=32158&utm_source=github&utm_medium=open_dataset&utm_campaign=paywall_gallery","https://www.paywallpro.app/apps/Glam-AI:-Video-&-Photo-Editor-us?id=32158&utm_source=github&utm_medium=open_dataset&utm_campaign=paywall_gallery","2026-08-12"
"6744237126","FlareFlow","FlareFlow Pte. Ltd.","Entertainment","11819","36","2.0.5","2026-03-03","6","0","9","No Free Trial - Soft Paywall, Currency Paywall","1 offer set across week, month, year","1","apps/flareflow-6744237126.md","screenshots/flareflow-6744237126/cover.webp","screenshots/flareflow-6744237126/cover.webp","screenshots/flareflow-6744237126/paywall-currency-paywall.webp|screenshots/flareflow-6744237126/paywall-screen-3.webp","https://www.paywallpro.app/apps/FlareFlow-us?id=1738227&utm_source=github&utm_medium=open_dataset&utm_campaign=paywall_gallery","https://www.paywallpro.app/apps/FlareFlow-us?id=1738227&utm_source=github&utm_medium=open_dataset&utm_campaign=paywall_gallery","2026-08-12"
"1322234579","QR, Barcode Scanner for iPhone","Smart Tool Studio","Utilities","11797","60","2.1.3","2025-05-28","2","0","6","No Free Trial - Soft Paywall","1 offer set across week, year, one-time purchase","1","apps/qr-barcode-scanner-for-iphone-1322234579.md","screenshots/qr-barcode-scanner-for-iphone-1322234579/cover.webp","screenshots/qr-barcode-scanner-for-iphone-1322234579/cover.webp","screenshots/qr-barcode-scanner-for-iphone-1322234579/paywall-screen-2.webp|screenshots/qr-barcode-scanner-for-iphone-1322234579/paywall-screen-3.webp","https://www.paywallpro.app/apps/QR%2C-Barcode-Scanner-for-iPhone-us?id=696&utm_source=github&utm_medium=open_dataset&utm_campaign=paywall_gallery","https://www.paywallpro.app/apps/QR%2C-Barcode-Scanner-for-iPhone-us?id=696&utm_source=github&utm_medium=open_dataset&utm_campaign=paywall_gallery","2026-08-12"
"1496800347","xScan : Document Scanner App","VPN MobApps Limited","Business","11796","39","2.10.2","2024-03-06","1","6","0","Free Trial - Soft Paywall","2 offer sets across week, year, one-time purchase","2","apps/xscan-document-scanner-app-1496800347.md","screenshots/xscan-document-scanner-app-1496800347/cover.webp","screenshots/xscan-document-scanner-app-1496800347/cover.webp","screenshots/xscan-document-scanner-app-1496800347/paywall-weekly-6-99.webp|screenshots/xscan-document-scanner-app-1496800347/paywall-screen-3.webp","https://www.paywallpro.app/apps/xScan-:-Document-Scanner-App-us?id=632&utm_source=github&utm_medium=open_dataset&utm_campaign=paywall_gallery","https://www.paywallpro.app/apps/xScan-:-Document-Scanner-App-us?id=632&utm_source=github&utm_medium=open_dataset&utm_campaign=paywall_gallery","2026-08-12"
"1476047194","Plantum - AI Plant Identifier","AIBY","Education","11733","191","6.13","2025-12-17","4","8","6","Free Trial - Soft Paywall, No Free Trial - Soft Paywall","2 offer sets across week, year","2","apps/plantum-ai-plant-identifier-1476047194.md","screenshots/plantum-ai-plant-identifier-1476047194/cover.webp","screenshots/plantum-ai-plant-identifier-1476047194/cover.webp","screenshots/plantum-ai-plant-identifier-1476047194/paywall-annual-19-99.webp|screenshots/plantum-ai-plant-identifier-1476047194/paywall-screen-3.webp","https://www.paywallpro.app/apps/Plantum---AI-Plant-Identifier-us?id=369&utm_source=github&utm_medium=open_dataset&utm_campaign=paywall_gallery","https://www.paywallpro.app/apps/Plantum---AI-Plant-Identifier-us?id=369&utm_source=github&utm_medium=open_dataset&utm_campaign=paywall_gallery","2026-08-12"
"6443872496","HeartFit - Heart Rate Monitor","WESTWEY","Lifestyle","11732","80","1.5","2022-12-21","1","6","0","Free Trial - Soft Paywall, Free Trial - Hard Paywall","2 offer sets across week, month, year","2","apps/heartfit-heart-rate-monitor-6443872496.md","screenshots/heartfit-heart-rate-monitor-6443872496/cover.webp","screenshots/heartfit-heart-rate-monitor-6443872496/cover.webp","screenshots/heartfit-heart-rate-monitor-6443872496/paywall-weekly-4-99.webp|screenshots/heartfit-heart-rate-monitor-6443872496/paywall-screen-3.webp","https://www.paywallpro.app/apps/HeartFit---Heart-Rate-Monitor-us?id=5772&utm_source=github&utm_medium=open_dataset&utm_campaign=paywall_gallery","https://www.paywallpro.app/apps/HeartFit---Heart-Rate-Monitor-us?id=5772&utm_source=github&utm_medium=open_dataset&utm_campaign=paywall_gallery","2026-08-12"
"1662071074","Authenticator App ©","IntelliVision limited","Productivity","11673","199","2.0","2025-06-14","1","0","7","Free Trial - Soft Paywall","1 offer set across year","1","apps/authenticator-app-1662071074.md","screenshots/authenticator-app-1662071074/cover.webp","screenshots/authenticator-app-1662071074/cover.webp","screenshots/authenticator-app-1662071074/paywall-screen-2.webp|screenshots/authenticator-app-1662071074/paywall-screen-3.webp","https://www.paywallpro.app/apps/Authenticator-App-%C2%A9-us?id=1952004&utm_source=github&utm_medium=open_dataset&utm_campaign=paywall_gallery","https://www.paywallpro.app/apps/Authenticator-App-%C2%A9-us?id=1952004&utm_source=github&utm_medium=open_dataset&utm_campaign=paywall_gallery","2026-08-12"
"1475682282","Crayola Scribble Scrubbie Pets","Crayola","Education","11667","0","1.46.0","2025-10-16","2","0","7","No Free Trial - Soft Paywall","1 offer set across month, year","1","apps/crayola-scribble-scrubbie-pets-1475682282.md","screenshots/crayola-scribble-scrubbie-pets-1475682282/cover.webp","screenshots/crayola-scribble-scrubbie-pets-1475682282/cover.webp","screenshots/crayola-scribble-scrubbie-pets-1475682282/paywall-screen-2.webp|screenshots/crayola-scribble-scrubbie-pets-1475682282/paywall-screen-3.webp","https://www.paywallpro.app/apps/Crayola-Scribble-Scrubbie-Pets-us?id=757344&utm_source=github&utm_medium=open_dataset&utm_campaign=paywall_gallery","https://www.paywallpro.app/apps/Crayola-Scribble-Scrubbie-Pets-us?id=757344&utm_source=github&utm_medium=open_dataset&utm_campaign=paywall_gallery","2026-08-12"
"6451086620","MCPE Addons Maps Skins Shaders","JUG FEST d.o.o","Entertainment","11573","0","1.8","2025-08-08","1","5","0","Free Trial - Hard Paywall","1 offer set across week","1","apps/mcpe-addons-maps-skins-shaders-6451086620.md","screenshots/mcpe-addons-maps-skins-shaders-6451086620/cover.webp","screenshots/mcpe-addons-maps-skins-shaders-6451086620/cover.webp","screenshots/mcpe-addons-maps-skins-shaders-6451086620/paywall-screen-2.webp|screenshots/mcpe-addons-maps-skins-shaders-6451086620/paywall-screen-3.webp","https://www.paywallpro.app/apps/MCPE-Addons-Maps-Skins-Shaders-us?id=1950680&utm_source=github&utm_medium=open_dataset&utm_campaign=paywall_gallery","https://www.paywallpro.app/apps/MCPE-Addons-Maps-Skins-Shaders-us?id=1950680&utm_source=github&utm_medium=open_dataset&utm_campaign=paywall_gallery","2026-08-12"
"509987785","Photo Collage Maker PicJointer","Mosaic S.r.l.","Photo & Video","11569","75","7.4.60","2026-02-12","3","6","16","Free Trial - Soft Paywall","2 offer sets across week, year","2","apps/photo-collage-maker-picjointer-509987785.md","screenshots/photo-collage-maker-picjointer-509987785/cover.webp","screenshots/photo-collage-maker-picjointer-509987785/cover.webp","screenshots/photo-collage-maker-picjointer-509987785/paywall-weekly-9-99-4-99.webp|screenshots/photo-collage-maker-picjointer-509987785/paywall-screen-3.webp","https://www.paywallpro.app/apps/Photo-Collage-Maker-PicJointer-us?id=270&utm_source=github&utm_medium=open_dataset&utm_campaign=paywall_gallery","https://www.paywallpro.app/apps/Photo-Collage-Maker-PicJointer-us?id=270&utm_source=github&utm_medium=open_dataset&utm_campaign=paywall_gallery","2026-06-05"
"1347045754","Toddler Games for 2+ Year Olds","KidloLand Kids & Toddler Games","Education","11566","0","5.6.2","2025-06-26","2","30","0","Free Trial - Soft Paywall, No Free Trial - Soft Paywall","2 offer sets across year","2","apps/toddler-games-for-2-year-olds-1347045754.md","screenshots/toddler-games-for-2-year-olds-1347045754/cover.webp","screenshots/toddler-games-for-2-year-olds-1347045754/cover.webp","screenshots/toddler-games-for-2-year-olds-1347045754/paywall-annual-39-99.webp|screenshots/toddler-games-for-2-year-olds-1347045754/paywall-screen-3.webp","https://www.paywallpro.app/apps/Toddler-Games-for-2%2B-Year-Olds-us?id=1951990&utm_source=github&utm_medium=open_dataset&utm_campaign=paywall_gallery","https://www.paywallpro.app/apps/Toddler-Games-for-2%2B-Year-Olds-us?id=1951990&utm_source=github&utm_medium=open_dataset&utm_campaign=paywall_gallery","2026-08-12"
"6751800272","AI Song Generator & Creator","KNOW MOBILE LTD","Music","11553","0","","2026-04-16","1","5","7","No Free Trial - Soft Paywall, Currency Paywall","1 offer set across week, year","1","apps/ai-song-generator-and-creator-6751800272.md","screenshots/ai-song-generator-and-creator-6751800272/cover.webp","screenshots/ai-song-generator-and-creator-6751800272/cover.webp","screenshots/ai-song-generator-and-creator-6751800272/paywall-currency-paywall.webp|screenshots/ai-song-generator-and-creator-6751800272/paywall-screen-3.webp","https://www.paywallpro.app/apps/AI-Song-Generator-&-Creator-us?id=2353637&utm_source=github&utm_medium=open_dataset&utm_campaign=paywall_gallery","https://www.paywallpro.app/apps/AI-Song-Generator-&-Creator-us?id=2353637&utm_source=github&utm_medium=open_dataset&utm_campaign=paywall_gallery","2026-08-12"
"1494275997","Portrait:Make Avatar Character","Orchard Innovations","Photo & Video","11484","189","6.0.0","2024-04-09","1","0","3","Free Trial - Soft Paywall","1 offer set across week, month, year","1","apps/portrait-make-avatar-character-1494275997.md","screenshots/portrait-make-avatar-character-1494275997/cover.webp","screenshots/portrait-make-avatar-character-1494275997/cover.webp","screenshots/portrait-make-avatar-character-1494275997/paywall-screen-2.webp|screenshots/portrait-make-avatar-character-1494275997/paywall-screen-3.webp","https://www.paywallpro.app/apps/Portrait:Make-Avatar-Character-us?id=43493&utm_source=github&utm_medium=open_dataset&utm_campaign=paywall_gallery","https://www.paywallpro.app/apps/Portrait:Make-Avatar-Character-us?id=43493&utm_source=github&utm_medium=open_dataset&utm_campaign=paywall_gallery","2026-08-12"
"325955298","Life Bible App","Tecarta, Inc.","Reference","11467","186","10.2.110","2025-10-07","1","5","8","Free Trial - Soft Paywall","1 offer set across month, year","1","apps/life-bible-app-325955298.md","screenshots/life-bible-app-325955298/cover.webp","screenshots/life-bible-app-325955298/cover.webp","screenshots/life-bible-app-325955298/paywall-screen-2.webp|screenshots/life-bible-app-325955298/paywall-screen-3.webp","https://www.paywallpro.app/apps/Life-Bible-App-us?id=1488816&utm_source=github&utm_medium=open_dataset&utm_campaign=paywall_gallery","https://www.paywallpro.app/apps/Life-Bible-App-us?id=1488816&utm_source=github&utm_medium=open_dataset&utm_campaign=paywall_gallery","2026-08-12"
"6445847779","ScanCoin: identify & check","ML & AI Solutions","Reference","11464","140","1.2.1","2024-10-04","1","3","6","Free Trial - Soft Paywall","1 offer set across week, one-time purchase","1","apps/scancoin-identify-and-check-6445847779.md","screenshots/scancoin-identify-and-check-6445847779/cover.webp","screenshots/scancoin-identify-and-check-6445847779/cover.webp","screenshots/scancoin-identify-and-check-6445847779/paywall-screen-2.webp|screenshots/scancoin-identify-and-check-6445847779/paywall-screen-3.webp","https://www.paywallpro.app/apps/ScanCoin:-identify-&-check-us?id=1953051&utm_source=github&utm_medium=open_dataset&utm_campaign=paywall_gallery","https://www.paywallpro.app/apps/ScanCoin:-identify-&-check-us?id=1953051&utm_source=github&utm_medium=open_dataset&utm_campaign=paywall_gallery","2026-08-12"
"1475112177","onX Offroad: Trail Maps & GPS","onXmaps, Inc.","Navigation","11457","17","25.49.1","2025-12-18","3","5","7","Free Trial - Soft Paywall","1 offer set across year","1","apps/onx-offroad-trail-maps-and-gps-1475112177.md","screenshots/onx-offroad-trail-maps-and-gps-1475112177/cover.webp","screenshots/onx-offroad-trail-maps-and-gps-1475112177/cover.webp","screenshots/onx-offroad-trail-maps-and-gps-1475112177/paywall-screen-2.webp|screenshots/onx-offroad-trail-maps-and-gps-1475112177/paywall-screen-3.webp","https://www.paywallpro.app/apps/onX-Offroad:-Trail-Maps-&-GPS-us?id=182&utm_source=github&utm_medium=open_dataset&utm_campaign=paywall_gallery","https://www.paywallpro.app/apps/onX-Offroad:-Trail-Maps-&-GPS-us?id=182&utm_source=github&utm_medium=open_dataset&utm_campaign=paywall_gallery","2026-08-12"
"1260895318","Pinksy: Drawing Games for Kids","Bini Bambini Academy","Education","11454","0","7.0.0","2025-12-10","2","9","6","Free Trial - Soft Paywall, No Free Trial - Soft Paywall","2 offer sets across month, year","2","apps/pinksy-drawing-games-for-kids-1260895318.md","screenshots/pinksy-drawing-games-for-kids-1260895318/cover.webp","screenshots/pinksy-drawing-games-for-kids-1260895318/cover.webp","screenshots/pinksy-drawing-games-for-kids-1260895318/paywall-monthly-7-99.webp|screenshots/pinksy-drawing-games-for-kids-1260895318/paywall-screen-3.webp","https://www.paywallpro.app/apps/Pinksy:-Drawing-Games-for-Kids-us?id=1951436&utm_source=github&utm_medium=open_dataset&utm_campaign=paywall_gallery","https://www.paywallpro.app/apps/Pinksy:-Drawing-Games-for-Kids-us?id=1951436&utm_source=github&utm_medium=open_dataset&utm_campaign=paywall_gallery","2026-08-12"
"1590841930","Mimic - AI Photo Face Animator","SCALEUP YAZILIM HIZMETLERI","Entertainment","11439","198","2.0.11","2024-08-22","2","4","0","Free Trial - Soft Paywall","1 offer set across week, one-time purchase","1","apps/mimic-ai-photo-face-animator-1590841930.md","screenshots/mimic-ai-photo-face-animator-1590841930/cover.webp","screenshots/mimic-ai-photo-face-animator-1590841930/cover.webp","screenshots/mimic-ai-photo-face-animator-1590841930/paywall-screen-2.webp|screenshots/mimic-ai-photo-face-animator-1590841930/paywall-screen-3.webp","https://www.paywallpro.app/apps/Mimic---AI-Photo-Face-Animator-us?id=918&utm_source=github&utm_medium=open_dataset&utm_campaign=paywall_gallery","https://www.paywallpro.app/apps/Mimic---AI-Photo-Face-Animator-us?id=918&utm_source=github&utm_medium=open_dataset&utm_campaign=paywall_gallery","2026-08-12"
"1625343601","Face Swap Video by DuoFace","DavKon Tech, LLC","Photo & Video","11396","117","1.7.5","2024-10-29","1","3","0","Free Trial - Soft Paywall","1 offer set across week, year","1","apps/face-swap-video-by-duoface-1625343601.md","screenshots/face-swap-video-by-duoface-1625343601/cover.webp","screenshots/face-swap-video-by-duoface-1625343601/cover.webp","screenshots/face-swap-video-by-duoface-1625343601/paywall-screen-2.webp|screenshots/face-swap-video-by-duoface-1625343601/paywall-screen-3.webp","https://www.paywallpro.app/apps/Face-Swap-Video-by-DuoFace-us?id=907739&utm_source=github&utm_medium=open_dataset&utm_campaign=paywall_gallery","https://www.paywallpro.app/apps/Face-Swap-Video-by-DuoFace-us?id=907739&utm_source=github&utm_medium=open_dataset&utm_campaign=paywall_gallery","2026-08-12"
"542238652","Fishbox - Smart Fishing App","MEMS Group, Inc.","Sports","11344","174","6.16.0","2025-10-30","2","22","6","No Free Trial - Soft Paywall, Free Trial - Soft Paywall","2 offer sets across week, year, one-time purchase","2","apps/fishbox-smart-fishing-app-542238652.md","screenshots/fishbox-smart-fishing-app-542238652/cover.webp","screenshots/fishbox-smart-fishing-app-542238652/cover.webp","screenshots/fishbox-smart-fishing-app-542238652/paywall-annual-19-99.webp|screenshots/fishbox-smart-fishing-app-542238652/paywall-screen-3.webp","https://www.paywallpro.app/apps/Fishbox---Smart-Fishing-App-us?id=46328&utm_source=github&utm_medium=open_dataset&utm_campaign=paywall_gallery","https://www.paywallpro.app/apps/Fishbox---Smart-Fishing-App-us?id=46328&utm_source=github&utm_medium=open_dataset&utm_campaign=paywall_gallery","2026-08-12"
"442415567","Brainscape - Study Flashcards","Brainscape","Education","11328","0","4.20250616","2025-06-18","1","0","9","No Free Trial - Soft Paywall","1 offer set across month, half year, year, one-time purchase","1","apps/brainscape-study-flashcards-442415567.md","screenshots/brainscape-study-flashcards-442415567/cover.webp","screenshots/brainscape-study-flashcards-442415567/cover.webp","screenshots/brainscape-study-flashcards-442415567/paywall-screen-2.webp|screenshots/brainscape-study-flashcards-442415567/paywall-screen-3.webp","https://www.paywallpro.app/apps/Brainscape---Study-Flashcards-us?id=1951975&utm_source=github&utm_medium=open_dataset&utm_campaign=paywall_gallery","https://www.paywallpro.app/apps/Brainscape---Study-Flashcards-us?id=1951975&utm_source=github&utm_medium=open_dataset&utm_campaign=paywall_gallery","2026-08-12"
"419878345","NOLA.com","Capital City Press, LLC","News","11316","198","4.2.5","2025-11-25","1","7","7","No Free Trial - Soft Paywall","1 offer set across month","1","apps/nola-com-419878345.md","screenshots/nola-com-419878345/cover.webp","screenshots/nola-com-419878345/cover.webp","screenshots/nola-com-419878345/paywall-screen-2.webp|screenshots/nola-com-419878345/paywall-screen-3.webp","https://www.paywallpro.app/apps/NOLA.com-us?id=1952065&utm_source=github&utm_medium=open_dataset&utm_campaign=paywall_gallery","https://www.paywallpro.app/apps/NOLA.com-us?id=1952065&utm_source=github&utm_medium=open_dataset&utm_campaign=paywall_gallery","2026-08-12"
"563910324","MarineTraffic - Ship Tracking","MarineTraffic Applications LTD","Travel","11256","188","4.1.78","2025-08-30","1","8","9","No Free Trial - Soft Paywall","3 offer sets across month, year","3","apps/marinetraffic-ship-tracking-563910324.md","screenshots/marinetraffic-ship-tracking-563910324/cover.webp","screenshots/marinetraffic-ship-tracking-563910324/cover.webp","screenshots/marinetraffic-ship-tracking-563910324/paywall-monthly-8-99.webp|screenshots/marinetraffic-ship-tracking-563910324/paywall-monthly-6-99.webp","https://www.paywallpro.app/apps/MarineTraffic---Ship-Tracking-us?id=1950043&utm_source=github&utm_medium=open_dataset&utm_campaign=paywall_gallery","https://www.paywallpro.app/apps/MarineTraffic---Ship-Tracking-us?id=1950043&utm_source=github&utm_medium=open_dataset&utm_campaign=paywall_gallery","2026-08-12"
"921687947","Daddyhunt– Gay Dating & Chat","DH Services","Social Networking","11251","0","4.18.0","2025-07-08","1","8","3","No Free Trial - Soft Paywall","1 offer set across week, month, year, quarter","1","apps/daddyhunt-gay-dating-and-chat-921687947.md","screenshots/daddyhunt-gay-dating-and-chat-921687947/cover.webp","screenshots/daddyhunt-gay-dating-and-chat-921687947/cover.webp","screenshots/daddyhunt-gay-dating-and-chat-921687947/paywall-screen-2.webp|screenshots/daddyhunt-gay-dating-and-chat-921687947/paywall-screen-3.webp","https://www.paywallpro.app/apps/Daddyhunt%E2%80%93-Gay-Dating-&-Chat-us?id=1959181&utm_source=github&utm_medium=open_dataset&utm_campaign=paywall_gallery","https://www.paywallpro.app/apps/Daddyhunt%E2%80%93-Gay-Dating-&-Chat-us?id=1959181&utm_source=github&utm_medium=open_dataset&utm_campaign=paywall_gallery","2026-08-12"
"6740075199","Cleaner PRO:photos cleaner","IntelliChain Tech Limited","Productivity","11214","187","1.0.25","2025-11-06","3","5","4","Free Trial - Soft Paywall","1 offer set across week, year","1","apps/cleaner-pro-photos-cleaner-6740075199.md","screenshots/cleaner-pro-photos-cleaner-6740075199/cover.webp","screenshots/cleaner-pro-photos-cleaner-6740075199/cover.webp","screenshots/cleaner-pro-photos-cleaner-6740075199/paywall-screen-2.webp|screenshots/cleaner-pro-photos-cleaner-6740075199/paywall-screen-3.webp","https://www.paywallpro.app/apps/Cleaner-PRO:photos-cleaner-us?id=1952022&utm_source=github&utm_medium=open_dataset&utm_campaign=paywall_gallery","https://www.paywallpro.app/apps/Cleaner-PRO:photos-cleaner-us?id=1952022&utm_source=github&utm_medium=open_dataset&utm_campaign=paywall_gallery","2026-08-12"
"1121784385","Знакомства для тебя. RusDate","DABLTECH LTD","Social Networking","11205","0","1.67","2025-07-22","2","9","13","Currency Paywall","Not available in preview","0","apps/rusdate-1121784385.md","screenshots/rusdate-1121784385/cover.webp","screenshots/rusdate-1121784385/cover.webp","screenshots/rusdate-1121784385/paywall-screen-2.webp|screenshots/rusdate-1121784385/paywall-screen-3.webp","https://www.paywallpro.app/apps/%D0%97%D0%BD%D0%B0%D0%BA%D0%BE%D0%BC%D1%81%D1%82%D0%B2%D0%B0-%D0%B4%D0%BB%D1%8F-%D1%82%D0%B5%D0%B1%D1%8F.-RusDate-us?id=1949986&utm_source=github&utm_medium=open_dataset&utm_campaign=paywall_gallery","https://www.paywallpro.app/apps/%D0%97%D0%BD%D0%B0%D0%BA%D0%BE%D0%BC%D1%81%D1%82%D0%B2%D0%B0-%D0%B4%D0%BB%D1%8F-%D1%82%D0%B5%D0%B1%D1%8F.-RusDate-us?id=1949986&utm_source=github&utm_medium=open_dataset&utm_campaign=paywall_gallery","2026-08-12"
"1490577892","Plant Identification－Plantaria","Grotem Limited","Education","11199","174","1.56.1","2024-08-14","2","6","0","No Free Trial - Soft Paywall, Free Trial - Soft Paywall","3 offer sets across week, year, one-time purchase","3","apps/plant-identification-plantaria-1490577892.md","screenshots/plant-identification-plantaria-1490577892/cover.webp","screenshots/plant-identification-plantaria-1490577892/cover.webp","screenshots/plant-identification-plantaria-1490577892/paywall-annual-29-99.webp|screenshots/plant-identification-plantaria-1490577892/paywall-weekly-9-99.webp","https://www.paywallpro.app/apps/Plant-Identification%EF%BC%8DPlantaria-us?id=17090&utm_source=github&utm_medium=open_dataset&utm_campaign=paywall_gallery","https://www.paywallpro.app/apps/Plant-Identification%EF%BC%8DPlantaria-us?id=17090&utm_source=github&utm_medium=open_dataset&utm_campaign=paywall_gallery","2026-08-12"
"1255135442","Videoleap: AI Video Editor","Lightricks Ltd.","Photo & Video","11169","134","2.81","2026-02-09","3","10","4","Free Trial - Soft Paywall","3 offer sets across week, year","3","apps/videoleap-ai-video-editor-1255135442.md","screenshots/videoleap-ai-video-editor-1255135442/cover.webp","screenshots/videoleap-ai-video-editor-1255135442/cover.webp","screenshots/videoleap-ai-video-editor-1255135442/paywall-annual-119-99-89-99.webp|screenshots/videoleap-ai-video-editor-1255135442/paywall-weekly-9-99.webp","https://www.paywallpro.app/apps/Videoleap:-AI-Video-Editor-us?id=175&utm_source=github&utm_medium=open_dataset&utm_campaign=paywall_gallery","https://www.paywallpro.app/apps/Videoleap:-AI-Video-Editor-us?id=175&utm_source=github&utm_medium=open_dataset&utm_campaign=paywall_gallery","2026-08-12"
"6450270929","Nomi: AI Companion with a Soul","Nomi.ai","Lifestyle","11164","0","1.11.0","2025-04-18","1","5","7","No Free Trial - Soft Paywall","1 offer set across month, year, quarter","1","apps/nomi-ai-companion-with-a-soul-6450270929.md","screenshots/nomi-ai-companion-with-a-soul-6450270929/cover.webp","screenshots/nomi-ai-companion-with-a-soul-6450270929/cover.webp","screenshots/nomi-ai-companion-with-a-soul-6450270929/paywall-screen-2.webp|screenshots/nomi-ai-companion-with-a-soul-6450270929/paywall-screen-3.webp","https://www.paywallpro.app/apps/Nomi:-AI-Companion-with-a-Soul-us?id=1949980&utm_source=github&utm_medium=open_dataset&utm_campaign=paywall_gallery","https://www.paywallpro.app/apps/Nomi:-AI-Companion-with-a-Soul-us?id=1949980&utm_source=github&utm_medium=open_dataset&utm_campaign=paywall_gallery","2026-08-12"
"1666079896","Scan Now: PDF Document Scanner","East End Technologies Ltd.","Business","11133","170","2.17","2024-06-19","1","5","0","No Free Trial - Soft Paywall, Free Trial - Soft Paywall","1 offer set across week","1","apps/scan-now-pdf-document-scanner-1666079896.md","screenshots/scan-now-pdf-document-scanner-1666079896/cover.webp","screenshots/scan-now-pdf-document-scanner-1666079896/cover.webp","screenshots/scan-now-pdf-document-scanner-1666079896/paywall-screen-2.webp|screenshots/scan-now-pdf-document-scanner-1666079896/paywall-screen-3.webp","https://www.paywallpro.app/apps/Scan-Now:-PDF-Document-Scanner-us?id=885&utm_source=github&utm_medium=open_dataset&utm_campaign=paywall_gallery","https://www.paywallpro.app/apps/Scan-Now:-PDF-Document-Scanner-us?id=885&utm_source=github&utm_medium=open_dataset&utm_campaign=paywall_gallery","2026-08-12"
"1001555097","Drawing for Kids - Baby Games","Bimi Boo Kids Learning Games for Toddlers FZ LLC","Education","11087","0","3.93","2025-12-07","1","0","11","No Free Trial - Soft Paywall","1 offer set across one-time purchase","1","apps/drawing-for-kids-baby-games-1001555097.md","screenshots/drawing-for-kids-baby-games-1001555097/cover.webp","screenshots/drawing-for-kids-baby-games-1001555097/cover.webp","screenshots/drawing-for-kids-baby-games-1001555097/paywall-screen-2.webp|screenshots/drawing-for-kids-baby-games-1001555097/paywall-screen-3.webp","https://www.paywallpro.app/apps/Drawing-for-Kids---Baby-Games-us?id=1951983&utm_source=github&utm_medium=open_dataset&utm_campaign=paywall_gallery","https://www.paywallpro.app/apps/Drawing-for-Kids---Baby-Games-us?id=1951983&utm_source=github&utm_medium=open_dataset&utm_campaign=paywall_gallery","2026-08-12"
"374048661","LivePhish","nugs.net enterprises, LLC","Music","11025","26","4.1.17","2026-01-05","2","4","0","Free Trial - Soft Paywall","1 offer set across month, year","1","apps/livephish-374048661.md","screenshots/livephish-374048661/cover.webp","screenshots/livephish-374048661/cover.webp","screenshots/livephish-374048661/paywall-screen-2.webp|screenshots/livephish-374048661/paywall-screen-3.webp","https://www.paywallpro.app/apps/LivePhish-us?id=17533&utm_source=github&utm_medium=open_dataset&utm_campaign=paywall_gallery","https://www.paywallpro.app/apps/LivePhish-us?id=17533&utm_source=github&utm_medium=open_dataset&utm_campaign=paywall_gallery","2026-08-12"
"904391210","The Detroit News: Local News","Gannett","News","11005","155","8.5.4","2025-09-27","1","5","6","No Free Trial - Soft Paywall","1 offer set across month","1","apps/the-detroit-news-local-news-904391210.md","screenshots/the-detroit-news-local-news-904391210/cover.webp","screenshots/the-detroit-news-local-news-904391210/cover.webp","screenshots/the-detroit-news-local-news-904391210/paywall-screen-2.webp|screenshots/the-detroit-news-local-news-904391210/paywall-screen-3.webp","https://www.paywallpro.app/apps/The-Detroit-News:-Local-News-us?id=1950761&utm_source=github&utm_medium=open_dataset&utm_campaign=paywall_gallery","https://www.paywallpro.app/apps/The-Detroit-News:-Local-News-us?id=1950761&utm_source=github&utm_medium=open_dataset&utm_campaign=paywall_gallery","2026-08-12"
"1461999674","iQIYI - Dramas, Anime, Shows","IQIYI INTERNATIONAL SINGAPORE PTE. LTD.","Entertainment","10959","139","8.1.0","2026-02-12","6","0","12","No Free Trial - Soft Paywall, Currency Paywall","1 offer set across month, year","1","apps/iqiyi-dramas-anime-shows-1461999674.md","screenshots/iqiyi-dramas-anime-shows-1461999674/cover.webp","screenshots/iqiyi-dramas-anime-shows-1461999674/cover.webp","screenshots/iqiyi-dramas-anime-shows-1461999674/paywall-screen-2.webp|screenshots/iqiyi-dramas-anime-shows-1461999674/paywall-currency-paywall.webp","https://www.paywallpro.app/apps/iQIYI---Dramas%2C-Anime%2C-Shows-us?id=295&utm_source=github&utm_medium=open_dataset&utm_campaign=paywall_gallery","https://www.paywallpro.app/apps/iQIYI---Dramas%2C-Anime%2C-Shows-us?id=295&utm_source=github&utm_medium=open_dataset&utm_campaign=paywall_gallery","2026-08-12"
"1506886061","Doctor Games for Kids!","Skidos Learning","Education","10956","0","13.1 (4)","2025-10-19","2","13","8","Free Trial - Soft Paywall","1 offer set across month, year","1","apps/doctor-games-for-kids-1506886061.md","screenshots/doctor-games-for-kids-1506886061/cover.webp","screenshots/doctor-games-for-kids-1506886061/cover.webp","screenshots/doctor-games-for-kids-1506886061/paywall-screen-2.webp|screenshots/doctor-games-for-kids-1506886061/paywall-screen-3.webp","https://www.paywallpro.app/apps/Doctor-Games-for-Kids!-us?id=1951954&utm_source=github&utm_medium=open_dataset&utm_campaign=paywall_gallery","https://www.paywallpro.app/apps/Doctor-Games-for-Kids!-us?id=1951954&utm_source=github&utm_medium=open_dataset&utm_campaign=paywall_gallery","2026-08-12"
"1103961876","Do Habits: Get It Done","Kodeon, Inc.","Productivity","10937","0","3.12.0","2024-11-22","1","8","0","No Free Trial - Soft Paywall, Free Trial - Soft Paywall","2 offer sets across year","2","apps/do-habits-get-it-done-1103961876.md","screenshots/do-habits-get-it-done-1103961876/cover.webp","screenshots/do-habits-get-it-done-1103961876/cover.webp","screenshots/do-habits-get-it-done-1103961876/paywall-annual-59-99.webp|screenshots/do-habits-get-it-done-1103961876/paywall-screen-3.webp","https://www.paywallpro.app/apps/Do-Habits:-Get-It-Done-us?id=1228317&utm_source=github&utm_medium=open_dataset&utm_campaign=paywall_gallery","https://www.paywallpro.app/apps/Do-Habits:-Get-It-Done-us?id=1228317&utm_source=github&utm_medium=open_dataset&utm_campaign=paywall_gallery","2026-08-12"
"1380684374","Timeshifter","Timeshifter Inc.","Travel","10908","194","2.1.39","2025-07-02","1","0","9","No Free Trial - Soft Paywall","1 offer set across year","1","apps/timeshifter-1380684374.md","screenshots/timeshifter-1380684374/cover.webp","screenshots/timeshifter-1380684374/cover.webp","screenshots/timeshifter-1380684374/paywall-screen-2.webp|screenshots/timeshifter-1380684374/paywall-screen-3.webp","https://www.paywallpro.app/apps/Timeshifter-us?id=1950425&utm_source=github&utm_medium=open_dataset&utm_campaign=paywall_gallery","https://www.paywallpro.app/apps/Timeshifter-us?id=1950425&utm_source=github&utm_medium=open_dataset&utm_campaign=paywall_gallery","2026-08-12"
"1559524491","Markup R-XP","Kewin Lawson Smith Limited","Lifestyle","10907","0","0.8.72","2024-04-18","1","0","6","No Free Trial - Soft Paywall","1 offer set across year","1","apps/markup-r-xp-1559524491.md","screenshots/markup-r-xp-1559524491/cover.webp","screenshots/markup-r-xp-1559524491/cover.webp","screenshots/markup-r-xp-1559524491/paywall-screen-2.webp|screenshots/markup-r-xp-1559524491/paywall-screen-3.webp","https://www.paywallpro.app/apps/Markup-R-XP-us?id=1950507&utm_source=github&utm_medium=open_dataset&utm_campaign=paywall_gallery","https://www.paywallpro.app/apps/Markup-R-XP-us?id=1950507&utm_source=github&utm_medium=open_dataset&utm_campaign=paywall_gallery","2026-08-12"
"1606911248","Invoice Maker - Invoice Fly","Labhouse Mobile","Business","10881","42","1.7.57","2024-06-17","2","14","0","Free Trial - Soft Paywall","1 offer set across week, year","1","apps/invoice-maker-invoice-fly-1606911248.md","screenshots/invoice-maker-invoice-fly-1606911248/cover.webp","screenshots/invoice-maker-invoice-fly-1606911248/cover.webp","screenshots/invoice-maker-invoice-fly-1606911248/paywall-screen-2.webp|screenshots/invoice-maker-invoice-fly-1606911248/paywall-screen-3.webp","https://www.paywallpro.app/apps/Invoice-Maker---Invoice-Fly-us?id=784&utm_source=github&utm_medium=open_dataset&utm_campaign=paywall_gallery","https://www.paywallpro.app/apps/Invoice-Maker---Invoice-Fly-us?id=784&utm_source=github&utm_medium=open_dataset&utm_campaign=paywall_gallery","2026-06-05"
"1093108529","Coloring Book for Me","Mosaic S.r.l.","Entertainment","10860","0","4.50.26","2025-12-01","5","9","4","Free Trial - Soft Paywall, No Free Trial - Soft Paywall","2 offer sets across week, year","2","apps/coloring-book-for-me-1093108529.md","screenshots/coloring-book-for-me-1093108529/cover.webp","screenshots/coloring-book-for-me-1093108529/cover.webp","screenshots/coloring-book-for-me-1093108529/paywall-weekly-7-99.webp|screenshots/coloring-book-for-me-1093108529/paywall-screen-3.webp","https://www.paywallpro.app/apps/Coloring-Book-for-Me-us?id=875&utm_source=github&utm_medium=open_dataset&utm_campaign=paywall_gallery","https://www.paywallpro.app/apps/Coloring-Book-for-Me-us?id=875&utm_source=github&utm_medium=open_dataset&utm_campaign=paywall_gallery","2026-08-12"
"6448661220","TypeAI: AI Keyboard & Writer","DEEP FLOW SOFTWARE SERVICES","Productivity","10812","61","3.3.6","2025-06-26","2","6","3","Free Trial - Soft Paywall","1 offer set across week, one-time purchase","1","apps/typeai-ai-keyboard-and-writer-6448661220.md","screenshots/typeai-ai-keyboard-and-writer-6448661220/cover.webp","screenshots/typeai-ai-keyboard-and-writer-6448661220/cover.webp","screenshots/typeai-ai-keyboard-and-writer-6448661220/paywall-screen-2.webp|screenshots/typeai-ai-keyboard-and-writer-6448661220/paywall-screen-3.webp","https://www.paywallpro.app/apps/TypeAI:-AI-Keyboard-&-Writer-us?id=430&utm_source=github&utm_medium=open_dataset&utm_campaign=paywall_gallery","https://www.paywallpro.app/apps/TypeAI:-AI-Keyboard-&-Writer-us?id=430&utm_source=github&utm_medium=open_dataset&utm_campaign=paywall_gallery","2026-08-12"
"331308914","WeightWatchers Program","WW International, Inc.","Health & Fitness","10764","196","11.16.0","2026-03-13","5","8","0","No Free Trial - Soft Paywall","4 offer sets across month","4","apps/weightwatchers-program-331308914.md","screenshots/weightwatchers-program-331308914/cover.webp","screenshots/weightwatchers-program-331308914/cover.webp","screenshots/weightwatchers-program-331308914/paywall-monthly-12-18-24.webp|screenshots/weightwatchers-program-331308914/paywall-monthly-22-33-44.webp","https://www.paywallpro.app/apps/WeightWatchers-Program-us?id=60&utm_source=github&utm_medium=open_dataset&utm_campaign=paywall_gallery","https://www.paywallpro.app/apps/WeightWatchers-Program-us?id=60&utm_source=github&utm_medium=open_dataset&utm_campaign=paywall_gallery","2026-08-12"
"1454778585","Water tracker Waterllama","Llama Luna Apps","Health & Fitness","10749","136","1.85.0","2024-09-27","1","16","0","Free Trial - Soft Paywall, No Free Trial - Soft Paywall","2 offer sets across year, one-time purchase","2","apps/water-tracker-waterllama-1454778585.md","screenshots/water-tracker-waterllama-1454778585/cover.webp","screenshots/water-tracker-waterllama-1454778585/cover.webp","screenshots/water-tracker-waterllama-1454778585/paywall-one-time-purchase-8-99.webp|screenshots/water-tracker-waterllama-1454778585/paywall-screen-3.webp","https://www.paywallpro.app/apps/Water-tracker-Waterllama-us?id=739304&utm_source=github&utm_medium=open_dataset&utm_campaign=paywall_gallery","https://www.paywallpro.app/apps/Water-tracker-Waterllama-us?id=739304&utm_source=github&utm_medium=open_dataset&utm_campaign=paywall_gallery","2026-08-12"
"1257690900","HotStock - in-stock alerts","Litebox Ltd","Shopping","10748","170","1.0.215","2025-09-23","1","0","5","No Free Trial - Soft Paywall","1 offer set across month","1","apps/hotstock-in-stock-alerts-1257690900.md","screenshots/hotstock-in-stock-alerts-1257690900/cover.webp","screenshots/hotstock-in-stock-alerts-1257690900/cover.webp","screenshots/hotstock-in-stock-alerts-1257690900/paywall-screen-2.webp|screenshots/hotstock-in-stock-alerts-1257690900/paywall-screen-3.webp","https://www.paywallpro.app/apps/HotStock---in-stock-alerts-us?id=1133464&utm_source=github&utm_medium=open_dataset&utm_campaign=paywall_gallery","https://www.paywallpro.app/apps/HotStock---in-stock-alerts-us?id=1133464&utm_source=github&utm_medium=open_dataset&utm_campaign=paywall_gallery","2026-08-12"
"1342093386","Mini Photobooth","Minivan Labs","Photo & Video","10736","0","3.96","2025-06-24","2","0","6","No Free Trial - Soft Paywall","1 offer set across month, year","1","apps/mini-photobooth-1342093386.md","screenshots/mini-photobooth-1342093386/cover.webp","screenshots/mini-photobooth-1342093386/cover.webp","screenshots/mini-photobooth-1342093386/paywall-screen-2.webp|screenshots/mini-photobooth-1342093386/paywall-screen-3.webp","https://www.paywallpro.app/apps/Mini-Photobooth-us?id=13311&utm_source=github&utm_medium=open_dataset&utm_campaign=paywall_gallery","https://www.paywallpro.app/apps/Mini-Photobooth-us?id=13311&utm_source=github&utm_medium=open_dataset&utm_campaign=paywall_gallery","2026-08-19"
"6480451978","CafeDrama-Stream Shorts&Series","Shanghai Shaozhen Technology Co., Ltd.","Entertainment","10700","198","2.4.2","2025-10-11","1","0","11","No Free Trial - Soft Paywall, Currency Paywall","1 offer set across week","1","apps/cafedrama-stream-shorts-and-series-6480451978.md","screenshots/cafedrama-stream-shorts-and-series-6480451978/cover.webp","screenshots/cafedrama-stream-shorts-and-series-6480451978/cover.webp","screenshots/cafedrama-stream-shorts-and-series-6480451978/paywall-currency-paywall.webp|screenshots/cafedrama-stream-shorts-and-series-6480451978/paywall-screen-3.webp","https://www.paywallpro.app/apps/CafeDrama-Stream-Shorts&Series-us?id=1964322&utm_source=github&utm_medium=open_dataset&utm_campaign=paywall_gallery","https://www.paywallpro.app/apps/CafeDrama-Stream-Shorts&Series-us?id=1964322&utm_source=github&utm_medium=open_dataset&utm_campaign=paywall_gallery","2026-08-19"
"6448849666","Bible Chat: Daily Devotional","Book Vitals Inc.","Reference","10691","1","4.3.3","2026-03-19","6","22","9","Free Trial - Soft Paywall","2 offer sets across week, month, year","2","apps/bible-chat-daily-devotional-6448849666.md","screenshots/bible-chat-daily-devotional-6448849666/cover.webp","screenshots/bible-chat-daily-devotional-6448849666/cover.webp","screenshots/bible-chat-daily-devotional-6448849666/paywall-weekly-4-99.webp|screenshots/bible-chat-daily-devotional-6448849666/paywall-screen-3.webp","https://www.paywallpro.app/apps/Bible-Chat:-Daily-Devotional-us?id=531&utm_source=github&utm_medium=open_dataset&utm_campaign=paywall_gallery","https://www.paywallpro.app/apps/Bible-Chat:-Daily-Devotional-us?id=531&utm_source=github&utm_medium=open_dataset&utm_campaign=paywall_gallery","2026-08-19"
"1562901389","Optimal Bet: EV Sports Betting","Hergott Technologies, Inc","Sports","10669","194","7.11.1012","2025-10-24","4","22","0","Free Trial - Hard Paywall","1 offer set across year","1","apps/optimal-bet-ev-sports-betting-1562901389.md","screenshots/optimal-bet-ev-sports-betting-1562901389/cover.webp","screenshots/optimal-bet-ev-sports-betting-1562901389/cover.webp","screenshots/optimal-bet-ev-sports-betting-1562901389/paywall-screen-2.webp|screenshots/optimal-bet-ev-sports-betting-1562901389/paywall-screen-3.webp","https://www.paywallpro.app/apps/Optimal-Bet:-EV-Sports-Betting-us?id=5776&utm_source=github&utm_medium=open_dataset&utm_campaign=paywall_gallery","https://www.paywallpro.app/apps/Optimal-Bet:-EV-Sports-Betting-us?id=5776&utm_source=github&utm_medium=open_dataset&utm_campaign=paywall_gallery","2026-08-19"
"6477182124","Radio‎‎ App","Rafiki Apps","Music","10647","29","3.3.0","2025-10-07","1","1","3","Free Trial - Soft Paywall","1 offer set across year","1","apps/radio-app-6477182124.md","screenshots/radio-app-6477182124/cover.webp","screenshots/radio-app-6477182124/cover.webp","screenshots/radio-app-6477182124/paywall-screen-2.webp|screenshots/radio-app-6477182124/paywall-screen-3.webp","https://www.paywallpro.app/apps/Radio%E2%80%8E%E2%80%8E-App-us?id=1950047&utm_source=github&utm_medium=open_dataset&utm_campaign=paywall_gallery","https://www.paywallpro.app/apps/Radio%E2%80%8E%E2%80%8E-App-us?id=1950047&utm_source=github&utm_medium=open_dataset&utm_campaign=paywall_gallery","2026-08-19"
"924635678","Acapella from PicPlayPost","Mixcord Inc.","Music","10634","0","4.46","2025-07-14","1","2","10","Free Trial - Soft Paywall","1 offer set across month, year","1","apps/acapella-from-picplaypost-924635678.md","screenshots/acapella-from-picplaypost-924635678/cover.webp","screenshots/acapella-from-picplaypost-924635678/cover.webp","screenshots/acapella-from-picplaypost-924635678/paywall-screen-2.webp|screenshots/acapella-from-picplaypost-924635678/paywall-screen-3.webp","https://www.paywallpro.app/apps/Acapella-from-PicPlayPost-us?id=1950016&utm_source=github&utm_medium=open_dataset&utm_campaign=paywall_gallery","https://www.paywallpro.app/apps/Acapella-from-PicPlayPost-us?id=1950016&utm_source=github&utm_medium=open_dataset&utm_campaign=paywall_gallery","2026-08-19"
"6618141389","LifePulse :smartlife app","FutureSpark Innovations Limited","Lifestyle","10628","173","1.0.15","2025-08-27","1","6","6","No Free Trial - Soft Paywall, Free Trial - Soft Paywall","2 offer sets across week","2","apps/lifepulse-smartlife-app-6618141389.md","screenshots/lifepulse-smartlife-app-6618141389/cover.webp","screenshots/lifepulse-smartlife-app-6618141389/cover.webp","screenshots/lifepulse-smartlife-app-6618141389/paywall-weekly-6-99.webp|screenshots/lifepulse-smartlife-app-6618141389/paywall-screen-3.webp","https://www.paywallpro.app/apps/LifePulse-:smartlife-app-us?id=2118693&utm_source=github&utm_medium=open_dataset&utm_campaign=paywall_gallery","https://www.paywallpro.app/apps/LifePulse-:smartlife-app-us?id=2118693&utm_source=github&utm_medium=open_dataset&utm_campaign=paywall_gallery","2026-08-19"
"6737041776","Coin Identifier & AI Scanner","COOL SUMMER LIMITED","Reference","10619","66","1.2.8","2025-08-13","1","2","5","No Free Trial - Soft Paywall","2 offer sets across week, year, one-time purchase","2","apps/coin-identifier-and-ai-scanner-6737041776.md","screenshots/coin-identifier-and-ai-scanner-6737041776/cover.webp","screenshots/coin-identifier-and-ai-scanner-6737041776/cover.webp","screenshots/coin-identifier-and-ai-scanner-6737041776/paywall-annual-19-99.webp|screenshots/coin-identifier-and-ai-scanner-6737041776/paywall-screen-3.webp","https://www.paywallpro.app/apps/Coin-Identifier-&-AI-Scanner-us?id=1953127&utm_source=github&utm_medium=open_dataset&utm_campaign=paywall_gallery","https://www.paywallpro.app/apps/Coin-Identifier-&-AI-Scanner-us?id=1953127&utm_source=github&utm_medium=open_dataset&utm_campaign=paywall_gallery","2026-08-19"
"1492019618","Archer Review NCLEX","Archer Review","Education","10587","149","3.3.66","2025-11-03","3","0","9","No Free Trial - Soft Paywall","2 offer sets across month, quarter","2","apps/archer-review-nclex-1492019618.md","screenshots/archer-review-nclex-1492019618/cover.webp","screenshots/archer-review-nclex-1492019618/cover.webp","screenshots/archer-review-nclex-1492019618/paywall-monthly-94-99.webp|screenshots/archer-review-nclex-1492019618/paywall-screen-3.webp","https://www.paywallpro.app/apps/Archer-Review-NCLEX-us?id=34984&utm_source=github&utm_medium=open_dataset&utm_campaign=paywall_gallery","https://www.paywallpro.app/apps/Archer-Review-NCLEX-us?id=34984&utm_source=github&utm_medium=open_dataset&utm_campaign=paywall_gallery","2026-08-19"
"1466169815","2nd1st - Truth, News & Social","Howly, Inc.","News","10576","160","1.2.34","2024-10-22","1","8","8","Free Trial - Soft Paywall","1 offer set across week","1","apps/2nd1st-truth-news-and-social-1466169815.md","screenshots/2nd1st-truth-news-and-social-1466169815/cover.webp","screenshots/2nd1st-truth-news-and-social-1466169815/cover.webp","screenshots/2nd1st-truth-news-and-social-1466169815/paywall-screen-2.webp|screenshots/2nd1st-truth-news-and-social-1466169815/paywall-screen-3.webp","https://www.paywallpro.app/apps/2nd1st---Truth%2C-News-&-Social-us?id=1951918&utm_source=github&utm_medium=open_dataset&utm_campaign=paywall_gallery","https://www.paywallpro.app/apps/2nd1st---Truth%2C-News-&-Social-us?id=1951918&utm_source=github&utm_medium=open_dataset&utm_campaign=paywall_gallery","2026-08-19"
"1088297101","BassForecast: Bass Fishing App","BassForecast, LLC","Sports","10574","190","7.0.6","2025-09-25","1","0","13","No Free Trial - Soft Paywall","2 offer sets across month, year","2","apps/bassforecast-bass-fishing-app-1088297101.md","screenshots/bassforecast-bass-fishing-app-1088297101/cover.webp","screenshots/bassforecast-bass-fishing-app-1088297101/cover.webp","screenshots/bassforecast-bass-fishing-app-1088297101/paywall-monthly-5-99.webp|screenshots/bassforecast-bass-fishing-app-1088297101/paywall-screen-3.webp","https://www.paywallpro.app/apps/BassForecast:-Bass-Fishing-App-us?id=1949516&utm_source=github&utm_medium=open_dataset&utm_campaign=paywall_gallery","https://www.paywallpro.app/apps/BassForecast:-Bass-Fishing-App-us?id=1949516&utm_source=github&utm_medium=open_dataset&utm_campaign=paywall_gallery","2026-08-19"
"1122649984","Prisma: Photo Editor, Filters","Prisma labs, inc.","Photo & Video","10568","0","4.8.0","2023-10-05","1","6","5","Free Trial - Soft Paywall","2 offer sets across month, year","2","apps/prisma-photo-editor-filters-1122649984.md","screenshots/prisma-photo-editor-filters-1122649984/cover.webp","screenshots/prisma-photo-editor-filters-1122649984/cover.webp","screenshots/prisma-photo-editor-filters-1122649984/paywall-monthly-7-99.webp|screenshots/prisma-photo-editor-filters-1122649984/paywall-screen-3.webp","https://www.paywallpro.app/apps/Prisma:-Photo-Editor%2C-Filters-us?id=1951432&utm_source=github&utm_medium=open_dataset&utm_campaign=paywall_gallery","https://www.paywallpro.app/apps/Prisma:-Photo-Editor%2C-Filters-us?id=1951432&utm_source=github&utm_medium=open_dataset&utm_campaign=paywall_gallery","2026-08-19"
"493145008","Headspace: Sleep & Meditation","Headspace Inc.","Health & Fitness","10563","88","3.410.0","2026-02-02","4","13","4","Free Trial - Soft Paywall","1 offer set across month, year","1","apps/headspace-sleep-and-meditation-493145008.md","screenshots/headspace-sleep-and-meditation-493145008/cover.webp","screenshots/headspace-sleep-and-meditation-493145008/cover.webp","screenshots/headspace-sleep-and-meditation-493145008/paywall-screen-2.webp|screenshots/headspace-sleep-and-meditation-493145008/paywall-screen-3.webp","https://www.paywallpro.app/apps/Headspace:-Sleep-&-Meditation-us?id=98&utm_source=github&utm_medium=open_dataset&utm_campaign=paywall_gallery","https://www.paywallpro.app/apps/Headspace:-Sleep-&-Meditation-us?id=98&utm_source=github&utm_medium=open_dataset&utm_campaign=paywall_gallery","2026-06-05"
"6468574624","Xeela: Train, Fuel, Transform","XEELA LLC","Health & Fitness","10552","171","3.2.1","2025-09-18","2","23","0","Free Trial - Hard Paywall","1 offer set across month, year","1","apps/xeela-train-fuel-transform-6468574624.md","screenshots/xeela-train-fuel-transform-6468574624/cover.webp","screenshots/xeela-train-fuel-transform-6468574624/cover.webp","screenshots/xeela-train-fuel-transform-6468574624/paywall-screen-2.webp|screenshots/xeela-train-fuel-transform-6468574624/paywall-screen-3.webp","https://www.paywallpro.app/apps/Xeela:-Train%2C-Fuel%2C-Transform-us?id=1255241&utm_source=github&utm_medium=open_dataset&utm_campaign=paywall_gallery","https://www.paywallpro.app/apps/Xeela:-Train%2C-Fuel%2C-Transform-us?id=1255241&utm_source=github&utm_medium=open_dataset&utm_campaign=paywall_gallery","2026-08-19"
"393782096","Surfline: Wave & Surf Reports","Surfline/Wavetrak","Weather","10550","19","18.0.0","2025-12-08","7","0","13","Free Trial - Soft Paywall","1 offer set across month, year","1","apps/surfline-wave-and-surf-reports-393782096.md","screenshots/surfline-wave-and-surf-reports-393782096/cover.webp","screenshots/surfline-wave-and-surf-reports-393782096/cover.webp","screenshots/surfline-wave-and-surf-reports-393782096/paywall-screen-2.webp|screenshots/surfline-wave-and-surf-reports-393782096/paywall-screen-3.webp","https://www.paywallpro.app/apps/Surfline:-Wave-&-Surf-Reports-us?id=888&utm_source=github&utm_medium=open_dataset&utm_campaign=paywall_gallery","https://www.paywallpro.app/apps/Surfline:-Wave-&-Surf-Reports-us?id=888&utm_source=github&utm_medium=open_dataset&utm_campaign=paywall_gallery","2026-08-19"
"6599842047","Music Recognition- Song Finder","英杰 李","Music","10535","143","1.3.9","2025-10-16","1","7","0","Free Trial - Soft Paywall, Free Trial - Hard Paywall","2 offer sets across week, month, year, one-time purchase","2","apps/music-recognition-song-finder-6599842047.md","screenshots/music-recognition-song-finder-6599842047/cover.webp","screenshots/music-recognition-song-finder-6599842047/cover.webp","screenshots/music-recognition-song-finder-6599842047/paywall-monthly-3-99.webp|screenshots/music-recognition-song-finder-6599842047/paywall-screen-3.webp","https://www.paywallpro.app/apps/Music-Recognition--Song-Finder-us?id=1950420&utm_source=github&utm_medium=open_dataset&utm_campaign=paywall_gallery","https://www.paywallpro.app/apps/Music-Recognition--Song-Finder-us?id=1950420&utm_source=github&utm_medium=open_dataset&utm_campaign=paywall_gallery","2026-08-19"
"281796108","Evernote: AI Notes & Notebook","Evernote Corporation","Productivity","10534","195","10.167.1","2025-12-18","4","11","10","Free Trial - Soft Paywall, No Free Trial - Soft Paywall","2 offer sets across week, month, year","2","apps/evernote-ai-notes-and-notebook-281796108.md","screenshots/evernote-ai-notes-and-notebook-281796108/cover.webp","screenshots/evernote-ai-notes-and-notebook-281796108/cover.webp","screenshots/evernote-ai-notes-and-notebook-281796108/paywall-monthly-14-99.webp|screenshots/evernote-ai-notes-and-notebook-281796108/paywall-screen-3.webp","https://www.paywallpro.app/apps/Evernote:-AI-Notes-&-Notebook-us?id=238&utm_source=github&utm_medium=open_dataset&utm_campaign=paywall_gallery","https://www.paywallpro.app/apps/Evernote:-AI-Notes-&-Notebook-us?id=238&utm_source=github&utm_medium=open_dataset&utm_campaign=paywall_gallery","2026-08-19"
"1486556203","iOverlander","iOverlander, LLC","Travel","10528","196","2.4.40","2025-09-16","1","0","12","Free Trial - Soft Paywall, No Free Trial - Soft Paywall","2 offer sets across month, year","2","apps/ioverlander-1486556203.md","screenshots/ioverlander-1486556203/cover.webp","screenshots/ioverlander-1486556203/cover.webp","screenshots/ioverlander-1486556203/paywall-monthly-5-99-9-99.webp|screenshots/ioverlander-1486556203/paywall-screen-3.webp","https://www.paywallpro.app/apps/iOverlander-us?id=1950018&utm_source=github&utm_medium=open_dataset&utm_campaign=paywall_gallery","https://www.paywallpro.app/apps/iOverlander-us?id=1950018&utm_source=github&utm_medium=open_dataset&utm_campaign=paywall_gallery","2026-08-19"
"1489889871","Moonly: Moon Phases & Calendar","Cosmic Vibrations, Inc.","Lifestyle","10481","182","2.4.9","2025-10-20","4","19","8","No Free Trial - Soft Paywall","2 offer sets across week, year, one-time purchase","2","apps/moonly-moon-phases-and-calendar-1489889871.md","screenshots/moonly-moon-phases-and-calendar-1489889871/cover.webp","screenshots/moonly-moon-phases-and-calendar-1489889871/cover.webp","screenshots/moonly-moon-phases-and-calendar-1489889871/paywall-annual-19-99.webp|screenshots/moonly-moon-phases-and-calendar-1489889871/paywall-screen-3.webp","https://www.paywallpro.app/apps/Moonly:-Moon-Phases-&-Calendar-us?id=5778&utm_source=github&utm_medium=open_dataset&utm_campaign=paywall_gallery","https://www.paywallpro.app/apps/Moonly:-Moon-Phases-&-Calendar-us?id=5778&utm_source=github&utm_medium=open_dataset&utm_campaign=paywall_gallery","2026-08-19"
"6670199973","Beatz: AI Song・Cover Generator","Conlan Limited","Music","10405","135","1.1.4","2025-05-02","1","8","0","No Free Trial - Soft Paywall","1 offer set across week, year","1","apps/beatz-ai-song-cover-generator-6670199973.md","screenshots/beatz-ai-song-cover-generator-6670199973/cover.webp","screenshots/beatz-ai-song-cover-generator-6670199973/cover.webp","screenshots/beatz-ai-song-cover-generator-6670199973/paywall-screen-2.webp|screenshots/beatz-ai-song-cover-generator-6670199973/paywall-screen-3.webp","https://www.paywallpro.app/apps/Beatz:-AI-Song%E3%83%BBCover-Generator-us?id=1950468&utm_source=github&utm_medium=open_dataset&utm_campaign=paywall_gallery","https://www.paywallpro.app/apps/Beatz:-AI-Song%E3%83%BBCover-Generator-us?id=1950468&utm_source=github&utm_medium=open_dataset&utm_campaign=paywall_gallery","2026-08-19"
"1233367570","HIDIVE","HIDIVE, LLC","Entertainment","10396","197","2.28.2","2025-08-26","2","0","12","Free Trial - Soft Paywall","1 offer set across month, year","1","apps/hidive-1233367570.md","screenshots/hidive-1233367570/cover.webp","screenshots/hidive-1233367570/cover.webp","screenshots/hidive-1233367570/paywall-screen-2.webp|screenshots/hidive-1233367570/paywall-screen-3.webp","https://www.paywallpro.app/apps/HIDIVE-us?id=432&utm_source=github&utm_medium=open_dataset&utm_campaign=paywall_gallery","https://www.paywallpro.app/apps/HIDIVE-us?id=432&utm_source=github&utm_medium=open_dataset&utm_campaign=paywall_gallery","2026-08-19"
"6740035698","IQ Booster: Brain Games & Test","HUBX","Education","10386","110","","2026-04-06","1","17","7","Free Trial - Soft Paywall","1 offer set across week, year","1","apps/iq-booster-brain-games-and-test-6740035698.md","screenshots/iq-booster-brain-games-and-test-6740035698/cover.webp","screenshots/iq-booster-brain-games-and-test-6740035698/cover.webp","screenshots/iq-booster-brain-games-and-test-6740035698/paywall-screen-2.webp|screenshots/iq-booster-brain-games-and-test-6740035698/paywall-screen-3.webp","https://www.paywallpro.app/apps/IQ-Booster:-Brain-Games-&-Test-us?id=2293683&utm_source=github&utm_medium=open_dataset&utm_campaign=paywall_gallery","https://www.paywallpro.app/apps/IQ-Booster:-Brain-Games-&-Test-us?id=2293683&utm_source=github&utm_medium=open_dataset&utm_campaign=paywall_gallery","2026-08-19"
"297368629","Lose It! – Calorie Counter","FitNow","Health & Fitness","10379","46","18.2.102","2026-03-26","4","7","6","No Free Trial - Soft Paywall","1 offer set across year","1","apps/lose-it-calorie-counter-297368629.md","screenshots/lose-it-calorie-counter-297368629/cover.webp","screenshots/lose-it-calorie-counter-297368629/cover.webp","screenshots/lose-it-calorie-counter-297368629/paywall-screen-2.webp|screenshots/lose-it-calorie-counter-297368629/paywall-screen-3.webp","https://www.paywallpro.app/apps/Lose-It!-%E2%80%93-Calorie-Counter-us?id=67&utm_source=github&utm_medium=open_dataset&utm_campaign=paywall_gallery","https://www.paywallpro.app/apps/Lose-It!-%E2%80%93-Calorie-Counter-us?id=67&utm_source=github&utm_medium=open_dataset&utm_campaign=paywall_gallery","2026-08-19"
"1529354455","Boostcamp: Workout Programs","BPM Health Co.","Health & Fitness","10379","157","227","2024-11-14","1","21","0","No Free Trial - Soft Paywall, Free Trial - Soft Paywall","3 offer sets across month, year","3","apps/boostcamp-workout-programs-1529354455.md","screenshots/boostcamp-workout-programs-1529354455/cover.webp","screenshots/boostcamp-workout-programs-1529354455/cover.webp","screenshots/boostcamp-workout-programs-1529354455/paywall-monthly-14-99.webp|screenshots/boostcamp-workout-programs-1529354455/paywall-monthly-14-99-2.webp","https://www.paywallpro.app/apps/Boostcamp:-Workout-Programs-us?id=1083829&utm_source=github&utm_medium=open_dataset&utm_campaign=paywall_gallery","https://www.paywallpro.app/apps/Boostcamp:-Workout-Programs-us?id=1083829&utm_source=github&utm_medium=open_dataset&utm_campaign=paywall_gallery","2026-08-19"
"6461420447","Essential - Healthy Lifestyle","Drayfield Labs","Health & Fitness","10372","191","1.4","2023-08-18","2","3","0","Free Trial - Soft Paywall","1 offer set across week","1","apps/essential-healthy-lifestyle-6461420447.md","screenshots/essential-healthy-lifestyle-6461420447/cover.webp","screenshots/essential-healthy-lifestyle-6461420447/cover.webp","screenshots/essential-healthy-lifestyle-6461420447/paywall-screen-2.webp|screenshots/essential-healthy-lifestyle-6461420447/paywall-screen-3.webp","https://www.paywallpro.app/apps/Essential---Healthy-Lifestyle-us?id=795&utm_source=github&utm_medium=open_dataset&utm_campaign=paywall_gallery","https://www.paywallpro.app/apps/Essential---Healthy-Lifestyle-us?id=795&utm_source=github&utm_medium=open_dataset&utm_campaign=paywall_gallery","2026-08-19"
"1136343771","Marvel: Color Your Own","Pixite Inc.","Entertainment","10372","0","1.3.10","2022-08-08","1","2","12","Free Trial - Soft Paywall","1 offer set across week, month","1","apps/marvel-color-your-own-1136343771.md","screenshots/marvel-color-your-own-1136343771/cover.webp","screenshots/marvel-color-your-own-1136343771/cover.webp","screenshots/marvel-color-your-own-1136343771/paywall-screen-2.webp|screenshots/marvel-color-your-own-1136343771/paywall-screen-3.webp","https://www.paywallpro.app/apps/Marvel:-Color-Your-Own-us?id=1950820&utm_source=github&utm_medium=open_dataset&utm_campaign=paywall_gallery","https://www.paywallpro.app/apps/Marvel:-Color-Your-Own-us?id=1950820&utm_source=github&utm_medium=open_dataset&utm_campaign=paywall_gallery","2026-08-19"
"1543571755","Athlytic: Fitness & Recovery","MyndArc, LLC","Health & Fitness","10355","170","5.4.2","2024-10-02","1","6","0","Free Trial - Soft Paywall","1 offer set across year","1","apps/athlytic-fitness-and-recovery-1543571755.md","screenshots/athlytic-fitness-and-recovery-1543571755/cover.webp","screenshots/athlytic-fitness-and-recovery-1543571755/cover.webp","screenshots/athlytic-fitness-and-recovery-1543571755/paywall-screen-2.webp|screenshots/athlytic-fitness-and-recovery-1543571755/paywall-screen-3.webp","https://www.paywallpro.app/apps/Athlytic:-Fitness-&-Recovery-us?id=12367&utm_source=github&utm_medium=open_dataset&utm_campaign=paywall_gallery","https://www.paywallpro.app/apps/Athlytic:-Fitness-&-Recovery-us?id=12367&utm_source=github&utm_medium=open_dataset&utm_campaign=paywall_gallery","2026-08-19"
"989920057","Magic Eraser Background Editor","Alan Cushway","Business","10349","125","v3.9.0","2025-07-01","1","2","1","Free Trial - Soft Paywall","1 offer set across week, year","1","apps/magic-eraser-background-editor-989920057.md","screenshots/magic-eraser-background-editor-989920057/cover.webp","screenshots/magic-eraser-background-editor-989920057/cover.webp","screenshots/magic-eraser-background-editor-989920057/paywall-screen-2.webp|screenshots/magic-eraser-background-editor-989920057/paywall-screen-3.webp","https://www.paywallpro.app/apps/Magic-Eraser-Background-Editor-us?id=1952327&utm_source=github&utm_medium=open_dataset&utm_campaign=paywall_gallery","https://www.paywallpro.app/apps/Magic-Eraser-Background-Editor-us?id=1952327&utm_source=github&utm_medium=open_dataset&utm_campaign=paywall_gallery","2026-08-19"
"1079999103","Mealime Meal Plans & Recipes","Mealime Meal Plans Inc","Food & Drink","10340","193","4.19.9","2024-08-29","1","13","0","No Free Trial - Soft Paywall","1 offer set across month","1","apps/mealime-meal-plans-and-recipes-1079999103.md","screenshots/mealime-meal-plans-and-recipes-1079999103/cover.webp","screenshots/mealime-meal-plans-and-recipes-1079999103/cover.webp","screenshots/mealime-meal-plans-and-recipes-1079999103/paywall-screen-2.webp|screenshots/mealime-meal-plans-and-recipes-1079999103/paywall-screen-3.webp","https://www.paywallpro.app/apps/Mealime-Meal-Plans-&-Recipes-us?id=235270&utm_source=github&utm_medium=open_dataset&utm_campaign=paywall_gallery","https://www.paywallpro.app/apps/Mealime-Meal-Plans-&-Recipes-us?id=235270&utm_source=github&utm_medium=open_dataset&utm_campaign=paywall_gallery","2026-08-19"
"6479388279","Vocal Remover - Musiclab","EaseUS Software","Music","10337","195","2.2.0","2025-09-15","2","6","5","Free Trial - Soft Paywall","1 offer set across month, year","1","apps/vocal-remover-musiclab-6479388279.md","screenshots/vocal-remover-musiclab-6479388279/cover.webp","screenshots/vocal-remover-musiclab-6479388279/cover.webp","screenshots/vocal-remover-musiclab-6479388279/paywall-screen-2.webp|screenshots/vocal-remover-musiclab-6479388279/paywall-screen-3.webp","https://www.paywallpro.app/apps/Vocal-Remover---Musiclab-us?id=1950523&utm_source=github&utm_medium=open_dataset&utm_campaign=paywall_gallery","https://www.paywallpro.app/apps/Vocal-Remover---Musiclab-us?id=1950523&utm_source=github&utm_medium=open_dataset&utm_campaign=paywall_gallery","2026-08-19"
"6467652964","Clean Phone Storage Now","East End Technologies Ltd.","Utilities","10320","190","1.12","2024-05-21","1","3","0","Free Trial - Soft Paywall","1 offer set across week","1","apps/clean-phone-storage-now-6467652964.md","screenshots/clean-phone-storage-now-6467652964/cover.webp","screenshots/clean-phone-storage-now-6467652964/cover.webp","screenshots/clean-phone-storage-now-6467652964/paywall-screen-2.webp|screenshots/clean-phone-storage-now-6467652964/paywall-screen-3.webp","https://www.paywallpro.app/apps/Clean-Phone-Storage-Now-us?id=727&utm_source=github&utm_medium=open_dataset&utm_campaign=paywall_gallery","https://www.paywallpro.app/apps/Clean-Phone-Storage-Now-us?id=727&utm_source=github&utm_medium=open_dataset&utm_campaign=paywall_gallery","2026-08-19"
"370406446","Construction Master Pro Calc","Calculated Industries","Utilities","10298","42","12.5.42","2024-03-25","2","9","0","Free Trial - Soft Paywall","1 offer set across month, year","1","apps/construction-master-pro-calc-370406446.md","screenshots/construction-master-pro-calc-370406446/cover.webp","screenshots/construction-master-pro-calc-370406446/cover.webp","screenshots/construction-master-pro-calc-370406446/paywall-screen-2.webp|screenshots/construction-master-pro-calc-370406446/paywall-screen-3.webp","https://www.paywallpro.app/apps/Construction-Master-Pro-Calc-us?id=766&utm_source=github&utm_medium=open_dataset&utm_campaign=paywall_gallery","https://www.paywallpro.app/apps/Construction-Master-Pro-Calc-us?id=766&utm_source=github&utm_medium=open_dataset&utm_campaign=paywall_gallery","2026-08-19"
"1474586978","Picture Bird: Bird identifier","Next Vision Limited","Reference","10281","189","2.12.22","2024-05-28","2","3","0","Free Trial - Soft Paywall","1 offer set across year","1","apps/picture-bird-bird-identifier-1474586978.md","screenshots/picture-bird-bird-identifier-1474586978/cover.webp","screenshots/picture-bird-bird-identifier-1474586978/cover.webp","screenshots/picture-bird-bird-identifier-1474586978/paywall-screen-2.webp|screenshots/picture-bird-bird-identifier-1474586978/paywall-screen-3.webp","https://www.paywallpro.app/apps/Picture-Bird:-Bird-identifier-us?id=7658&utm_source=github&utm_medium=open_dataset&utm_campaign=paywall_gallery","https://www.paywallpro.app/apps/Picture-Bird:-Bird-identifier-us?id=7658&utm_source=github&utm_medium=open_dataset&utm_campaign=paywall_gallery","2026-08-19"
"6737673284","Samlo: Meet Friends，Video，Chat","Guizhou Piaoling Film And Television Culture Media Co., Ltd.","Social Networking","10270","175","1.0.9","2025-04-24","1","0","5","Currency Paywall","Not available in preview","0","apps/samlo-meet-friends-video-chat-6737673284.md","screenshots/samlo-meet-friends-video-chat-6737673284/cover.webp","screenshots/samlo-meet-friends-video-chat-6737673284/cover.webp","screenshots/samlo-meet-friends-video-chat-6737673284/paywall-screen-2.webp|screenshots/samlo-meet-friends-video-chat-6737673284/paywall-screen-3.webp","https://www.paywallpro.app/apps/Samlo:-Meet-Friends%EF%BC%8CVideo%EF%BC%8CChat-us?id=2034211&utm_source=github&utm_medium=open_dataset&utm_campaign=paywall_gallery","https://www.paywallpro.app/apps/Samlo:-Meet-Friends%EF%BC%8CVideo%EF%BC%8CChat-us?id=2034211&utm_source=github&utm_medium=open_dataset&utm_campaign=paywall_gallery","2026-08-19"
"6615069676","Well Up-Level Up Your Wellness","ILLUMEOS","Health & Fitness","10242","181","1.7.0","2025-10-01","1","3","15","No Free Trial - Soft Paywall","1 offer set across week, month, year","1","apps/well-up-level-up-your-wellness-6615069676.md","screenshots/well-up-level-up-your-wellness-6615069676/cover.webp","screenshots/well-up-level-up-your-wellness-6615069676/cover.webp","screenshots/well-up-level-up-your-wellness-6615069676/paywall-screen-2.webp|screenshots/well-up-level-up-your-wellness-6615069676/paywall-screen-3.webp","https://www.paywallpro.app/apps/Well-Up-Level-Up-Your-Wellness-us?id=1905658&utm_source=github&utm_medium=open_dataset&utm_campaign=paywall_gallery","https://www.paywallpro.app/apps/Well-Up-Level-Up-Your-Wellness-us?id=1905658&utm_source=github&utm_medium=open_dataset&utm_campaign=paywall_gallery","2026-08-19"
"632761100","The Boston Globe","BOSTON GLOBE MEDIA PARTNERS, LLC","News","10233","59","5.0.8","2025-09-18","1","0","11","No Free Trial - Soft Paywall","1 offer set across month","1","apps/the-boston-globe-632761100.md","screenshots/the-boston-globe-632761100/cover.webp","screenshots/the-boston-globe-632761100/cover.webp","screenshots/the-boston-globe-632761100/paywall-screen-2.webp|screenshots/the-boston-globe-632761100/paywall-screen-3.webp","https://www.paywallpro.app/apps/The-Boston-Globe-us?id=1950748&utm_source=github&utm_medium=open_dataset&utm_campaign=paywall_gallery","https://www.paywallpro.app/apps/The-Boston-Globe-us?id=1950748&utm_source=github&utm_medium=open_dataset&utm_campaign=paywall_gallery","2026-08-19"
"1545704110","Stock Signal: AI Stocks Watch","SAGAMILL PTE. LTD.","Finance","10210","0","7.3.0","2025-12-11","2","0","14","No Free Trial - Soft Paywall","1 offer set across month, year, quarter, one-time purchase","1","apps/stock-signal-ai-stocks-watch-1545704110.md","screenshots/stock-signal-ai-stocks-watch-1545704110/cover.webp","screenshots/stock-signal-ai-stocks-watch-1545704110/cover.webp","screenshots/stock-signal-ai-stocks-watch-1545704110/paywall-screen-2.webp|screenshots/stock-signal-ai-stocks-watch-1545704110/paywall-screen-3.webp","https://www.paywallpro.app/apps/Stock-Signal:-AI-Stocks-Watch-us?id=1950006&utm_source=github&utm_medium=open_dataset&utm_campaign=paywall_gallery","https://www.paywallpro.app/apps/Stock-Signal:-AI-Stocks-Watch-us?id=1950006&utm_source=github&utm_medium=open_dataset&utm_campaign=paywall_gallery","2026-08-19"
"1264546236","BetterMe: Health Coaching","BetterMe Limited","Health & Fitness","10209","3","19.4.0","2026-02-20","3","24","0","No Free Trial - Hard Paywall","1 offer set across month","1","apps/betterme-health-coaching-1264546236.md","screenshots/betterme-health-coaching-1264546236/cover.webp","screenshots/betterme-health-coaching-1264546236/cover.webp","screenshots/betterme-health-coaching-1264546236/paywall-screen-2.webp|screenshots/betterme-health-coaching-1264546236/paywall-screen-3.webp","https://www.paywallpro.app/apps/BetterMe:-Health-Coaching-us?id=94&utm_source=github&utm_medium=open_dataset&utm_campaign=paywall_gallery","https://www.paywallpro.app/apps/BetterMe:-Health-Coaching-us?id=94&utm_source=github&utm_medium=open_dataset&utm_campaign=paywall_gallery","2026-08-19"
"6475380865","MiniShorts","NOVENTURE PTE. LTD.","Entertainment","10142","191","1.9.2","2026-02-03","3","0","7","No Free Trial - Soft Paywall, Currency Paywall","1 offer set across week","1","apps/minishorts-6475380865.md","screenshots/minishorts-6475380865/cover.webp","screenshots/minishorts-6475380865/cover.webp","screenshots/minishorts-6475380865/paywall-currency-paywall.webp|screenshots/minishorts-6475380865/paywall-screen-3.webp","https://www.paywallpro.app/apps/MiniShorts-us?id=391&utm_source=github&utm_medium=open_dataset&utm_campaign=paywall_gallery","https://www.paywallpro.app/apps/MiniShorts-us?id=391&utm_source=github&utm_medium=open_dataset&utm_campaign=paywall_gallery","2026-08-19"
"6450106931","Camera Connect - Home Security","GeoGlobe","Travel","10064","196","1.4","2024-12-01","1","5","5","No Free Trial - Soft Paywall","2 offer sets across week, year","2","apps/camera-connect-home-security-6450106931.md","screenshots/camera-connect-home-security-6450106931/cover.webp","screenshots/camera-connect-home-security-6450106931/cover.webp","screenshots/camera-connect-home-security-6450106931/paywall-weekly-8-99.webp|screenshots/camera-connect-home-security-6450106931/paywall-screen-3.webp","https://www.paywallpro.app/apps/Camera-Connect---Home-Security-us?id=1950460&utm_source=github&utm_medium=open_dataset&utm_campaign=paywall_gallery","https://www.paywallpro.app/apps/Camera-Connect---Home-Security-us?id=1950460&utm_source=github&utm_medium=open_dataset&utm_campaign=paywall_gallery","2026-08-19"
"1041517543","Fitbod: Gym & Fitness Planner","Fitbod Inc.","Health & Fitness","10053","21","7.26.0","2026-01-07","2","17","5","Free Trial - Soft Paywall","1 offer set across month, year","1","apps/fitbod-gym-and-fitness-planner-1041517543.md","screenshots/fitbod-gym-and-fitness-planner-1041517543/cover.webp","screenshots/fitbod-gym-and-fitness-planner-1041517543/cover.webp","screenshots/fitbod-gym-and-fitness-planner-1041517543/paywall-screen-2.webp|screenshots/fitbod-gym-and-fitness-planner-1041517543/paywall-screen-3.webp","https://www.paywallpro.app/apps/Fitbod:-Gym-&-Fitness-Planner-us?id=127&utm_source=github&utm_medium=open_dataset&utm_campaign=paywall_gallery","https://www.paywallpro.app/apps/Fitbod:-Gym-&-Fitness-Planner-us?id=127&utm_source=github&utm_medium=open_dataset&utm_campaign=paywall_gallery","2026-08-19"
"6443542020","LANDR - For Music Makers","LANDR Audio Inc.","Music","10034","0","2.5.1","2025-09-11","1","0","11","No Free Trial - Soft Paywall","1 offer set across month, year","1","apps/landr-for-music-makers-6443542020.md","screenshots/landr-for-music-makers-6443542020/cover.webp","screenshots/landr-for-music-makers-6443542020/cover.webp","screenshots/landr-for-music-makers-6443542020/paywall-screen-2.webp|screenshots/landr-for-music-makers-6443542020/paywall-screen-3.webp","https://www.paywallpro.app/apps/LANDR---For-Music-Makers-us?id=1950439&utm_source=github&utm_medium=open_dataset&utm_campaign=paywall_gallery","https://www.paywallpro.app/apps/LANDR---For-Music-Makers-us?id=1950439&utm_source=github&utm_medium=open_dataset&utm_campaign=paywall_gallery","2026-08-19"
"364894352","BrainPOP","BrainPOP®","Education","9999","0","4.0.8","2025-07-21","1","0","11","Free Trial - Soft Paywall","1 offer set across month, year","1","apps/brainpop-364894352.md","screenshots/brainpop-364894352/cover.webp","screenshots/brainpop-364894352/cover.webp","screenshots/brainpop-364894352/paywall-screen-2.webp|screenshots/brainpop-364894352/paywall-screen-3.webp","https://www.paywallpro.app/apps/BrainPOP-us?id=1952005&utm_source=github&utm_medium=open_dataset&utm_campaign=paywall_gallery","https://www.paywallpro.app/apps/BrainPOP-us?id=1952005&utm_source=github&utm_medium=open_dataset&utm_campaign=paywall_gallery","2026-08-19"
"6747337777","VEO 3 · AI Video Generator","Kamal Tiwari","Photo & Video","9982","197","1.5","2025-07-08","1","7","0","No Free Trial - Soft Paywall","1 offer set across week, year, one-time purchase","1","apps/veo-3-ai-video-generator-6747337777.md","screenshots/veo-3-ai-video-generator-6747337777/cover.webp","screenshots/veo-3-ai-video-generator-6747337777/cover.webp","screenshots/veo-3-ai-video-generator-6747337777/paywall-screen-2.webp|screenshots/veo-3-ai-video-generator-6747337777/paywall-screen-3.webp","https://www.paywallpro.app/apps/VEO-3-%C2%B7-AI-Video-Generator-us?id=2043271&utm_source=github&utm_medium=open_dataset&utm_campaign=paywall_gallery","https://www.paywallpro.app/apps/VEO-3-%C2%B7-AI-Video-Generator-us?id=2043271&utm_source=github&utm_medium=open_dataset&utm_campaign=paywall_gallery","2026-08-19"
"6497331326","Talking Tom & Friends: World","Outfit7 Limited","Education","9945","189","1.2.3","2025-10-24","1","0","16","No Free Trial - Soft Paywall","5 offer sets across one-time purchase","5","apps/talking-tom-and-friends-world-6497331326.md","screenshots/talking-tom-and-friends-world-6497331326/cover.webp","screenshots/talking-tom-and-friends-world-6497331326/cover.webp","screenshots/talking-tom-and-friends-world-6497331326/paywall-one-time-purchase-3-99.webp|screenshots/talking-tom-and-friends-world-6497331326/paywall-one-time-purchase-6-99-7-99.webp","https://www.paywallpro.app/apps/Talking-Tom-&-Friends:-World-us?id=1952084&utm_source=github&utm_medium=open_dataset&utm_campaign=paywall_gallery","https://www.paywallpro.app/apps/Talking-Tom-&-Friends:-World-us?id=1952084&utm_source=github&utm_medium=open_dataset&utm_campaign=paywall_gallery","2026-08-19"
"6453163602","AI Photo Generator: FaceOff","Pixery Bilgi Teknolojileri","Photo & Video","9928","195","4.11.1","2025-07-12","3","9","4","No Free Trial - Soft Paywall","1 offer set across week, year, one-time purchase","1","apps/ai-photo-generator-faceoff-6453163602.md","screenshots/ai-photo-generator-faceoff-6453163602/cover.webp","screenshots/ai-photo-generator-faceoff-6453163602/cover.webp","screenshots/ai-photo-generator-faceoff-6453163602/paywall-screen-2.webp|screenshots/ai-photo-generator-faceoff-6453163602/paywall-screen-3.webp","https://www.paywallpro.app/apps/AI-Photo-Generator:-FaceOff-us?id=874&utm_source=github&utm_medium=open_dataset&utm_campaign=paywall_gallery","https://www.paywallpro.app/apps/AI-Photo-Generator:-FaceOff-us?id=874&utm_source=github&utm_medium=open_dataset&utm_campaign=paywall_gallery","2026-08-19"
"1451295827","Impulse - Brain Training","GMRD Apps Limited","Education","9907","12","1.44.2","2026-03-20","5","23","11","Free Trial - Soft Paywall, No Free Trial - Soft Paywall","2 offer sets across week, year, one-time purchase","2","apps/impulse-brain-training-1451295827.md","screenshots/impulse-brain-training-1451295827/cover.webp","screenshots/impulse-brain-training-1451295827/cover.webp","screenshots/impulse-brain-training-1451295827/paywall-annual-28-99.webp|screenshots/impulse-brain-training-1451295827/paywall-screen-3.webp","https://www.paywallpro.app/apps/Impulse---Brain-Training-us?id=76&utm_source=github&utm_medium=open_dataset&utm_campaign=paywall_gallery","https://www.paywallpro.app/apps/Impulse---Brain-Training-us?id=76&utm_source=github&utm_medium=open_dataset&utm_campaign=paywall_gallery","2026-08-19"
"949414211","PocketGuard・Budget Planner App","PocketGuard, Inc.","Finance","9850","0","5.15","2025-05-16","1","8","0","Free Trial - Soft Paywall","1 offer set across month, year","1","apps/pocketguard-budget-planner-app-949414211.md","screenshots/pocketguard-budget-planner-app-949414211/cover.webp","screenshots/pocketguard-budget-planner-app-949414211/cover.webp","screenshots/pocketguard-budget-planner-app-949414211/paywall-screen-2.webp|screenshots/pocketguard-budget-planner-app-949414211/paywall-screen-3.webp","https://www.paywallpro.app/apps/PocketGuard%E3%83%BBBudget-Planner-App-us?id=1950030&utm_source=github&utm_medium=open_dataset&utm_campaign=paywall_gallery","https://www.paywallpro.app/apps/PocketGuard%E3%83%BBBudget-Planner-App-us?id=1950030&utm_source=github&utm_medium=open_dataset&utm_campaign=paywall_gallery","2026-08-19"
"1666080084","Translate: Voice & Text","East End Technologies Ltd.","Reference","9836","190","1.22","2024-06-05","1","4","0","Free Trial - Soft Paywall","1 offer set across week","1","apps/translate-voice-and-text-1666080084.md","screenshots/translate-voice-and-text-1666080084/cover.webp","screenshots/translate-voice-and-text-1666080084/cover.webp","screenshots/translate-voice-and-text-1666080084/paywall-screen-2.webp|screenshots/translate-voice-and-text-1666080084/paywall-screen-3.webp","https://www.paywallpro.app/apps/Translate:-Voice-&-Text-us?id=832&utm_source=github&utm_medium=open_dataset&utm_campaign=paywall_gallery","https://www.paywallpro.app/apps/Translate:-Voice-&-Text-us?id=832&utm_source=github&utm_medium=open_dataset&utm_campaign=paywall_gallery","2026-08-19"
"6749838351","WellMe: Track & Boost Wellness","Urbanwall","Lifestyle","9813","0","1.6.1","2025-09-08","1","2","8","Free Trial - Soft Paywall","2 offer sets across week, month, year","2","apps/wellme-track-and-boost-wellness-6749838351.md","screenshots/wellme-track-and-boost-wellness-6749838351/cover.webp","screenshots/wellme-track-and-boost-wellness-6749838351/cover.webp","screenshots/wellme-track-and-boost-wellness-6749838351/paywall-weekly-9-99.webp|screenshots/wellme-track-and-boost-wellness-6749838351/paywall-weekly-9-99-2.webp","https://www.paywallpro.app/apps/WellMe:-Track-&-Boost-Wellness-us?id=2615006&utm_source=github&utm_medium=open_dataset&utm_campaign=paywall_gallery","https://www.paywallpro.app/apps/WellMe:-Track-&-Boost-Wellness-us?id=2615006&utm_source=github&utm_medium=open_dataset&utm_campaign=paywall_gallery","2026-08-19"
"1596897739","Baby Shark World for Kids","The Pinkfong Company, Inc.","Education","9812","0","1.70","2025-09-08","1","0","11","No Free Trial - Soft Paywall","1 offer set across month, half year, year","1","apps/baby-shark-world-for-kids-1596897739.md","screenshots/baby-shark-world-for-kids-1596897739/cover.webp","screenshots/baby-shark-world-for-kids-1596897739/cover.webp","screenshots/baby-shark-world-for-kids-1596897739/paywall-screen-2.webp|screenshots/baby-shark-world-for-kids-1596897739/paywall-screen-3.webp","https://www.paywallpro.app/apps/Baby-Shark-World-for-Kids-us?id=1952028&utm_source=github&utm_medium=open_dataset&utm_campaign=paywall_gallery","https://www.paywallpro.app/apps/Baby-Shark-World-for-Kids-us?id=1952028&utm_source=github&utm_medium=open_dataset&utm_campaign=paywall_gallery","2026-08-19"
"575764424","Constant Therapy: Brain+Speech","Constant Therapy, Inc.","Health & Fitness","9800","0","8.3.1","2026-03-20","1","14","0","Free Trial - Soft Paywall","1 offer set across month","1","apps/constant-therapy-brain-speech-575764424.md","screenshots/constant-therapy-brain-speech-575764424/cover.webp","screenshots/constant-therapy-brain-speech-575764424/cover.webp","screenshots/constant-therapy-brain-speech-575764424/paywall-screen-2.webp|screenshots/constant-therapy-brain-speech-575764424/paywall-screen-3.webp","https://www.paywallpro.app/apps/Constant-Therapy:-Brain%2BSpeech-us?id=1953055&utm_source=github&utm_medium=open_dataset&utm_campaign=paywall_gallery","https://www.paywallpro.app/apps/Constant-Therapy:-Brain%2BSpeech-us?id=1953055&utm_source=github&utm_medium=open_dataset&utm_campaign=paywall_gallery","2026-08-26"
"1590349103","Freebie Invoice Maker","Invoice Maker Pro s.r.o.","Finance","9780","0","3.0.7","2024-12-02","1","0","18","No Free Trial - Soft Paywall","1 offer set across month, year","1","apps/freebie-invoice-maker-1590349103.md","screenshots/freebie-invoice-maker-1590349103/cover.webp","screenshots/freebie-invoice-maker-1590349103/cover.webp","screenshots/freebie-invoice-maker-1590349103/paywall-screen-2.webp|screenshots/freebie-invoice-maker-1590349103/paywall-screen-3.webp","https://www.paywallpro.app/apps/Freebie-Invoice-Maker-us?id=1950463&utm_source=github&utm_medium=open_dataset&utm_campaign=paywall_gallery","https://www.paywallpro.app/apps/Freebie-Invoice-Maker-us?id=1950463&utm_source=github&utm_medium=open_dataset&utm_campaign=paywall_gallery","2026-08-26"
"287529757","Calorie Counter - MyNetDiary","MyNetDiary Inc.","Health & Fitness","9772","41","10.3","2026-02-02","5","11","5","No Free Trial - Soft Paywall, Free Trial - Soft Paywall","2 offer sets across month, year","2","apps/calorie-counter-mynetdiary-287529757.md","screenshots/calorie-counter-mynetdiary-287529757/cover.webp","screenshots/calorie-counter-mynetdiary-287529757/cover.webp","screenshots/calorie-counter-mynetdiary-287529757/paywall-annual-59-99.webp|screenshots/calorie-counter-mynetdiary-287529757/paywall-screen-3.webp","https://www.paywallpro.app/apps/Calorie-Counter---MyNetDiary-us?id=283&utm_source=github&utm_medium=open_dataset&utm_campaign=paywall_gallery","https://www.paywallpro.app/apps/Calorie-Counter---MyNetDiary-us?id=283&utm_source=github&utm_medium=open_dataset&utm_campaign=paywall_gallery","2026-08-26"
"515094775","Bazaart AI Photo Editor Design","Bazaart Ltd.","Photo & Video","9734","84","26.1.0","2026-01-28","10","9","7","Free Trial - Soft Paywall","2 offer sets across month, year","2","apps/bazaart-ai-photo-editor-design-515094775.md","screenshots/bazaart-ai-photo-editor-design-515094775/cover.webp","screenshots/bazaart-ai-photo-editor-design-515094775/cover.webp","screenshots/bazaart-ai-photo-editor-design-515094775/paywall-monthly-11-99-23-99.webp|screenshots/bazaart-ai-photo-editor-design-515094775/paywall-monthly-11-99-23-99-2.webp","https://www.paywallpro.app/apps/Bazaart-AI-Photo-Editor-Design-us?id=290&utm_source=github&utm_medium=open_dataset&utm_campaign=paywall_gallery","https://www.paywallpro.app/apps/Bazaart-AI-Photo-Editor-Design-us?id=290&utm_source=github&utm_medium=open_dataset&utm_campaign=paywall_gallery","2026-08-26"
"6463403383","Mix VPN - Fast & Unlimited","Consiliora Nexus Consulting LTD","Utilities","9712","96","1.0.12","2025-11-16","1","7","7","Free Trial - Soft Paywall","2 offer sets across week, month, year","2","apps/mix-vpn-fast-and-unlimited-6463403383.md","screenshots/mix-vpn-fast-and-unlimited-6463403383/cover.webp","screenshots/mix-vpn-fast-and-unlimited-6463403383/cover.webp","screenshots/mix-vpn-fast-and-unlimited-6463403383/paywall-weekly-12-99.webp|screenshots/mix-vpn-fast-and-unlimited-6463403383/paywall-screen-3.webp","https://www.paywallpro.app/apps/Mix-VPN---Fast-&-Unlimited-us?id=1958103&utm_source=github&utm_medium=open_dataset&utm_campaign=paywall_gallery","https://www.paywallpro.app/apps/Mix-VPN---Fast-&-Unlimited-us?id=1958103&utm_source=github&utm_medium=open_dataset&utm_campaign=paywall_gallery","2026-08-26"
"6737031221","AI Cleaner Pro: Clean Storage","HOMEX AND AI PTE. LTD.","Utilities","9684","127","3.6.0","2025-08-08","2","5","7","Free Trial - Soft Paywall","1 offer set across week, year","1","apps/ai-cleaner-pro-clean-storage-6737031221.md","screenshots/ai-cleaner-pro-clean-storage-6737031221/cover.webp","screenshots/ai-cleaner-pro-clean-storage-6737031221/cover.webp","screenshots/ai-cleaner-pro-clean-storage-6737031221/paywall-screen-2.webp|screenshots/ai-cleaner-pro-clean-storage-6737031221/paywall-screen-3.webp","https://www.paywallpro.app/apps/AI-Cleaner-Pro:-Clean-Storage-us?id=1529553&utm_source=github&utm_medium=open_dataset&utm_campaign=paywall_gallery","https://www.paywallpro.app/apps/AI-Cleaner-Pro:-Clean-Storage-us?id=1529553&utm_source=github&utm_medium=open_dataset&utm_campaign=paywall_gallery","2026-08-26"
"6451135127","Rosebud: AI Journal & Diary","Just Imagine","Health & Fitness","9661","0","1.0.31","2025-01-23","1","20","0","Free Trial - Soft Paywall","1 offer set across month, year","1","apps/rosebud-ai-journal-and-diary-6451135127.md","screenshots/rosebud-ai-journal-and-diary-6451135127/cover.webp","screenshots/rosebud-ai-journal-and-diary-6451135127/cover.webp","screenshots/rosebud-ai-journal-and-diary-6451135127/paywall-screen-2.webp|screenshots/rosebud-ai-journal-and-diary-6451135127/paywall-screen-3.webp","https://www.paywallpro.app/apps/Rosebud:-AI-Journal-&-Diary-us?id=1405893&utm_source=github&utm_medium=open_dataset&utm_campaign=paywall_gallery","https://www.paywallpro.app/apps/Rosebud:-AI-Journal-&-Diary-us?id=1405893&utm_source=github&utm_medium=open_dataset&utm_campaign=paywall_gallery","2026-08-26"
"1206838907","BritBox: The Best British TV","BritBox, LLC","Entertainment","9642","196","2.6.4","2025-12-11","2","7","4","Free Trial - Soft Paywall","1 offer set across month, year","1","apps/britbox-the-best-british-tv-1206838907.md","screenshots/britbox-the-best-british-tv-1206838907/cover.webp","screenshots/britbox-the-best-british-tv-1206838907/cover.webp","screenshots/britbox-the-best-british-tv-1206838907/paywall-screen-2.webp|screenshots/britbox-the-best-british-tv-1206838907/paywall-screen-3.webp","https://www.paywallpro.app/apps/BritBox:-The-Best-British-TV-us?id=291&utm_source=github&utm_medium=open_dataset&utm_campaign=paywall_gallery","https://www.paywallpro.app/apps/BritBox:-The-Best-British-TV-us?id=291&utm_source=github&utm_medium=open_dataset&utm_campaign=paywall_gallery","2026-08-26"
"6739242033","CleanerGo: Free up space","Delvri Limited","Utilities","9610","135","1.1.0","2025-05-27","1","6","0","No Free Trial - Soft Paywall","1 offer set across week","1","apps/cleanergo-free-up-space-6739242033.md","screenshots/cleanergo-free-up-space-6739242033/cover.webp","screenshots/cleanergo-free-up-space-6739242033/cover.webp","screenshots/cleanergo-free-up-space-6739242033/paywall-screen-2.webp|screenshots/cleanergo-free-up-space-6739242033/paywall-screen-3.webp","https://www.paywallpro.app/apps/CleanerGo:-Free-up-space-us?id=1951298&utm_source=github&utm_medium=open_dataset&utm_campaign=paywall_gallery","https://www.paywallpro.app/apps/CleanerGo:-Free-up-space-us?id=1951298&utm_source=github&utm_medium=open_dataset&utm_campaign=paywall_gallery","2026-08-26"
"766014676","Aceable Drivers Ed & Test Prep","Aceable Inc.","Education","9600","144","3.56","2025-09-10","2","5","11","No Free Trial - Soft Paywall","1 offer set across one-time purchase","1","apps/aceable-drivers-ed-and-test-prep-766014676.md","screenshots/aceable-drivers-ed-and-test-prep-766014676/cover.webp","screenshots/aceable-drivers-ed-and-test-prep-766014676/cover.webp","screenshots/aceable-drivers-ed-and-test-prep-766014676/paywall-screen-2.webp|screenshots/aceable-drivers-ed-and-test-prep-766014676/paywall-screen-3.webp","https://www.paywallpro.app/apps/Aceable-Drivers-Ed-&-Test-Prep-us?id=332&utm_source=github&utm_medium=open_dataset&utm_campaign=paywall_gallery","https://www.paywallpro.app/apps/Aceable-Drivers-Ed-&-Test-Prep-us?id=332&utm_source=github&utm_medium=open_dataset&utm_campaign=paywall_gallery","2026-08-26"
"1630343674","Neku: make avatar sticker","泽民 卢","Entertainment","9599","147","1.630.12","2025-10-26","2","5","11","Free Trial - Soft Paywall","1 offer set across week, year","1","apps/neku-make-avatar-sticker-1630343674.md","screenshots/neku-make-avatar-sticker-1630343674/cover.webp","screenshots/neku-make-avatar-sticker-1630343674/cover.webp","screenshots/neku-make-avatar-sticker-1630343674/paywall-screen-2.webp|screenshots/neku-make-avatar-sticker-1630343674/paywall-screen-3.webp","https://www.paywallpro.app/apps/Neku:-make-avatar-sticker-us?id=940426&utm_source=github&utm_medium=open_dataset&utm_campaign=paywall_gallery","https://www.paywallpro.app/apps/Neku:-make-avatar-sticker-us?id=940426&utm_source=github&utm_medium=open_dataset&utm_campaign=paywall_gallery","2026-08-26"
"1666079454","Holy Bible † Study God's Word","East End Technologies Ltd.","Reference","9597","102","2.23","2024-12-18","1","4","0","Free Trial - Soft Paywall","1 offer set across week","1","apps/holy-bible-study-god-s-word-1666079454.md","screenshots/holy-bible-study-god-s-word-1666079454/cover.webp","screenshots/holy-bible-study-god-s-word-1666079454/cover.webp","screenshots/holy-bible-study-god-s-word-1666079454/paywall-screen-2.webp|screenshots/holy-bible-study-god-s-word-1666079454/paywall-screen-3.webp","https://www.paywallpro.app/apps/Holy-Bible-%E2%80%A0-Study-God's-Word-us?id=779981&utm_source=github&utm_medium=open_dataset&utm_campaign=paywall_gallery","https://www.paywallpro.app/apps/Holy-Bible-%E2%80%A0-Study-God's-Word-us?id=779981&utm_source=github&utm_medium=open_dataset&utm_campaign=paywall_gallery","2026-08-26"
"364297166","ZINIO - Magazine Newsstand","Zinio LLC","Magazines & Newspapers","9547","113","4.71.1","2025-10-08","1","5","14","No Free Trial - Soft Paywall","5 offer sets across one-time purchase","5","apps/zinio-magazine-newsstand-364297166.md","screenshots/zinio-magazine-newsstand-364297166/cover.webp","screenshots/zinio-magazine-newsstand-364297166/cover.webp","screenshots/zinio-magazine-newsstand-364297166/paywall-one-time-purchase-17-99.webp|screenshots/zinio-magazine-newsstand-364297166/paywall-one-time-purchase-27-8-99.webp","https://www.paywallpro.app/apps/ZINIO---Magazine-Newsstand-us?id=24650&utm_source=github&utm_medium=open_dataset&utm_campaign=paywall_gallery","https://www.paywallpro.app/apps/ZINIO---Magazine-Newsstand-us?id=24650&utm_source=github&utm_medium=open_dataset&utm_campaign=paywall_gallery","2026-08-26"
"1471478712","Toddler Games for 3 Year Olds~","KidloLand Kids & Toddler Games","Education","9529","0","4.0.6","2025-10-09","3","15","14","Free Trial - Soft Paywall","3 offer sets across month, year","3","apps/toddler-games-for-3-year-olds-1471478712.md","screenshots/toddler-games-for-3-year-olds-1471478712/cover.webp","screenshots/toddler-games-for-3-year-olds-1471478712/cover.webp","screenshots/toddler-games-for-3-year-olds-1471478712/paywall-monthly-7-99.webp|screenshots/toddler-games-for-3-year-olds-1471478712/paywall-annual-119-99.webp","https://www.paywallpro.app/apps/Toddler-Games-for-3-Year-Olds~-us?id=1951970&utm_source=github&utm_medium=open_dataset&utm_campaign=paywall_gallery","https://www.paywallpro.app/apps/Toddler-Games-for-3-Year-Olds~-us?id=1951970&utm_source=github&utm_medium=open_dataset&utm_campaign=paywall_gallery","2026-08-26"
"6480417616","Cal AI - Calorie Tracker","Viral Development LLC","Health & Fitness","9525","4","3.2.7","2026-03-09","4","26","0","No Free Trial - Hard Paywall","1 offer set across year","1","apps/cal-ai-calorie-tracker-6480417616.md","screenshots/cal-ai-calorie-tracker-6480417616/cover.webp","screenshots/cal-ai-calorie-tracker-6480417616/cover.webp","screenshots/cal-ai-calorie-tracker-6480417616/paywall-screen-2.webp|screenshots/cal-ai-calorie-tracker-6480417616/paywall-screen-3.webp","https://www.paywallpro.app/apps/Cal-AI---Calorie-Tracker-us?id=288284&utm_source=github&utm_medium=open_dataset&utm_campaign=paywall_gallery","https://www.paywallpro.app/apps/Cal-AI---Calorie-Tracker-us?id=288284&utm_source=github&utm_medium=open_dataset&utm_campaign=paywall_gallery","2026-08-26"
"6443952316","Dentist Baby Games for Kids","JMH Developers OU","Education","9507","0","1.0.7","2025-08-31","1","6","0","Free Trial - Hard Paywall","1 offer set across week, year","1","apps/dentist-baby-games-for-kids-6443952316.md","screenshots/dentist-baby-games-for-kids-6443952316/cover.webp","screenshots/dentist-baby-games-for-kids-6443952316/cover.webp","screenshots/dentist-baby-games-for-kids-6443952316/paywall-screen-2.webp|screenshots/dentist-baby-games-for-kids-6443952316/paywall-screen-3.webp","https://www.paywallpro.app/apps/Dentist-Baby-Games-for-Kids-us?id=1952001&utm_source=github&utm_medium=open_dataset&utm_campaign=paywall_gallery","https://www.paywallpro.app/apps/Dentist-Baby-Games-for-Kids-us?id=1952001&utm_source=github&utm_medium=open_dataset&utm_campaign=paywall_gallery","2026-08-26"
"6466280007","Cat & Kitty, Vet Game for Kids","JMH Developers OU","Education","9493","0","1.0.2","2024-02-14","1","4","7","Free Trial - Soft Paywall","2 offer sets across week, month, year","2","apps/cat-and-kitty-vet-game-for-kids-6466280007.md","screenshots/cat-and-kitty-vet-game-for-kids-6466280007/cover.webp","screenshots/cat-and-kitty-vet-game-for-kids-6466280007/cover.webp","screenshots/cat-and-kitty-vet-game-for-kids-6466280007/paywall-weekly-9-99.webp|screenshots/cat-and-kitty-vet-game-for-kids-6466280007/paywall-screen-3.webp","https://www.paywallpro.app/apps/Cat-&-Kitty%2C-Vet-Game-for-Kids-us?id=1952099&utm_source=github&utm_medium=open_dataset&utm_campaign=paywall_gallery","https://www.paywallpro.app/apps/Cat-&-Kitty%2C-Vet-Game-for-Kids-us?id=1952099&utm_source=github&utm_medium=open_dataset&utm_campaign=paywall_gallery","2026-08-26"
"1583884012","Swipewipe: Photo Cleaner","MWM","Utilities","9394","31","3.2.45","2026-02-12","6","9","5","Free Trial - Soft Paywall","1 offer set across week, year","1","apps/swipewipe-photo-cleaner-1583884012.md","screenshots/swipewipe-photo-cleaner-1583884012/cover.webp","screenshots/swipewipe-photo-cleaner-1583884012/cover.webp","screenshots/swipewipe-photo-cleaner-1583884012/paywall-screen-2.webp|screenshots/swipewipe-photo-cleaner-1583884012/paywall-screen-3.webp","https://www.paywallpro.app/apps/Swipewipe:-Photo-Cleaner-us?id=441&utm_source=github&utm_medium=open_dataset&utm_campaign=paywall_gallery","https://www.paywallpro.app/apps/Swipewipe:-Photo-Cleaner-us?id=441&utm_source=github&utm_medium=open_dataset&utm_campaign=paywall_gallery","2026-08-26"
"6449486871","Question.AI-Math Calculator","3HOUSE","Education","9385","9","3.4.2","2026-01-19","8","0","5","No Free Trial - Soft Paywall","1 offer set across month, year","1","apps/question-ai-math-calculator-6449486871.md","screenshots/question-ai-math-calculator-6449486871/cover.webp","screenshots/question-ai-math-calculator-6449486871/cover.webp","screenshots/question-ai-math-calculator-6449486871/paywall-screen-2.webp|screenshots/question-ai-math-calculator-6449486871/paywall-screen-3.webp","https://www.paywallpro.app/apps/Question.AI-Math-Calculator-us?id=480&utm_source=github&utm_medium=open_dataset&utm_campaign=paywall_gallery","https://www.paywallpro.app/apps/Question.AI-Math-Calculator-us?id=480&utm_source=github&utm_medium=open_dataset&utm_campaign=paywall_gallery","2026-08-26"
"896014310","Acorn TV: Brilliant Mysteries","RLJ Entertainment, Inc.","Entertainment","9349","101","4.0.41 (475)","2025-06-11","2","0","6","No Free Trial - Soft Paywall","1 offer set across month","1","apps/acorn-tv-brilliant-mysteries-896014310.md","screenshots/acorn-tv-brilliant-mysteries-896014310/cover.webp","screenshots/acorn-tv-brilliant-mysteries-896014310/cover.webp","screenshots/acorn-tv-brilliant-mysteries-896014310/paywall-screen-2.webp|screenshots/acorn-tv-brilliant-mysteries-896014310/paywall-screen-3.webp","https://www.paywallpro.app/apps/Acorn-TV:-Brilliant-Mysteries-us?id=543&utm_source=github&utm_medium=open_dataset&utm_campaign=paywall_gallery","https://www.paywallpro.app/apps/Acorn-TV:-Brilliant-Mysteries-us?id=543&utm_source=github&utm_medium=open_dataset&utm_campaign=paywall_gallery","2026-08-26"
"1518427877","Rumble: Livestreams & Videos","Rumble Inc.","Photo & Video","9341","104","2.10.0","2025-06-27","2","0","6","No Free Trial - Soft Paywall","1 offer set across month, year","1","apps/rumble-livestreams-and-videos-1518427877.md","screenshots/rumble-livestreams-and-videos-1518427877/cover.webp","screenshots/rumble-livestreams-and-videos-1518427877/cover.webp","screenshots/rumble-livestreams-and-videos-1518427877/paywall-screen-2.webp|screenshots/rumble-livestreams-and-videos-1518427877/paywall-screen-3.webp","https://www.paywallpro.app/apps/Rumble:-Livestreams-&-Videos-us?id=5782&utm_source=github&utm_medium=open_dataset&utm_campaign=paywall_gallery","https://www.paywallpro.app/apps/Rumble:-Livestreams-&-Videos-us?id=5782&utm_source=github&utm_medium=open_dataset&utm_campaign=paywall_gallery","2026-06-05"
"1054809074","Tomplay Sheet Music","Tombooks","Music","9311","0","5.3.0","2025-09-02","1","6","7","Free Trial - Soft Paywall","1 offer set across year","1","apps/tomplay-sheet-music-1054809074.md","screenshots/tomplay-sheet-music-1054809074/cover.webp","screenshots/tomplay-sheet-music-1054809074/cover.webp","screenshots/tomplay-sheet-music-1054809074/paywall-screen-2.webp|screenshots/tomplay-sheet-music-1054809074/paywall-screen-3.webp","https://www.paywallpro.app/apps/Tomplay-Sheet-Music-us?id=1950424&utm_source=github&utm_medium=open_dataset&utm_campaign=paywall_gallery","https://www.paywallpro.app/apps/Tomplay-Sheet-Music-us?id=1950424&utm_source=github&utm_medium=open_dataset&utm_campaign=paywall_gallery","2026-08-26"
"1082655562","Monumental+","Monumental Sports & Entertainment","Sports","9276","170","4.31","2025-10-11","3","0","9","No Free Trial - Soft Paywall","1 offer set across month, year","1","apps/monumental-1082655562.md","screenshots/monumental-1082655562/cover.webp","screenshots/monumental-1082655562/cover.webp","screenshots/monumental-1082655562/paywall-screen-2.webp|screenshots/monumental-1082655562/paywall-screen-3.webp","https://www.paywallpro.app/apps/Monumental%2B-us?id=861420&utm_source=github&utm_medium=open_dataset&utm_campaign=paywall_gallery","https://www.paywallpro.app/apps/Monumental%2B-us?id=861420&utm_source=github&utm_medium=open_dataset&utm_campaign=paywall_gallery","2026-08-26"
"1212024479","Marketplace  Buy and sell","AppKoncept","Shopping","9256","0","3.1.5","2024-10-21","1","3","3","Free Trial - Soft Paywall","1 offer set across week, year","1","apps/marketplace-buy-and-sell-1212024479.md","screenshots/marketplace-buy-and-sell-1212024479/cover.webp","screenshots/marketplace-buy-and-sell-1212024479/cover.webp","screenshots/marketplace-buy-and-sell-1212024479/paywall-screen-2.webp|screenshots/marketplace-buy-and-sell-1212024479/paywall-screen-3.webp","https://www.paywallpro.app/apps/Marketplace-Buy-and-sell-us?id=1950452&utm_source=github&utm_medium=open_dataset&utm_campaign=paywall_gallery","https://www.paywallpro.app/apps/Marketplace-Buy-and-sell-us?id=1950452&utm_source=github&utm_medium=open_dataset&utm_campaign=paywall_gallery","2026-08-26"
"1601377257","Plamfy: Watch Streams&Go Live","Plamfy LTD","Social Networking","9252","101","1.3.4","2025-11-10","3","4","8","Currency Paywall","Not available in preview","0","apps/plamfy-watch-streams-and-go-live-1601377257.md","screenshots/plamfy-watch-streams-and-go-live-1601377257/cover.webp","screenshots/plamfy-watch-streams-and-go-live-1601377257/cover.webp","screenshots/plamfy-watch-streams-and-go-live-1601377257/paywall-currency-paywall.webp|screenshots/plamfy-watch-streams-and-go-live-1601377257/paywall-currency-paywall-2.webp","https://www.paywallpro.app/apps/Plamfy:-Watch-Streams&Go-Live-us?id=274242&utm_source=github&utm_medium=open_dataset&utm_campaign=paywall_gallery","https://www.paywallpro.app/apps/Plamfy:-Watch-Streams&Go-Live-us?id=274242&utm_source=github&utm_medium=open_dataset&utm_campaign=paywall_gallery","2026-08-26"
"1670142177","Health Mate: Life&Heart Health","Robenta Digital","Health & Fitness","9237","200","1.4","2023-02-14","1","4","0","Free Trial - Soft Paywall","1 offer set across week","1","apps/health-mate-life-and-heart-health-1670142177.md","screenshots/health-mate-life-and-heart-health-1670142177/cover.webp","screenshots/health-mate-life-and-heart-health-1670142177/cover.webp","screenshots/health-mate-life-and-heart-health-1670142177/paywall-screen-2.webp|screenshots/health-mate-life-and-heart-health-1670142177/paywall-screen-3.webp","https://www.paywallpro.app/apps/Health-Mate:-Life&Heart-Health-us?id=829&utm_source=github&utm_medium=open_dataset&utm_campaign=paywall_gallery","https://www.paywallpro.app/apps/Health-Mate:-Life&Heart-Health-us?id=829&utm_source=github&utm_medium=open_dataset&utm_campaign=paywall_gallery","2026-08-26"
"6499107303","CUE Astrology","Cue","Lifestyle","9215","183","1.6.4","2025-10-27","1","10","11","No Free Trial - Soft Paywall","4 offer sets across month, half year, year, one-time purchase","4","apps/cue-astrology-6499107303.md","screenshots/cue-astrology-6499107303/cover.webp","screenshots/cue-astrology-6499107303/cover.webp","screenshots/cue-astrology-6499107303/paywall-monthly-30.webp|screenshots/cue-astrology-6499107303/paywall-monthly-35.webp","https://www.paywallpro.app/apps/CUE-Astrology-us?id=1893001&utm_source=github&utm_medium=open_dataset&utm_campaign=paywall_gallery","https://www.paywallpro.app/apps/CUE-Astrology-us?id=1893001&utm_source=github&utm_medium=open_dataset&utm_campaign=paywall_gallery","2026-08-26"
"1092799236","Yuka - Food & Cosmetic Scanner","Yuca","Health & Fitness","9206","6","4.76","2025-11-11","3","0","10","No Free Trial - Soft Paywall","1 offer set across year","1","apps/yuka-food-and-cosmetic-scanner-1092799236.md","screenshots/yuka-food-and-cosmetic-scanner-1092799236/cover.webp","screenshots/yuka-food-and-cosmetic-scanner-1092799236/cover.webp","screenshots/yuka-food-and-cosmetic-scanner-1092799236/paywall-screen-2.webp|screenshots/yuka-food-and-cosmetic-scanner-1092799236/paywall-screen-3.webp","https://www.paywallpro.app/apps/Yuka---Food-&-Cosmetic-Scanner-us?id=306&utm_source=github&utm_medium=open_dataset&utm_campaign=paywall_gallery","https://www.paywallpro.app/apps/Yuka---Food-&-Cosmetic-Scanner-us?id=306&utm_source=github&utm_medium=open_dataset&utm_campaign=paywall_gallery","2026-08-26"
"331907339","IndyStar: Indianapolis Star","Gannett","News","9204","138","8.5.4","2025-09-27","1","5","6","No Free Trial - Soft Paywall","1 offer set across month","1","apps/indystar-indianapolis-star-331907339.md","screenshots/indystar-indianapolis-star-331907339/cover.webp","screenshots/indystar-indianapolis-star-331907339/cover.webp","screenshots/indystar-indianapolis-star-331907339/paywall-screen-2.webp|screenshots/indystar-indianapolis-star-331907339/paywall-screen-3.webp","https://www.paywallpro.app/apps/IndyStar:-Indianapolis-Star-us?id=1950775&utm_source=github&utm_medium=open_dataset&utm_campaign=paywall_gallery","https://www.paywallpro.app/apps/IndyStar:-Indianapolis-Star-us?id=1950775&utm_source=github&utm_medium=open_dataset&utm_campaign=paywall_gallery","2026-08-26"
"1009442510","Colorfy: Coloring Book Games","Wildlife Studios","Entertainment","9203","186","6.30.0","2025-10-21","2","0","7","Free Trial - Soft Paywall","1 offer set across week","1","apps/colorfy-coloring-book-games-1009442510.md","screenshots/colorfy-coloring-book-games-1009442510/cover.webp","screenshots/colorfy-coloring-book-games-1009442510/cover.webp","screenshots/colorfy-coloring-book-games-1009442510/paywall-screen-2.webp|screenshots/colorfy-coloring-book-games-1009442510/paywall-screen-3.webp","https://www.paywallpro.app/apps/Colorfy:-Coloring-Book-Games-us?id=7670&utm_source=github&utm_medium=open_dataset&utm_campaign=paywall_gallery","https://www.paywallpro.app/apps/Colorfy:-Coloring-Book-Games-us?id=7670&utm_source=github&utm_medium=open_dataset&utm_campaign=paywall_gallery","2026-08-26"
"6448227169","NoteSnap: Banknote Identifier","Next Vision Limited","Reference","9196","77","1.3.13","2025-09-10","1","4","3","Free Trial - Soft Paywall","1 offer set across month, year","1","apps/notesnap-banknote-identifier-6448227169.md","screenshots/notesnap-banknote-identifier-6448227169/cover.webp","screenshots/notesnap-banknote-identifier-6448227169/cover.webp","screenshots/notesnap-banknote-identifier-6448227169/paywall-screen-2.webp|screenshots/notesnap-banknote-identifier-6448227169/paywall-screen-3.webp","https://www.paywallpro.app/apps/NoteSnap:-Banknote-Identifier-us?id=1953063&utm_source=github&utm_medium=open_dataset&utm_campaign=paywall_gallery","https://www.paywallpro.app/apps/NoteSnap:-Banknote-Identifier-us?id=1953063&utm_source=github&utm_medium=open_dataset&utm_campaign=paywall_gallery","2026-08-26"
"1540759535","VPN Protector & Proxy","Shargo Enterprise LTD","Productivity","9196","0","1.8","2025-09-03","1","7","2","Free Trial - Soft Paywall","1 offer set across week, month, year","1","apps/vpn-protector-and-proxy-1540759535.md","screenshots/vpn-protector-and-proxy-1540759535/cover.webp","screenshots/vpn-protector-and-proxy-1540759535/cover.webp","screenshots/vpn-protector-and-proxy-1540759535/paywall-screen-2.webp|screenshots/vpn-protector-and-proxy-1540759535/paywall-screen-3.webp","https://www.paywallpro.app/apps/VPN-Protector-&-Proxy-us?id=2617288&utm_source=github&utm_medium=open_dataset&utm_campaign=paywall_gallery","https://www.paywallpro.app/apps/VPN-Protector-&-Proxy-us?id=2617288&utm_source=github&utm_medium=open_dataset&utm_campaign=paywall_gallery","2026-08-26"
"1633616591","ScanNow: Convert PDF, JPG, Doc","Magenta Apps","Business","9192","182","5.1.3","2024-09-24","2","8","0","No Free Trial - Soft Paywall","2 offer sets across week, year","2","apps/scannow-convert-pdf-jpg-doc-1633616591.md","screenshots/scannow-convert-pdf-jpg-doc-1633616591/cover.webp","screenshots/scannow-convert-pdf-jpg-doc-1633616591/cover.webp","screenshots/scannow-convert-pdf-jpg-doc-1633616591/paywall-weekly-0-99.webp|screenshots/scannow-convert-pdf-jpg-doc-1633616591/paywall-screen-3.webp","https://www.paywallpro.app/apps/ScanNow:-Convert-PDF%2C-JPG%2C-Doc-us?id=498137&utm_source=github&utm_medium=open_dataset&utm_campaign=paywall_gallery","https://www.paywallpro.app/apps/ScanNow:-Convert-PDF%2C-JPG%2C-Doc-us?id=498137&utm_source=github&utm_medium=open_dataset&utm_campaign=paywall_gallery","2026-08-26"
"6739215932","Dollarwise: Budget & Tracking","Hammer Media LLC","Finance","9185","191","5.2.0","2025-11-18","2","5","0","Free Trial - Soft Paywall","1 offer set across month, year","1","apps/dollarwise-budget-and-tracking-6739215932.md","screenshots/dollarwise-budget-and-tracking-6739215932/cover.webp","screenshots/dollarwise-budget-and-tracking-6739215932/cover.webp","screenshots/dollarwise-budget-and-tracking-6739215932/paywall-screen-2.webp|screenshots/dollarwise-budget-and-tracking-6739215932/paywall-screen-3.webp","https://www.paywallpro.app/apps/Dollarwise:-Budget-&-Tracking-us?id=1700187&utm_source=github&utm_medium=open_dataset&utm_campaign=paywall_gallery","https://www.paywallpro.app/apps/Dollarwise:-Budget-&-Tracking-us?id=1700187&utm_source=github&utm_medium=open_dataset&utm_campaign=paywall_gallery","2026-08-26"
"6502842382","Sway AI: Dating App Assistant","EASY MODE VENTURES","Lifestyle","9162","175","1.4.2","2025-02-27","1","23","3","No Free Trial - Soft Paywall","1 offer set across week, year","1","apps/sway-ai-dating-app-assistant-6502842382.md","screenshots/sway-ai-dating-app-assistant-6502842382/cover.webp","screenshots/sway-ai-dating-app-assistant-6502842382/cover.webp","screenshots/sway-ai-dating-app-assistant-6502842382/paywall-screen-2.webp|screenshots/sway-ai-dating-app-assistant-6502842382/paywall-screen-3.webp","https://www.paywallpro.app/apps/Sway-AI:-Dating-App-Assistant-us?id=1446036&utm_source=github&utm_medium=open_dataset&utm_campaign=paywall_gallery","https://www.paywallpro.app/apps/Sway-AI:-Dating-App-Assistant-us?id=1446036&utm_source=github&utm_medium=open_dataset&utm_campaign=paywall_gallery","2026-08-26"
"675102189","HMA Hotspot VPN & Proxy","Privax","Productivity","9139","180","5.11.1","2023-11-15","1","7","0","Free Trial - Hard Paywall","1 offer set across month, half year, year","1","apps/hma-hotspot-vpn-and-proxy-675102189.md","screenshots/hma-hotspot-vpn-and-proxy-675102189/cover.webp","screenshots/hma-hotspot-vpn-and-proxy-675102189/cover.webp","screenshots/hma-hotspot-vpn-and-proxy-675102189/paywall-screen-2.webp|screenshots/hma-hotspot-vpn-and-proxy-675102189/paywall-screen-3.webp","https://www.paywallpro.app/apps/HMA-Hotspot-VPN-&-Proxy-us?id=1952148&utm_source=github&utm_medium=open_dataset&utm_campaign=paywall_gallery","https://www.paywallpro.app/apps/HMA-Hotspot-VPN-&-Proxy-us?id=1952148&utm_source=github&utm_medium=open_dataset&utm_campaign=paywall_gallery","2026-08-26"
"1594204443","Runna: Running Plans & Coach","Strava, Inc.","Health & Fitness","9111","17","8.21.0","2026-01-12","3","26","8","Free Trial - Soft Paywall","1 offer set across month, year","1","apps/runna-running-plans-and-coach-1594204443.md","screenshots/runna-running-plans-and-coach-1594204443/cover.webp","screenshots/runna-running-plans-and-coach-1594204443/cover.webp","screenshots/runna-running-plans-and-coach-1594204443/paywall-screen-2.webp|screenshots/runna-running-plans-and-coach-1594204443/paywall-screen-3.webp","https://www.paywallpro.app/apps/Runna:-Running-Plans-&-Coach-us?id=428&utm_source=github&utm_medium=open_dataset&utm_campaign=paywall_gallery","https://www.paywallpro.app/apps/Runna:-Running-Plans-&-Coach-us?id=428&utm_source=github&utm_medium=open_dataset&utm_campaign=paywall_gallery","2026-08-26"
"6740564501","Cleaner Master:ai cleaner","APPFORGE TECHNOLOGIES PTE. LTD.","Productivity","9105","194","1.0.27","2025-11-18","2","5","2","Free Trial - Soft Paywall","1 offer set across week, year","1","apps/cleaner-master-ai-cleaner-6740564501.md","screenshots/cleaner-master-ai-cleaner-6740564501/cover.webp","screenshots/cleaner-master-ai-cleaner-6740564501/cover.webp","screenshots/cleaner-master-ai-cleaner-6740564501/paywall-screen-2.webp|screenshots/cleaner-master-ai-cleaner-6740564501/paywall-screen-3.webp","https://www.paywallpro.app/apps/Cleaner-Master:ai-cleaner-us?id=1951451&utm_source=github&utm_medium=open_dataset&utm_campaign=paywall_gallery","https://www.paywallpro.app/apps/Cleaner-Master:ai-cleaner-us?id=1951451&utm_source=github&utm_medium=open_dataset&utm_campaign=paywall_gallery","2026-08-26"
"1161533637","SmartLine Second Phone Number","GoDaddy.com, LLC","Business","9091","0","4.49.0","2024-05-16","1","4","0","No Free Trial - Hard Paywall","1 offer set across month","1","apps/smartline-second-phone-number-1161533637.md","screenshots/smartline-second-phone-number-1161533637/cover.webp","screenshots/smartline-second-phone-number-1161533637/cover.webp","screenshots/smartline-second-phone-number-1161533637/paywall-screen-2.webp|screenshots/smartline-second-phone-number-1161533637/paywall-screen-3.webp","https://www.paywallpro.app/apps/SmartLine-Second-Phone-Number-us?id=847&utm_source=github&utm_medium=open_dataset&utm_campaign=paywall_gallery","https://www.paywallpro.app/apps/SmartLine-Second-Phone-Number-us?id=847&utm_source=github&utm_medium=open_dataset&utm_campaign=paywall_gallery","2026-08-26"
"430921107","Fing - Network Scanner","Fing Limited","Productivity","9088","174","12.10.2","2025-06-30","1","4","4","No Free Trial - Soft Paywall","2 offer sets across month, year","2","apps/fing-network-scanner-430921107.md","screenshots/fing-network-scanner-430921107/cover.webp","screenshots/fing-network-scanner-430921107/cover.webp","screenshots/fing-network-scanner-430921107/paywall-monthly-3-99.webp|screenshots/fing-network-scanner-430921107/paywall-screen-3.webp","https://www.paywallpro.app/apps/Fing---Network-Scanner-us?id=1958054&utm_source=github&utm_medium=open_dataset&utm_campaign=paywall_gallery","https://www.paywallpro.app/apps/Fing---Network-Scanner-us?id=1958054&utm_source=github&utm_medium=open_dataset&utm_campaign=paywall_gallery","2026-08-26"
"1526670395","Sparrow - Golf","Sparrow Vision, Inc.","Sports","9077","188","1.7.24","2025-07-25","1","16","6","No Free Trial - Soft Paywall","2 offer sets across month, year","2","apps/sparrow-golf-1526670395.md","screenshots/sparrow-golf-1526670395/cover.webp","screenshots/sparrow-golf-1526670395/cover.webp","screenshots/sparrow-golf-1526670395/paywall-monthly-29-99.webp|screenshots/sparrow-golf-1526670395/paywall-screen-3.webp","https://www.paywallpro.app/apps/Sparrow---Golf-us?id=1949513&utm_source=github&utm_medium=open_dataset&utm_campaign=paywall_gallery","https://www.paywallpro.app/apps/Sparrow---Golf-us?id=1949513&utm_source=github&utm_medium=open_dataset&utm_campaign=paywall_gallery","2026-08-26"
"6624298392","FitHub - AI Calorie Tracker","MWM","Health & Fitness","9060","187","1.2.4","2025-03-15","1","18","0","No Free Trial - Soft Paywall, Free Trial - Soft Paywall","2 offer sets across month, year","2","apps/fithub-ai-calorie-tracker-6624298392.md","screenshots/fithub-ai-calorie-tracker-6624298392/cover.webp","screenshots/fithub-ai-calorie-tracker-6624298392/cover.webp","screenshots/fithub-ai-calorie-tracker-6624298392/paywall-monthly-9-99.webp|screenshots/fithub-ai-calorie-tracker-6624298392/paywall-screen-3.webp","https://www.paywallpro.app/apps/FitHub---AI-Calorie-Tracker-us?id=1558654&utm_source=github&utm_medium=open_dataset&utm_campaign=paywall_gallery","https://www.paywallpro.app/apps/FitHub---AI-Calorie-Tracker-us?id=1558654&utm_source=github&utm_medium=open_dataset&utm_campaign=paywall_gallery","2026-08-26"
"1429704005","Peech: Text to Speech Reader","Dopefin Limited","Productivity","9055","31","8.3.0","2025-10-21","3","11","11","No Free Trial - Soft Paywall","2 offer sets across week, half year, year","2","apps/peech-text-to-speech-reader-1429704005.md","screenshots/peech-text-to-speech-reader-1429704005/cover.webp","screenshots/peech-text-to-speech-reader-1429704005/cover.webp","screenshots/peech-text-to-speech-reader-1429704005/paywall-weekly-3-99.webp|screenshots/peech-text-to-speech-reader-1429704005/paywall-screen-3.webp","https://www.paywallpro.app/apps/Peech:-Text-to-Speech-Reader-us?id=1950774&utm_source=github&utm_medium=open_dataset&utm_campaign=paywall_gallery","https://www.paywallpro.app/apps/Peech:-Text-to-Speech-Reader-us?id=1950774&utm_source=github&utm_medium=open_dataset&utm_campaign=paywall_gallery","2026-08-26"
"6746554109","UClear: Phone Manage Master","MPOUND LTD","Utilities","9040","132","1.0.7","2025-09-01","1","7","4","Free Trial - Soft Paywall","1 offer set across week","1","apps/uclear-phone-manage-master-6746554109.md","screenshots/uclear-phone-manage-master-6746554109/cover.webp","screenshots/uclear-phone-manage-master-6746554109/cover.webp","screenshots/uclear-phone-manage-master-6746554109/paywall-screen-2.webp|screenshots/uclear-phone-manage-master-6746554109/paywall-screen-3.webp","https://www.paywallpro.app/apps/UClear:-Phone-Manage-Master-us?id=2443376&utm_source=github&utm_medium=open_dataset&utm_campaign=paywall_gallery","https://www.paywallpro.app/apps/UClear:-Phone-Manage-Master-us?id=2443376&utm_source=github&utm_medium=open_dataset&utm_campaign=paywall_gallery","2026-08-26"
"6504999353","Skillsta: Life Skills Trainer","Ranely Limited","Education","9039","170","1.6.1","2024-12-23","1","29","0","No Free Trial - Soft Paywall, Free Trial - Soft Paywall","2 offer sets across month, year, quarter","2","apps/skillsta-life-skills-trainer-6504999353.md","screenshots/skillsta-life-skills-trainer-6504999353/cover.webp","screenshots/skillsta-life-skills-trainer-6504999353/cover.webp","screenshots/skillsta-life-skills-trainer-6504999353/paywall-annual-89-99.webp|screenshots/skillsta-life-skills-trainer-6504999353/paywall-screen-3.webp","https://www.paywallpro.app/apps/Skillsta:-Life-Skills-Trainer-us?id=1221034&utm_source=github&utm_medium=open_dataset&utm_campaign=paywall_gallery","https://www.paywallpro.app/apps/Skillsta:-Life-Skills-Trainer-us?id=1221034&utm_source=github&utm_medium=open_dataset&utm_campaign=paywall_gallery","2026-08-26"
"1671705818","Character AI: Chat, Talk, Text","Character.AI","Entertainment","9035","55","1.15.1","2025-11-23","4","0","9","No Free Trial - Soft Paywall","1 offer set across month, year","1","apps/character-ai-chat-talk-text-1671705818.md","screenshots/character-ai-chat-talk-text-1671705818/cover.webp","screenshots/character-ai-chat-talk-text-1671705818/cover.webp","screenshots/character-ai-chat-talk-text-1671705818/paywall-screen-2.webp|screenshots/character-ai-chat-talk-text-1671705818/paywall-screen-3.webp","https://www.paywallpro.app/apps/Character-AI:-Chat%2C-Talk%2C-Text-us?id=5775&utm_source=github&utm_medium=open_dataset&utm_campaign=paywall_gallery","https://www.paywallpro.app/apps/Character-AI:-Chat%2C-Talk%2C-Text-us?id=5775&utm_source=github&utm_medium=open_dataset&utm_campaign=paywall_gallery","2026-08-26"
"1592900217","Simply Sing: My Singing App","Simply Ltd","Music","9029","18","2.6.4","2025-12-11","2","20","4","Free Trial - Soft Paywall","1 offer set across month, year","1","apps/simply-sing-my-singing-app-1592900217.md","screenshots/simply-sing-my-singing-app-1592900217/cover.webp","screenshots/simply-sing-my-singing-app-1592900217/cover.webp","screenshots/simply-sing-my-singing-app-1592900217/paywall-screen-2.webp|screenshots/simply-sing-my-singing-app-1592900217/paywall-screen-3.webp","https://www.paywallpro.app/apps/Simply-Sing:-My-Singing-App-us?id=384&utm_source=github&utm_medium=open_dataset&utm_campaign=paywall_gallery","https://www.paywallpro.app/apps/Simply-Sing:-My-Singing-App-us?id=384&utm_source=github&utm_medium=open_dataset&utm_campaign=paywall_gallery","2026-06-05"
"6471093818","PulseTrackr：Heart Rate & HRV","SINGATOP","Health & Fitness","9022","195","1.1.6","2025-03-12","3","4","5","Free Trial - Soft Paywall","1 offer set across week, year","1","apps/pulsetrackr-heart-rate-and-hrv-6471093818.md","screenshots/pulsetrackr-heart-rate-and-hrv-6471093818/cover.webp","screenshots/pulsetrackr-heart-rate-and-hrv-6471093818/cover.webp","screenshots/pulsetrackr-heart-rate-and-hrv-6471093818/paywall-screen-2.webp|screenshots/pulsetrackr-heart-rate-and-hrv-6471093818/paywall-screen-3.webp","https://www.paywallpro.app/apps/PulseTrackr%EF%BC%9AHeart-Rate-&-HRV-us?id=32159&utm_source=github&utm_medium=open_dataset&utm_campaign=paywall_gallery","https://www.paywallpro.app/apps/PulseTrackr%EF%BC%9AHeart-Rate-&-HRV-us?id=32159&utm_source=github&utm_medium=open_dataset&utm_campaign=paywall_gallery","2026-08-26"
"1468092377","Hours Tracker: Time Calculator","Appostrophe AB","Utilities","9016","190","1.5.5","2024-09-02","1","6","0","Free Trial - Soft Paywall","1 offer set across week, year","1","apps/hours-tracker-time-calculator-1468092377.md","screenshots/hours-tracker-time-calculator-1468092377/cover.webp","screenshots/hours-tracker-time-calculator-1468092377/cover.webp","screenshots/hours-tracker-time-calculator-1468092377/paywall-screen-2.webp|screenshots/hours-tracker-time-calculator-1468092377/paywall-screen-3.webp","https://www.paywallpro.app/apps/Hours-Tracker:-Time-Calculator-us?id=1950700&utm_source=github&utm_medium=open_dataset&utm_campaign=paywall_gallery","https://www.paywallpro.app/apps/Hours-Tracker:-Time-Calculator-us?id=1950700&utm_source=github&utm_medium=open_dataset&utm_campaign=paywall_gallery","2026-08-26"
"1537039316","PillEye – tablet, pill counter","Medility Inc.","Medical","8988","182","3.7.1","2025-10-01","2","6","4","Free Trial - Soft Paywall","1 offer set across month","1","apps/pilleye-tablet-pill-counter-1537039316.md","screenshots/pilleye-tablet-pill-counter-1537039316/cover.webp","screenshots/pilleye-tablet-pill-counter-1537039316/cover.webp","screenshots/pilleye-tablet-pill-counter-1537039316/paywall-screen-2.webp|screenshots/pilleye-tablet-pill-counter-1537039316/paywall-screen-3.webp","https://www.paywallpro.app/apps/PillEye-%E2%80%93-tablet%2C-pill-counter-us?id=29341&utm_source=github&utm_medium=open_dataset&utm_campaign=paywall_gallery","https://www.paywallpro.app/apps/PillEye-%E2%80%93-tablet%2C-pill-counter-us?id=29341&utm_source=github&utm_medium=open_dataset&utm_campaign=paywall_gallery","2026-08-26"
"1023475268","Glo | Yoga and Meditation App","YogaGlo, Inc.","Health & Fitness","8980","173","7.8.0","2024-05-28","1","4","0","Free Trial - Soft Paywall","2 offer sets across month, year, quarter","2","apps/glo-yoga-and-meditation-app-1023475268.md","screenshots/glo-yoga-and-meditation-app-1023475268/cover.webp","screenshots/glo-yoga-and-meditation-app-1023475268/cover.webp","screenshots/glo-yoga-and-meditation-app-1023475268/paywall-monthly-30-00.webp|screenshots/glo-yoga-and-meditation-app-1023475268/paywall-monthly-30-00-2.webp","https://www.paywallpro.app/apps/Glo-%7C-Yoga-and-Meditation-App-us?id=2964&utm_source=github&utm_medium=open_dataset&utm_campaign=paywall_gallery","https://www.paywallpro.app/apps/Glo-%7C-Yoga-and-Meditation-App-us?id=2964&utm_source=github&utm_medium=open_dataset&utm_campaign=paywall_gallery","2026-08-26"
"6648771859","Radio App - FM Radio Stations","Shenzhen Yiken Technology Co., Ltd","Music","8896","92","1.2.5","2025-05-28","1","6","0","Free Trial - Soft Paywall","2 offer sets across week, month, year, one-time purchase","2","apps/radio-app-fm-radio-stations-6648771859.md","screenshots/radio-app-fm-radio-stations-6648771859/cover.webp","screenshots/radio-app-fm-radio-stations-6648771859/cover.webp","screenshots/radio-app-fm-radio-stations-6648771859/paywall-monthly-3-99.webp|screenshots/radio-app-fm-radio-stations-6648771859/paywall-screen-3.webp","https://www.paywallpro.app/apps/Radio-App---FM-Radio-Stations-us?id=2029773&utm_source=github&utm_medium=open_dataset&utm_campaign=paywall_gallery","https://www.paywallpro.app/apps/Radio-App---FM-Radio-Stations-us?id=2029773&utm_source=github&utm_medium=open_dataset&utm_campaign=paywall_gallery","2026-08-26"
"1612792132","Plant Parent: Plant Care Guide","Glority Global Group Ltd.","Lifestyle","8630","183","1.137","2026-01-28","6","7","9","Free Trial - Soft Paywall","2 offer sets across year, one-time purchase","2","apps/plant-parent-plant-care-guide-1612792132.md","screenshots/plant-parent-plant-care-guide-1612792132/cover.webp","screenshots/plant-parent-plant-care-guide-1612792132/cover.webp","screenshots/plant-parent-plant-care-guide-1612792132/paywall-annual-29-99.webp|screenshots/plant-parent-plant-care-guide-1612792132/paywall-screen-3.webp","https://www.paywallpro.app/apps/Plant-Parent:-Plant-Care-Guide-us?id=320&utm_source=github&utm_medium=open_dataset&utm_campaign=paywall_gallery","https://www.paywallpro.app/apps/Plant-Parent:-Plant-Care-Guide-us?id=320&utm_source=github&utm_medium=open_dataset&utm_campaign=paywall_gallery","2026-06-05"
"6474290049","Calorie Counter & Food Tracker","Municorn Limited","Health & Fitness","8499","178","1.1.7","2024-08-06","1","19","0","No Free Trial - Soft Paywall","2 offer sets across week, year, quarter","2","apps/calorie-counter-and-food-tracker-6474290049.md","screenshots/calorie-counter-and-food-tracker-6474290049/cover.webp","screenshots/calorie-counter-and-food-tracker-6474290049/cover.webp","screenshots/calorie-counter-and-food-tracker-6474290049/paywall-weekly-5-99.webp|screenshots/calorie-counter-and-food-tracker-6474290049/paywall-screen-3.webp","https://www.paywallpro.app/apps/Calorie-Counter-&-Food-Tracker-us?id=550550&utm_source=github&utm_medium=open_dataset&utm_campaign=paywall_gallery","https://www.paywallpro.app/apps/Calorie-Counter-&-Food-Tracker-us?id=550550&utm_source=github&utm_medium=open_dataset&utm_campaign=paywall_gallery","2026-06-05"
"474679690","B1G+: Watch College Sports","Big Ten Network","Sports","8459","131","11.17.0","2025-09-08","3","2","13","No Free Trial - Soft Paywall","1 offer set across month, year","1","apps/b1g-watch-college-sports-474679690.md","screenshots/b1g-watch-college-sports-474679690/cover.webp","screenshots/b1g-watch-college-sports-474679690/cover.webp","screenshots/b1g-watch-college-sports-474679690/paywall-screen-2.webp|screenshots/b1g-watch-college-sports-474679690/paywall-screen-3.webp","https://www.paywallpro.app/apps/B1G%2B:-Watch-College-Sports-us?id=592&utm_source=github&utm_medium=open_dataset&utm_campaign=paywall_gallery","https://www.paywallpro.app/apps/B1G%2B:-Watch-College-Sports-us?id=592&utm_source=github&utm_medium=open_dataset&utm_campaign=paywall_gallery","2026-06-05"
"1455336523","Bumpy – International Dating","Bumpy Inc.","Social Networking","8431","85","2.6.21","2025-10-20","2","26","9","No Free Trial - Soft Paywall","1 offer set across week, month, half year, quarter","1","apps/bumpy-international-dating-1455336523.md","screenshots/bumpy-international-dating-1455336523/cover.webp","screenshots/bumpy-international-dating-1455336523/cover.webp","screenshots/bumpy-international-dating-1455336523/paywall-screen-2.webp|screenshots/bumpy-international-dating-1455336523/paywall-screen-3.webp","https://www.paywallpro.app/apps/Bumpy-%E2%80%93-International-Dating-us?id=976348&utm_source=github&utm_medium=open_dataset&utm_campaign=paywall_gallery","https://www.paywallpro.app/apps/Bumpy-%E2%80%93-International-Dating-us?id=976348&utm_source=github&utm_medium=open_dataset&utm_campaign=paywall_gallery","2026-06-05"
"6447604690","AI Photo Video Editor, Enhance","COOL SUMMER LIMITED","Photo & Video","8081","75","1.6.2","2026-01-05","2","9","4","No Free Trial - Soft Paywall","2 offer sets across week, year, one-time purchase","2","apps/ai-photo-video-editor-enhance-6447604690.md","screenshots/ai-photo-video-editor-enhance-6447604690/cover.webp","screenshots/ai-photo-video-editor-enhance-6447604690/cover.webp","screenshots/ai-photo-video-editor-enhance-6447604690/paywall-annual-19-99.webp|screenshots/ai-photo-video-editor-enhance-6447604690/paywall-screen-3.webp","https://www.paywallpro.app/apps/AI-Photo-Video-Editor%2C-Enhance-us?id=1836780&utm_source=github&utm_medium=open_dataset&utm_campaign=paywall_gallery","https://www.paywallpro.app/apps/AI-Photo-Video-Editor%2C-Enhance-us?id=1836780&utm_source=github&utm_medium=open_dataset&utm_campaign=paywall_gallery","2026-06-05"
"1477820240","Repost+ for Instagram .","Livintis W.L.L.","Social Networking","7427","194","28.00","2025-12-15","2","11","5","Free Trial - Soft Paywall","1 offer set across week","1","apps/repost-for-instagram-1477820240.md","screenshots/repost-for-instagram-1477820240/cover.webp","screenshots/repost-for-instagram-1477820240/cover.webp","screenshots/repost-for-instagram-1477820240/paywall-screen-2.webp|screenshots/repost-for-instagram-1477820240/paywall-screen-3.webp","https://www.paywallpro.app/apps/Repost%2B-for-Instagram-.-us?id=449&utm_source=github&utm_medium=open_dataset&utm_campaign=paywall_gallery","https://www.paywallpro.app/apps/Repost%2B-for-Instagram-.-us?id=449&utm_source=github&utm_medium=open_dataset&utm_campaign=paywall_gallery","2026-06-05"
"1489944782","InPulse - Heart Rate Monitor","AIBY","Health & Fitness","7317","121","2.62","2025-09-03","2","15","3","Free Trial - Soft Paywall","1 offer set across week, year","1","apps/inpulse-heart-rate-monitor-1489944782.md","screenshots/inpulse-heart-rate-monitor-1489944782/cover.webp","screenshots/inpulse-heart-rate-monitor-1489944782/cover.webp","screenshots/inpulse-heart-rate-monitor-1489944782/paywall-screen-2.webp|screenshots/inpulse-heart-rate-monitor-1489944782/paywall-screen-3.webp","https://www.paywallpro.app/apps/InPulse---Heart-Rate-Monitor-us?id=164&utm_source=github&utm_medium=open_dataset&utm_campaign=paywall_gallery","https://www.paywallpro.app/apps/InPulse---Heart-Rate-Monitor-us?id=164&utm_source=github&utm_medium=open_dataset&utm_campaign=paywall_gallery","2026-06-05"
"1511601750","1Password: Password Manager","AgileBits Inc.","Productivity","7154","135","8.11.22","2025-12-09","2","6","0","No Free Trial - Soft Paywall","3 offer sets across month, year","3","apps/1password-password-manager-1511601750.md","screenshots/1password-password-manager-1511601750/cover.webp","screenshots/1password-password-manager-1511601750/cover.webp","screenshots/1password-password-manager-1511601750/paywall-monthly-7-99.webp|screenshots/1password-password-manager-1511601750/paywall-monthly-19-99.webp","https://www.paywallpro.app/apps/1Password:-Password-Manager-us?id=466&utm_source=github&utm_medium=open_dataset&utm_campaign=paywall_gallery","https://www.paywallpro.app/apps/1Password:-Password-Manager-us?id=466&utm_source=github&utm_medium=open_dataset&utm_campaign=paywall_gallery","2026-06-05"
"1669413773","LazyFit: Workout For Beginners","Next Vision Limited","Health & Fitness","7068","38","1.8.6","2026-03-26","7","4","6","Free Trial - Soft Paywall, No Free Trial - Soft Paywall","1 offer set across year","1","apps/lazyfit-workout-for-beginners-1669413773.md","screenshots/lazyfit-workout-for-beginners-1669413773/cover.webp","screenshots/lazyfit-workout-for-beginners-1669413773/cover.webp","screenshots/lazyfit-workout-for-beginners-1669413773/paywall-screen-2.webp|screenshots/lazyfit-workout-for-beginners-1669413773/paywall-screen-3.webp","https://www.paywallpro.app/apps/LazyFit:-Workout-For-Beginners-us?id=437&utm_source=github&utm_medium=open_dataset&utm_campaign=paywall_gallery","https://www.paywallpro.app/apps/LazyFit:-Workout-For-Beginners-us?id=437&utm_source=github&utm_medium=open_dataset&utm_campaign=paywall_gallery","2026-06-05"
"1085652055","Photo Collage - Collageable","IRONTECH LIMITED","Photo & Video","6509","91","3.13","2025-08-15","2","5","10","Free Trial - Soft Paywall","2 offer sets across week, year","2","apps/photo-collage-collageable-1085652055.md","screenshots/photo-collage-collageable-1085652055/cover.webp","screenshots/photo-collage-collageable-1085652055/cover.webp","screenshots/photo-collage-collageable-1085652055/paywall-annual-17-99.webp|screenshots/photo-collage-collageable-1085652055/paywall-screen-3.webp","https://www.paywallpro.app/apps/Photo-Collage---Collageable-us?id=500&utm_source=github&utm_medium=open_dataset&utm_campaign=paywall_gallery","https://www.paywallpro.app/apps/Photo-Collage---Collageable-us?id=500&utm_source=github&utm_medium=open_dataset&utm_campaign=paywall_gallery","2026-06-05"
"1477619146","Bark - Parental Controls","Bark Technologies, Inc.","Productivity","6435","158","5.3.5","2023-10-03","1","7","0","No Free Trial - Soft Paywall","1 offer set across month, year","1","apps/bark-parental-controls-1477619146.md","screenshots/bark-parental-controls-1477619146/cover.webp","screenshots/bark-parental-controls-1477619146/cover.webp","screenshots/bark-parental-controls-1477619146/paywall-screen-2.webp|screenshots/bark-parental-controls-1477619146/paywall-screen-3.webp","https://www.paywallpro.app/apps/Bark---Parental-Controls-us?id=413&utm_source=github&utm_medium=open_dataset&utm_campaign=paywall_gallery","https://www.paywallpro.app/apps/Bark---Parental-Controls-us?id=413&utm_source=github&utm_medium=open_dataset&utm_campaign=paywall_gallery","2026-06-05"
"6443885102","Outlier: Smart Sports Betting","Colorcast","Sports","6173","67","2.110.0","2025-09-04","2","4","0","Free Trial - Soft Paywall","2 offer sets across month, year","2","apps/outlier-smart-sports-betting-6443885102.md","screenshots/outlier-smart-sports-betting-6443885102/cover.webp","screenshots/outlier-smart-sports-betting-6443885102/cover.webp","screenshots/outlier-smart-sports-betting-6443885102/paywall-annual-199-99-299-99-359-99.webp|screenshots/outlier-smart-sports-betting-6443885102/paywall-screen-3.webp","https://www.paywallpro.app/apps/Outlier:-Smart-Sports-Betting-us?id=363&utm_source=github&utm_medium=open_dataset&utm_campaign=paywall_gallery","https://www.paywallpro.app/apps/Outlier:-Smart-Sports-Betting-us?id=363&utm_source=github&utm_medium=open_dataset&utm_campaign=paywall_gallery","2026-06-05"
"1634551626","CoinSnap: Coin Identifier","Next Vision Limited","Reference","5702","6","2.16.0","2026-02-10","10","3","4","Free Trial - Soft Paywall, No Free Trial - Soft Paywall","1 offer set across year","1","apps/coinsnap-coin-identifier-1634551626.md","screenshots/coinsnap-coin-identifier-1634551626/cover.webp","screenshots/coinsnap-coin-identifier-1634551626/cover.webp","screenshots/coinsnap-coin-identifier-1634551626/paywall-screen-2.webp|screenshots/coinsnap-coin-identifier-1634551626/paywall-screen-3.webp","https://www.paywallpro.app/apps/CoinSnap:-Coin-Identifier-us?id=258&utm_source=github&utm_medium=open_dataset&utm_campaign=paywall_gallery","https://www.paywallpro.app/apps/CoinSnap:-Coin-Identifier-us?id=258&utm_source=github&utm_medium=open_dataset&utm_campaign=paywall_gallery","2026-06-05"
"1561622206","Persona: AI Beauty Editor","Ticket To The Moon, Inc.","Photo & Video","5463","123","1.14.18","2025-09-10","2","8","2","No Free Trial - Soft Paywall","1 offer set across month, year, one-time purchase","1","apps/persona-ai-beauty-editor-1561622206.md","screenshots/persona-ai-beauty-editor-1561622206/cover.webp","screenshots/persona-ai-beauty-editor-1561622206/cover.webp","screenshots/persona-ai-beauty-editor-1561622206/paywall-screen-2.webp|screenshots/persona-ai-beauty-editor-1561622206/paywall-screen-3.webp","https://www.paywallpro.app/apps/Persona:-AI-Beauty-Editor-us?id=5780&utm_source=github&utm_medium=open_dataset&utm_campaign=paywall_gallery","https://www.paywallpro.app/apps/Persona:-AI-Beauty-Editor-us?id=5780&utm_source=github&utm_medium=open_dataset&utm_campaign=paywall_gallery","2026-06-05"
"6443517019","Reels Maker for Instagram BEAT","Onelight Apps CY Ltd","Photo & Video","5345","184","1.22.1","2025-12-05","3","7","4","No Free Trial - Soft Paywall","3 offer sets across week, month, year","3","apps/reels-maker-for-instagram-beat-6443517019.md","screenshots/reels-maker-for-instagram-beat-6443517019/cover.webp","screenshots/reels-maker-for-instagram-beat-6443517019/cover.webp","screenshots/reels-maker-for-instagram-beat-6443517019/paywall-weekly-3-44-1-15.webp|screenshots/reels-maker-for-instagram-beat-6443517019/paywall-annual-29-99.webp","https://www.paywallpro.app/apps/Reels-Maker-for-Instagram-BEAT-us?id=425513&utm_source=github&utm_medium=open_dataset&utm_campaign=paywall_gallery","https://www.paywallpro.app/apps/Reels-Maker-for-Instagram-BEAT-us?id=425513&utm_source=github&utm_medium=open_dataset&utm_campaign=paywall_gallery","2026-06-05"
"324613447","LastPass Password Manager","LastPass US LP","Productivity","4972","58","6.43.0","2026-01-13","2","6","5","No Free Trial - Soft Paywall","1 offer set across year","1","apps/lastpass-password-manager-324613447.md","screenshots/lastpass-password-manager-324613447/cover.webp","screenshots/lastpass-password-manager-324613447/cover.webp","screenshots/lastpass-password-manager-324613447/paywall-screen-2.webp|screenshots/lastpass-password-manager-324613447/paywall-screen-3.webp","https://www.paywallpro.app/apps/LastPass-Password-Manager-us?id=285&utm_source=github&utm_medium=open_dataset&utm_campaign=paywall_gallery","https://www.paywallpro.app/apps/LastPass-Password-Manager-us?id=285&utm_source=github&utm_medium=open_dataset&utm_campaign=paywall_gallery","2026-06-05"
"368494609","QR Reader for iPhone","TapMedia Ltd","Utilities","4460","107","9.6","2025-10-09","2","6","5","Free Trial - Soft Paywall","1 offer set across month","1","apps/qr-reader-for-iphone-368494609.md","screenshots/qr-reader-for-iphone-368494609/cover.webp","screenshots/qr-reader-for-iphone-368494609/cover.webp","screenshots/qr-reader-for-iphone-368494609/paywall-screen-2.webp|screenshots/qr-reader-for-iphone-368494609/paywall-screen-3.webp","https://www.paywallpro.app/apps/QR-Reader-for-iPhone-us?id=863&utm_source=github&utm_medium=open_dataset&utm_campaign=paywall_gallery","https://www.paywallpro.app/apps/QR-Reader-for-iPhone-us?id=863&utm_source=github&utm_medium=open_dataset&utm_campaign=paywall_gallery","2026-06-05"
"6470990632","FaceAi: Face Swap Any Video","Koi Apps","Photo & Video","4119","172","6.2","2025-11-15","3","9","3","No Free Trial - Soft Paywall","2 offer sets across week, year","2","apps/faceai-face-swap-any-video-6470990632.md","screenshots/faceai-face-swap-any-video-6470990632/cover.webp","screenshots/faceai-face-swap-any-video-6470990632/cover.webp","screenshots/faceai-face-swap-any-video-6470990632/paywall-annual-19-99.webp|screenshots/faceai-face-swap-any-video-6470990632/paywall-screen-3.webp","https://www.paywallpro.app/apps/FaceAi:-Face-Swap-Any-Video-us?id=528959&utm_source=github&utm_medium=open_dataset&utm_campaign=paywall_gallery","https://www.paywallpro.app/apps/FaceAi:-Face-Swap-Any-Video-us?id=528959&utm_source=github&utm_medium=open_dataset&utm_campaign=paywall_gallery","2026-06-05"
"1074367771","Welltory: Health, Heart Rate","Welltory inc","Health & Fitness","3964","51","4.47.0","2026-02-19","2","2","6","No Free Trial - Soft Paywall","1 offer set across year","1","apps/welltory-health-heart-rate-1074367771.md","screenshots/welltory-health-heart-rate-1074367771/cover.webp","screenshots/welltory-health-heart-rate-1074367771/cover.webp","screenshots/welltory-health-heart-rate-1074367771/paywall-screen-2.webp|screenshots/welltory-health-heart-rate-1074367771/paywall-screen-3.webp","https://www.paywallpro.app/apps/Welltory:-Health%2C-Heart-Rate-us?id=378&utm_source=github&utm_medium=open_dataset&utm_campaign=paywall_gallery","https://www.paywallpro.app/apps/Welltory:-Health%2C-Heart-Rate-us?id=378&utm_source=github&utm_medium=open_dataset&utm_campaign=paywall_gallery","2026-06-05"
"6499261254","AI Song Generator - Zona","Madduck","Music","3545","91","7.5.6","2026-03-02","1","7","8","No Free Trial - Soft Paywall","2 offer sets across week, year","2","apps/ai-song-generator-zona-6499261254.md","screenshots/ai-song-generator-zona-6499261254/cover.webp","screenshots/ai-song-generator-zona-6499261254/cover.webp","screenshots/ai-song-generator-zona-6499261254/paywall-annual-29-99.webp|screenshots/ai-song-generator-zona-6499261254/paywall-screen-3.webp","https://www.paywallpro.app/apps/AI-Song-Generator---Zona-us?id=1934478&utm_source=github&utm_medium=open_dataset&utm_campaign=paywall_gallery","https://www.paywallpro.app/apps/AI-Song-Generator---Zona-us?id=1934478&utm_source=github&utm_medium=open_dataset&utm_campaign=paywall_gallery","2026-06-05"
"1040149161","ScanGuru: PDF Scanner App","GM UniverseApps Limited","Business","3346","53","2.30.9","2025-12-01","4","6","11","Free Trial - Soft Paywall, No Free Trial - Soft Paywall","2 offer sets across week, month, year, one-time purchase","2","apps/scanguru-pdf-scanner-app-1040149161.md","screenshots/scanguru-pdf-scanner-app-1040149161/cover.webp","screenshots/scanguru-pdf-scanner-app-1040149161/cover.webp","screenshots/scanguru-pdf-scanner-app-1040149161/paywall-monthly-19-99.webp|screenshots/scanguru-pdf-scanner-app-1040149161/paywall-screen-3.webp","https://www.paywallpro.app/apps/ScanGuru:-PDF-Scanner-App-us?id=399&utm_source=github&utm_medium=open_dataset&utm_campaign=paywall_gallery","https://www.paywallpro.app/apps/ScanGuru:-PDF-Scanner-App-us?id=399&utm_source=github&utm_medium=open_dataset&utm_campaign=paywall_gallery","2026-06-05"
"1658972379","GraceChat","AI FANTASY INC","Social Networking","3145","43","2.1.5","2025-07-18","2","7","8","No Free Trial - Soft Paywall, Currency Paywall","1 offer set across month, year","1","apps/gracechat-1658972379.md","screenshots/gracechat-1658972379/cover.webp","screenshots/gracechat-1658972379/cover.webp","screenshots/gracechat-1658972379/paywall-currency-paywall.webp|screenshots/gracechat-1658972379/paywall-screen-3.webp","https://www.paywallpro.app/apps/GraceChat-us?id=1869477&utm_source=github&utm_medium=open_dataset&utm_campaign=paywall_gallery","https://www.paywallpro.app/apps/GraceChat-us?id=1869477&utm_source=github&utm_medium=open_dataset&utm_campaign=paywall_gallery","2026-06-05"
"1619382448","Forms for Google Docs","Aurora Innovation","Productivity","2816","68","1.9.49","2024-12-11","1","6","0","Free Trial - Soft Paywall","1 offer set across week","1","apps/forms-for-google-docs-1619382448.md","screenshots/forms-for-google-docs-1619382448/cover.webp","screenshots/forms-for-google-docs-1619382448/cover.webp","screenshots/forms-for-google-docs-1619382448/paywall-screen-2.webp|screenshots/forms-for-google-docs-1619382448/paywall-screen-3.webp","https://www.paywallpro.app/apps/Forms-for-Google-Docs-us?id=694380&utm_source=github&utm_medium=open_dataset&utm_campaign=paywall_gallery","https://www.paywallpro.app/apps/Forms-for-Google-Docs-us?id=694380&utm_source=github&utm_medium=open_dataset&utm_campaign=paywall_gallery","2026-06-05"
"1579881271","Clean Manager: Storage Cleaner","Quiet","Utilities","2560","90","5.5.47","2026-01-07","1","9","5","Free Trial - Soft Paywall","1 offer set across week, year","1","apps/clean-manager-storage-cleaner-1579881271.md","screenshots/clean-manager-storage-cleaner-1579881271/cover.webp","screenshots/clean-manager-storage-cleaner-1579881271/cover.webp","screenshots/clean-manager-storage-cleaner-1579881271/paywall-screen-2.webp|screenshots/clean-manager-storage-cleaner-1579881271/paywall-screen-3.webp","https://www.paywallpro.app/apps/Clean-Manager:-Storage-Cleaner-us?id=1950653&utm_source=github&utm_medium=open_dataset&utm_campaign=paywall_gallery","https://www.paywallpro.app/apps/Clean-Manager:-Storage-Cleaner-us?id=1950653&utm_source=github&utm_medium=open_dataset&utm_campaign=paywall_gallery","2026-06-05"
"6471547318","Muscle Monster Workout Planner","TechPioneers Limited","Health & Fitness","2258","198","2.3.0","2024-08-03","1","37","0","No Free Trial - Soft Paywall","3 offer sets across month, half year, year","3","apps/muscle-monster-workout-planner-6471547318.md","screenshots/muscle-monster-workout-planner-6471547318/cover.webp","screenshots/muscle-monster-workout-planner-6471547318/cover.webp","screenshots/muscle-monster-workout-planner-6471547318/paywall-annual-37-99.webp|screenshots/muscle-monster-workout-planner-6471547318/paywall-annual-29-99.webp","https://www.paywallpro.app/apps/Muscle-Monster-Workout-Planner-us?id=13313&utm_source=github&utm_medium=open_dataset&utm_campaign=paywall_gallery","https://www.paywallpro.app/apps/Muscle-Monster-Workout-Planner-us?id=13313&utm_source=github&utm_medium=open_dataset&utm_campaign=paywall_gallery","2026-06-05"
"1158555867","Replika - AI Friend","Luka, Inc.","Health & Fitness","2122","188","10.4.12","2025-10-06","4","24","6","No Free Trial - Soft Paywall","3 offer sets across year","3","apps/replika-ai-friend-1158555867.md","screenshots/replika-ai-friend-1158555867/cover.webp","screenshots/replika-ai-friend-1158555867/cover.webp","screenshots/replika-ai-friend-1158555867/paywall-annual-89-99-79-99.webp|screenshots/replika-ai-friend-1158555867/paywall-annual-89-99-79-99-69-99.webp","https://www.paywallpro.app/apps/Replika---AI-Friend-us?id=359&utm_source=github&utm_medium=open_dataset&utm_campaign=paywall_gallery","https://www.paywallpro.app/apps/Replika---AI-Friend-us?id=359&utm_source=github&utm_medium=open_dataset&utm_campaign=paywall_gallery","2026-06-05"
"651092377","Tennis Channel","Tennis Channel","Sports","1913","177","10.5.0","2025-12-15","3","4","5","No Free Trial - Soft Paywall","1 offer set across month, year","1","apps/tennis-channel-651092377.md","screenshots/tennis-channel-651092377/cover.webp","screenshots/tennis-channel-651092377/cover.webp","screenshots/tennis-channel-651092377/paywall-screen-2.webp|screenshots/tennis-channel-651092377/paywall-screen-3.webp","https://www.paywallpro.app/apps/Tennis-Channel-us?id=919&utm_source=github&utm_medium=open_dataset&utm_campaign=paywall_gallery","https://www.paywallpro.app/apps/Tennis-Channel-us?id=919&utm_source=github&utm_medium=open_dataset&utm_campaign=paywall_gallery","2026-06-05"
"1361356590","Balance: Meditation & Sleep","The Mind Company","Health & Fitness","1739","190","1.192.0","2026-01-12","4","20","8","Free Trial - Soft Paywall, No Free Trial - Soft Paywall","4 offer sets across month, year","4","apps/balance-meditation-and-sleep-1361356590.md","screenshots/balance-meditation-and-sleep-1361356590/cover.webp","screenshots/balance-meditation-and-sleep-1361356590/cover.webp","screenshots/balance-meditation-and-sleep-1361356590/paywall-annual-29-99.webp|screenshots/balance-meditation-and-sleep-1361356590/paywall-annual-23-99-39-99.webp","https://www.paywallpro.app/apps/Balance:-Meditation-&-Sleep-us?id=397&utm_source=github&utm_medium=open_dataset&utm_campaign=paywall_gallery","https://www.paywallpro.app/apps/Balance:-Meditation-&-Sleep-us?id=397&utm_source=github&utm_medium=open_dataset&utm_campaign=paywall_gallery","2026-06-05"
"6532588521","QUITTR - Break Free Now","Quittr, LLC","Health & Fitness","1405","67","96.0","2025-02-13","2","5","0","No Free Trial - Soft Paywall","1 offer set across month, year","1","apps/quittr-break-free-now-6532588521.md","screenshots/quittr-break-free-now-6532588521/cover.webp","screenshots/quittr-break-free-now-6532588521/cover.webp","screenshots/quittr-break-free-now-6532588521/paywall-screen-2.webp|screenshots/quittr-break-free-now-6532588521/paywall-screen-3.webp","https://www.paywallpro.app/apps/QUITTR---Break-Free-Now-us?id=1259824&utm_source=github&utm_medium=open_dataset&utm_campaign=paywall_gallery","https://www.paywallpro.app/apps/QUITTR---Break-Free-Now-us?id=1259824&utm_source=github&utm_medium=open_dataset&utm_campaign=paywall_gallery","2026-06-05"
"778772892","HuntStand: GPS Maps & Tools","GSM Outdoors","Sports","1370","63","8.0.59","2025-11-06","3","15","2","No Free Trial - Soft Paywall","1 offer set across year","1","apps/huntstand-gps-maps-and-tools-778772892.md","screenshots/huntstand-gps-maps-and-tools-778772892/cover.webp","screenshots/huntstand-gps-maps-and-tools-778772892/cover.webp","screenshots/huntstand-gps-maps-and-tools-778772892/paywall-screen-2.webp|screenshots/huntstand-gps-maps-and-tools-778772892/paywall-screen-3.webp","https://www.paywallpro.app/apps/HuntStand:-GPS-Maps-&-Tools-us?id=491&utm_source=github&utm_medium=open_dataset&utm_campaign=paywall_gallery","https://www.paywallpro.app/apps/HuntStand:-GPS-Maps-&-Tools-us?id=491&utm_source=github&utm_medium=open_dataset&utm_campaign=paywall_gallery","2026-06-05"
"878691772","Pillow: Sleep Tracker","Neybox Digital Ltd.","Health & Fitness","1200","196","5.2","2024-09-26","2","14","3","Free Trial - Soft Paywall","1 offer set across month, year","1","apps/pillow-sleep-tracker-878691772.md","screenshots/pillow-sleep-tracker-878691772/cover.webp","screenshots/pillow-sleep-tracker-878691772/cover.webp","screenshots/pillow-sleep-tracker-878691772/paywall-screen-2.webp|screenshots/pillow-sleep-tracker-878691772/paywall-screen-3.webp","https://www.paywallpro.app/apps/Pillow:-Sleep-Tracker-us?id=718&utm_source=github&utm_medium=open_dataset&utm_campaign=paywall_gallery","https://www.paywallpro.app/apps/Pillow:-Sleep-Tracker-us?id=718&utm_source=github&utm_medium=open_dataset&utm_campaign=paywall_gallery","2026-06-05"
"1573101225","LEGO® DUPLO® MARVEL","StoryToys Limited","Education","992","181","19.0.0","2025-08-28","2","16","5","No Free Trial - Soft Paywall","1 offer set across month, year","1","apps/lego-duplo-marvel-1573101225.md","screenshots/lego-duplo-marvel-1573101225/cover.webp","screenshots/lego-duplo-marvel-1573101225/cover.webp","screenshots/lego-duplo-marvel-1573101225/paywall-screen-2.webp|screenshots/lego-duplo-marvel-1573101225/paywall-screen-3.webp","https://www.paywallpro.app/apps/LEGO%C2%AE-DUPLO%C2%AE-MARVEL-us?id=753&utm_source=github&utm_medium=open_dataset&utm_campaign=paywall_gallery","https://www.paywallpro.app/apps/LEGO%C2%AE-DUPLO%C2%AE-MARVEL-us?id=753&utm_source=github&utm_medium=open_dataset&utm_campaign=paywall_gallery","2026-06-05"
"1514546162","Real - Sports","Real Vault, Inc.","Sports","976","16","10.27","2025-10-16","2","7","10","No Free Trial - Soft Paywall","1 offer set across month","1","apps/real-sports-1514546162.md","screenshots/real-sports-1514546162/cover.webp","screenshots/real-sports-1514546162/cover.webp","screenshots/real-sports-1514546162/paywall-screen-2.webp|screenshots/real-sports-1514546162/paywall-screen-3.webp","https://www.paywallpro.app/apps/Real---Sports-us?id=3913&utm_source=github&utm_medium=open_dataset&utm_campaign=paywall_gallery","https://www.paywallpro.app/apps/Real---Sports-us?id=3913&utm_source=github&utm_medium=open_dataset&utm_campaign=paywall_gallery","2026-06-05"
